,Z_res,X_res,Y_res,num_Zs,num_Xs,num_Ys,num_channels,path,condition,sigma_noise,pixel_sum,pixel_mean,pixel_max,pixel_min,folder,year,n_czi_files,acquired_by,cell_type,sex
0,0.440813408547905,0.0131788225549815,0.0131788225549815,14,1024,1024,2,../data/raw_data/aged/20191219PlaminOldSlide12exp20191209/Image 37.czi,aged,6.02364718203158,232150217,15.8139785357884,255,0,20191219PlaminOldSlide12exp20191209,2019,16,Microscopist 1,HSC,unknown
1,0.440813408547905,0.0131788225549815,0.0131788225549815,15,1024,1024,2,../data/raw_data/aged/20191219PlaminOldSlide12exp20191209/Image 38.czi,aged,5.94903133942265,247427293,15.7310036341349,255,0,20191219PlaminOldSlide12exp20191209,2019,16,Microscopist 1,HSC,unknown
2,0.440813408547905,0.0131788225549815,0.0131788225549815,14,1024,1024,2,../data/raw_data/aged/20191219PlaminOldSlide12exp20191209/Image 39.czi,aged,5.71594409771709,220974640,15.0527027675084,255,0,20191219PlaminOldSlide12exp20191209,2019,16,Microscopist 1,HSC,unknown
3,0.440813408547905,0.0131788225549815,0.0131788225549815,16,1024,1024,2,../data/raw_data/aged/20191219PlaminOldSlide12exp20191209/Image 40.czi,aged,5.48890610166244,231082917,13.7736151814461,255,0,20191219PlaminOldSlide12exp20191209,2019,16,Microscopist 1,HSC,unknown
4,0.440813408547905,0.0131788225549815,0.0131788225549815,15,1024,1024,2,../data/raw_data/aged/20191219PlaminOldSlide12exp20191209/Image 41.czi,aged,5.51076749942338,230969028,14.6846153259277,255,0,20191219PlaminOldSlide12exp20191209,2019,16,Microscopist 1,HSC,unknown
5,0.440813408547905,0.0131788225549815,0.0131788225549815,16,1024,1024,2,../data/raw_data/aged/20191219PlaminOldSlide12exp20191209/Image 42.czi,aged,5.91078934662254,232025605,13.8298037648201,255,0,20191219PlaminOldSlide12exp20191209,2019,16,Microscopist 1,HSC,unknown
6,0.440813408547905,0.0131788225549815,0.0131788225549815,18,1024,1024,2,../data/raw_data/aged/20191219PlaminOldSlide12exp20191209/Image 43.czi,aged,6.01457634475381,238217733,12.6212296485901,255,0,20191219PlaminOldSlide12exp20191209,2019,16,Microscopist 1,HSC,unknown
7,0.440813408547905,0.0131788225549815,0.0131788225549815,16,1024,1024,2,../data/raw_data/aged/20191219PlaminOldSlide12exp20191209/Image 44.czi,aged,5.84245343939165,223067360,13.2958507537842,255,0,20191219PlaminOldSlide12exp20191209,2019,16,Microscopist 1,HSC,unknown
8,0.440813408547905,0.0131788225549815,0.0131788225549815,15,1024,1024,2,../data/raw_data/aged/20191219PlaminOldSlide12exp20191209/Image 45.czi,aged,5.65718565756705,228625148,14.5355954488118,255,0,20191219PlaminOldSlide12exp20191209,2019,16,Microscopist 1,HSC,unknown
9,0.440813408547905,0.0131788225549815,0.0131788225549815,18,1024,1024,2,../data/raw_data/aged/20191219PlaminOldSlide12exp20191209/Image 46.czi,aged,6.0495208058511,248302376,13.1555332607693,255,0,20191219PlaminOldSlide12exp20191209,2019,16,Microscopist 1,HSC,unknown
10,0.440813408547905,0.0131788225549815,0.0131788225549815,15,1024,1024,2,../data/raw_data/aged/20191219PlaminOldSlide12exp20191209/Image 47.czi,aged,5.74956623357781,233501512,14.8456263224284,255,0,20191219PlaminOldSlide12exp20191209,2019,16,Microscopist 1,HSC,unknown
11,0.440813408547905,0.0131788225549815,0.0131788225549815,15,1024,1024,2,../data/raw_data/aged/20191219PlaminOldSlide12exp20191209/Image 49.czi,aged,5.50255760792796,234194162,14.8896638234456,255,0,20191219PlaminOldSlide12exp20191209,2019,16,Microscopist 1,HSC,unknown
12,0.440813408547905,0.0131788225549815,0.0131788225549815,16,1024,1024,2,../data/raw_data/aged/20191219PlaminOldSlide12exp20191209/Image 50.czi,aged,6.05422510109101,240999679,14.3647002577782,255,0,20191219PlaminOldSlide12exp20191209,2019,16,Microscopist 1,HSC,unknown
13,0.440813408547905,0.0131788225549815,0.0131788225549815,17,1024,1024,2,../data/raw_data/aged/20191219PlaminOldSlide12exp20191209/Image 51.czi,aged,5.56148492467903,246965803,13.8544084324556,255,0,20191219PlaminOldSlide12exp20191209,2019,16,Microscopist 1,HSC,unknown
14,0.440813408547905,0.0131788225549815,0.0131788225549815,16,1024,1024,2,../data/raw_data/aged/20191219PlaminOldSlide12exp20191209/Image 52.czi,aged,5.96637994371914,235648896,14.045768737793,255,0,20191219PlaminOldSlide12exp20191209,2019,16,Microscopist 1,HSC,unknown
15,0.440813408547905,0.0131788225549815,0.0131788225549815,17,1024,1024,2,../data/raw_data/aged/20191219PlaminOldSlide12exp20191209/Image 53.czi,aged,5.45773489550802,253694399,14.2318725024953,255,0,20191219PlaminOldSlide12exp20191209,2019,16,Microscopist 1,HSC,unknown
16,0.440813408547905,0.0131788225549815,0.0131788225549815,15,1024,1024,2,../data/raw_data/aged/20191220PlaminSlide12Oldexp20191209/Image 37.czi,aged,6.0128544531891,263713197,16.7664335250855,255,0,20191220PlaminSlide12Oldexp20191209,2019,3,Microscopist 1,HSC,unknown
17,0.440813408547905,0.0131788225549815,0.0131788225549815,14,1024,1024,2,../data/raw_data/aged/20191220PlaminSlide12Oldexp20191209/Image 38.czi,aged,6.20173489474415,255430316,17.3998094286237,255,0,20191220PlaminSlide12Oldexp20191209,2019,3,Microscopist 1,HSC,unknown
18,0.440813408547905,0.0131788225549815,0.0131788225549815,15,1024,1024,2,../data/raw_data/aged/20191220PlaminSlide12Oldexp20191209/Image 39.czi,aged,6.01119437475047,271388590,17.2544218699137,255,0,20191220PlaminSlide12Oldexp20191209,2019,3,Microscopist 1,HSC,unknown
19,0.440813408547905,0.0131788225549815,0.0131788225549815,15,1024,1024,2,../data/raw_data/aged/20191220Stag2OldSlide8exp20191209/Image 6.czi,aged,5.82930856292921,336200339,21.3750418980916,255,0,20191220Stag2OldSlide8exp20191209,2019,4,Microscopist 1,HSC,unknown
20,0.440813408547905,0.0131788225549815,0.0131788225549815,17,1024,1024,2,../data/raw_data/aged/20191220Stag2OldSlide8exp20191209/Image 7.czi,aged,6.37839321874519,349121450,19.5851858924417,255,0,20191220Stag2OldSlide8exp20191209,2019,4,Microscopist 1,HSC,unknown
21,0.440813408547905,0.0131788225549815,0.0131788225549815,17,1024,1024,2,../data/raw_data/aged/20191220Stag2OldSlide8exp20191209/Image 8.czi,aged,6.26530469360905,353518800,19.8318705839269,255,0,20191220Stag2OldSlide8exp20191209,2019,4,Microscopist 1,HSC,unknown
22,0.440813408547905,0.0131788225549815,0.0131788225549815,15,1024,1024,2,../data/raw_data/aged/20191220Stag2OldSlide8exp20191209/Image 9.czi,aged,6.5192461358666,337127560,21.4339930216471,255,0,20191220Stag2OldSlide8exp20191209,2019,4,Microscopist 1,HSC,unknown
23,0.440813408547905,0.0131788225549815,0.0131788225549815,16,1024,1024,2,../data/raw_data/aged/20200130PlaminOld slide2exp200122/Image 22.czi,aged,3.9446565624667,165669024,9.87464332580566,255,0,20200130PlaminOld slide2exp200122,2020,6,Microscopist 1,HSC,unknown
24,0.440813408547905,0.0131788225549815,0.0131788225549815,15,1024,1024,2,../data/raw_data/aged/20200130PlaminOld slide2exp200122/Image 23.czi,aged,3.78171155785726,179982293,11.4429660161336,255,0,20200130PlaminOld slide2exp200122,2020,6,Microscopist 1,HSC,unknown
25,0.440813408547905,0.0131788225549815,0.0131788225549815,16,1024,1024,2,../data/raw_data/aged/20200130PlaminOld slide2exp200122/Image 24.czi,aged,3.95900013791355,181726813,10.8317621350288,255,0,20200130PlaminOld slide2exp200122,2020,6,Microscopist 1,HSC,unknown
26,0.440813408547905,0.0131788225549815,0.0131788225549815,15,1024,1024,2,../data/raw_data/aged/20200130PlaminOld slide2exp200122/Image 25.czi,aged,3.64917559570622,168096011,10.6872565587362,255,0,20200130PlaminOld slide2exp200122,2020,6,Microscopist 1,HSC,unknown
27,0.440813408547905,0.0131788225549815,0.0131788225549815,14,1024,1024,2,../data/raw_data/aged/20200130PlaminOld slide2exp200122/Image 26.czi,aged,4.01883365079584,172756738,11.7681188583374,255,0,20200130PlaminOld slide2exp200122,2020,6,Microscopist 1,HSC,unknown
28,0.440813408547905,0.0131788225549815,0.0131788225549815,16,1024,1024,2,../data/raw_data/aged/20200130PlaminOld slide2exp200122/Image 27.czi,aged,4.01362272575285,197534484,11.7739727497101,255,0,20200130PlaminOld slide2exp200122,2020,6,Microscopist 1,HSC,unknown
29,0.440813408547905,0.0131788225549815,0.0131788225549815,17,1024,1024,2,../data/raw_data/aged/20200207PlaminOld slide2exp200122/Image 10.czi,aged,4.75297802388375,199777361,11.2072081285364,255,0,20200207PlaminOld slide2exp200122,2020,12,Microscopist 1,HSC,unknown
30,0.440813408547905,0.0131788225549815,0.0131788225549815,21,1024,1024,2,../data/raw_data/aged/20200207PlaminOld slide2exp200122/Image 11.czi,aged,5.6774940403643,383449332,17.4136085510254,255,0,20200207PlaminOld slide2exp200122,2020,12,Microscopist 1,HSC,unknown
31,0.440813408547905,0.0131788225549815,0.0131788225549815,17,1024,1024,2,../data/raw_data/aged/20200207PlaminOld slide2exp200122/Image 12.czi,aged,5.20398717401733,219737219,12.3269260069903,255,0,20200207PlaminOld slide2exp200122,2020,12,Microscopist 1,HSC,unknown
32,0.440813408547905,0.0131788225549815,0.0131788225549815,15,1024,1024,2,../data/raw_data/aged/20200207PlaminOld slide2exp200122/Image 13.czi,aged,4.78061272721962,193297698,12.2895366668701,255,0,20200207PlaminOld slide2exp200122,2020,12,Microscopist 1,HSC,unknown
33,0.440813408547905,0.0131788225549815,0.0131788225549815,19,1024,1024,2,../data/raw_data/aged/20200207PlaminOld slide2exp200122/Image 14.czi,aged,4.63218017465805,211034662,10.5925440537302,255,0,20200207PlaminOld slide2exp200122,2020,12,Microscopist 1,HSC,unknown
34,0.440813408547905,0.0131788225549815,0.0131788225549815,17,1024,1024,2,../data/raw_data/aged/20200207PlaminOld slide2exp200122/Image 15.czi,aged,5.00093203361646,221086546,12.4026212131276,255,0,20200207PlaminOld slide2exp200122,2020,12,Microscopist 1,HSC,unknown
35,0.440813408547905,0.0131788225549815,0.0131788225549815,16,1024,1024,2,../data/raw_data/aged/20200207PlaminOld slide2exp200122/Image 16.czi,aged,5.08079798922003,213226582,12.7092946767807,255,0,20200207PlaminOld slide2exp200122,2020,12,Microscopist 1,HSC,unknown
36,0.440813408547905,0.0131788225549815,0.0131788225549815,19,1024,1024,2,../data/raw_data/aged/20200207PlaminOld slide2exp200122/Image 17.czi,aged,4.87522182459818,231203667,11.6048946882549,255,0,20200207PlaminOld slide2exp200122,2020,12,Microscopist 1,HSC,unknown
37,0.440813408547905,0.0131788225549815,0.0131788225549815,17,1024,1024,2,../data/raw_data/aged/20200207PlaminOld slide2exp200122/Image 18.czi,aged,5.12296776977821,223073102,12.5140640034395,255,0,20200207PlaminOld slide2exp200122,2020,12,Microscopist 1,HSC,unknown
38,0.440813408547905,0.0131788225549815,0.0131788225549815,17,1024,1024,2,../data/raw_data/aged/20200207PlaminOld slide2exp200122/Image 19.czi,aged,4.84928638765258,217282820,12.1892379311954,255,0,20200207PlaminOld slide2exp200122,2020,12,Microscopist 1,HSC,unknown
39,0.440813408547905,0.0131788225549815,0.0131788225549815,16,1024,1024,2,../data/raw_data/aged/20200207PlaminOld slide2exp200122/Image 20.czi,aged,5.235195349132,207063530,12.3419481515884,255,0,20200207PlaminOld slide2exp200122,2020,12,Microscopist 1,HSC,unknown
40,0.440813408547905,0.0131788225549815,0.0131788225549815,19,1024,1024,2,../data/raw_data/aged/20200207PlaminOld slide2exp200122/Image 9.czi,aged,4.87965017976211,216173127,10.8504610061646,255,0,20200207PlaminOld slide2exp200122,2020,12,Microscopist 1,HSC,unknown
41,0.440813408547905,0.0131788225549815,0.0131788225549815,19,1024,1024,2,../data/raw_data/aged/20200212cdk8OldSlide620200122exp/Image 46.czi,aged,6.36100542649706,416907069,20.9259770543952,255,0,20200212cdk8OldSlide620200122exp,2020,21,Microscopist 1,HSC,unknown
42,0.440813408547905,0.0131788225549815,0.0131788225549815,19,1024,1024,2,../data/raw_data/aged/20200212cdk8OldSlide620200122exp/Image 47.czi,aged,6.37328935717715,387685425,19.4592438246074,255,0,20200212cdk8OldSlide620200122exp,2020,21,Microscopist 1,HSC,unknown
43,0.440813408547905,0.0131788225549815,0.0131788225549815,19,1024,1024,2,../data/raw_data/aged/20200212cdk8OldSlide620200122exp/Image 48.czi,aged,6.81886295493784,398448599,19.9994839618081,255,0,20200212cdk8OldSlide620200122exp,2020,21,Microscopist 1,HSC,unknown
44,0.440813408547905,0.0131788225549815,0.0131788225549815,17,1024,1024,2,../data/raw_data/aged/20200212cdk8OldSlide620200122exp/Image 49.czi,aged,6.87245572039375,379328136,21.2797353407916,255,0,20200212cdk8OldSlide620200122exp,2020,21,Microscopist 1,HSC,unknown
45,0.440813408547905,0.0131788225549815,0.0131788225549815,17,1024,1024,2,../data/raw_data/aged/20200212cdk8OldSlide620200122exp/Image 50.czi,aged,6.49039010837188,390712093,21.9183581296135,255,0,20200212cdk8OldSlide620200122exp,2020,21,Microscopist 1,HSC,unknown
46,0.440813408547905,0.0131788225549815,0.0131788225549815,17,1024,1024,2,../data/raw_data/aged/20200212cdk8OldSlide620200122exp/Image 51.czi,aged,6.37305866745004,404511749,22.6924979826983,255,0,20200212cdk8OldSlide620200122exp,2020,21,Microscopist 1,HSC,unknown
47,0.440813408547905,0.0131788225549815,0.0131788225549815,19,1024,1024,2,../data/raw_data/aged/20200212cdk8OldSlide620200122exp/Image 52.czi,aged,6.34006678764457,409671322,20.562790418926,255,0,20200212cdk8OldSlide620200122exp,2020,21,Microscopist 1,HSC,unknown
48,0.440813408547905,0.0131788225549815,0.0131788225549815,16,1024,1024,2,../data/raw_data/aged/20200212cdk8OldSlide620200122exp/Image 53.czi,aged,6.97047769433868,391811866,23.353807091713,255,0,20200212cdk8OldSlide620200122exp,2020,21,Microscopist 1,HSC,unknown
49,0.440813408547905,0.0131788225549815,0.0131788225549815,18,1024,1024,2,../data/raw_data/aged/20200212cdk8OldSlide620200122exp/Image 54.czi,aged,7.18255620267705,424831086,22.5083608627319,255,0,20200212cdk8OldSlide620200122exp,2020,21,Microscopist 1,HSC,unknown
50,0.440813408547905,0.0131788225549815,0.0131788225549815,19,1024,1024,2,../data/raw_data/aged/20200212cdk8OldSlide620200122exp/Image 55.czi,aged,6.98170089607233,457955462,22.9863348509136,255,0,20200212cdk8OldSlide620200122exp,2020,21,Microscopist 1,HSC,unknown
51,0.440813408547905,0.0131788225549815,0.0131788225549815,16,1024,1024,2,../data/raw_data/aged/20200212cdk8OldSlide620200122exp/Image 56.czi,aged,7.71488332230015,436093285,25.9931853413582,255,0,20200212cdk8OldSlide620200122exp,2020,21,Microscopist 1,HSC,unknown
52,0.440813408547905,0.0131788225549815,0.0131788225549815,18,1024,1024,2,../data/raw_data/aged/20200212cdk8OldSlide620200122exp/Image 57.czi,aged,7.22587943187079,437677610,23.1889941957262,255,0,20200212cdk8OldSlide620200122exp,2020,21,Microscopist 1,HSC,unknown
53,0.440813408547905,0.0131788225549815,0.0131788225549815,17,1024,1024,2,../data/raw_data/aged/20200212cdk8OldSlide620200122exp/Image 58.czi,aged,7.02960479425382,426525828,23.9274545557359,255,0,20200212cdk8OldSlide620200122exp,2020,21,Microscopist 1,HSC,unknown
54,0.440813408547905,0.0131788225549815,0.0131788225549815,18,1024,1024,2,../data/raw_data/aged/20200212cdk8OldSlide620200122exp/Image 59.czi,aged,7.75505527121765,465283108,24.6515861087375,255,0,20200212cdk8OldSlide620200122exp,2020,21,Microscopist 1,HSC,unknown
55,0.440813408547905,0.0131788225549815,0.0131788225549815,18,1024,1024,2,../data/raw_data/aged/20200212cdk8OldSlide620200122exp/Image 60.czi,aged,7.71576083085972,444301326,23.5399312973023,255,0,20200212cdk8OldSlide620200122exp,2020,21,Microscopist 1,HSC,unknown
56,0.440813408547905,0.0131788225549815,0.0131788225549815,16,1024,1024,2,../data/raw_data/aged/20200212cdk8OldSlide620200122exp/Image 61.czi,aged,7.65837824768373,428436477,25.5368040204048,255,0,20200212cdk8OldSlide620200122exp,2020,21,Microscopist 1,HSC,unknown
57,0.440813408547905,0.0131788225549815,0.0131788225549815,18,1024,1024,2,../data/raw_data/aged/20200212cdk8OldSlide620200122exp/Image 62.czi,aged,7.38613453565822,421956567,22.3560633659363,255,0,20200212cdk8OldSlide620200122exp,2020,21,Microscopist 1,HSC,unknown
58,0.440813408547905,0.0131788225549815,0.0131788225549815,19,1024,1024,2,../data/raw_data/aged/20200212cdk8OldSlide620200122exp/Image 63.czi,aged,6.82505845201535,430250577,21.5957328896774,255,0,20200212cdk8OldSlide620200122exp,2020,21,Microscopist 1,HSC,unknown
59,0.440813408547905,0.0131788225549815,0.0131788225549815,16,1024,1024,2,../data/raw_data/aged/20200212cdk8OldSlide620200122exp/Image 64.czi,aged,7.49806961215882,404247574,24.0950330495834,255,0,20200212cdk8OldSlide620200122exp,2020,21,Microscopist 1,HSC,unknown
60,0.440813408547905,0.0131788225549815,0.0131788225549815,18,1024,1024,2,../data/raw_data/aged/20200212cdk8OldSlide620200122exp/Image 65.czi,aged,7.52411211257937,405112198,21.4636165830824,255,0,20200212cdk8OldSlide620200122exp,2020,21,Microscopist 1,HSC,unknown
61,0.440813408547905,0.0131788225549815,0.0131788225549815,17,1024,1024,2,../data/raw_data/aged/20200212cdk8OldSlide620200122exp/Image 66.czi,aged,6.82873292487188,393366084,22.0672430150649,255,0,20200212cdk8OldSlide620200122exp,2020,21,Microscopist 1,HSC,unknown
62,0.4,0.0131788225549815,0.0131788225549815,24,1024,1024,2,../data/raw_data/aged/20201026expAged1/Image 1.czi,aged,3.39218993664738,321938913,12.7927030324936,255,0,20201026expAged1,2020,14,Microscopist 1,HSC,unknown
63,0.4,0.0131788225549815,0.0131788225549815,21,1024,1024,2,../data/raw_data/aged/20201026expAged1/Image 10.czi,aged,3.10084482219764,115617577,5.25054827190581,222,0,20201026expAged1,2020,14,Microscopist 1,HSC,unknown
64,0.4,0.0131788225549815,0.0131788225549815,24,1024,1024,2,../data/raw_data/aged/20201026expAged1/Image 12.czi,aged,3.18396912155239,129644546,5.15161140759786,212,0,20201026expAged1,2020,14,Microscopist 1,HSC,unknown
65,0.4,0.0131788225549815,0.0131788225549815,23,1024,1024,2,../data/raw_data/aged/20201026expAged1/Image 13.czi,aged,2.95045968834425,116036471,4.81134791996168,192,0,20201026expAged1,2020,14,Microscopist 1,HSC,unknown
66,0.4,0.0131788225549815,0.0131788225549815,24,1024,1024,2,../data/raw_data/aged/20201026expAged1/Image 14.czi,aged,3.09481820172115,114786058,4.56118814150492,214,0,20201026expAged1,2020,14,Microscopist 1,HSC,unknown
67,0.4,0.0131788225549815,0.0131788225549815,23,1024,1024,2,../data/raw_data/aged/20201026expAged1/Image 15.czi,aged,3.08660831022574,112905497,4.68152489869491,201,0,20201026expAged1,2020,14,Microscopist 1,HSC,unknown
68,0.4,0.0131788225549815,0.0131788225549815,24,1024,1024,2,../data/raw_data/aged/20201026expAged1/Image 16.czi,aged,3.0176421469396,114151816,4.53598562876384,208,0,20201026expAged1,2020,14,Microscopist 1,HSC,unknown
69,0.4,0.0131788225549815,0.0131788225549815,23,1024,1024,2,../data/raw_data/aged/20201026expAged1/Image 17.czi,aged,2.95579423963941,112688861,4.67254228177278,212,0,20201026expAged1,2020,14,Microscopist 1,HSC,unknown
70,0.4,0.0131788225549815,0.0131788225549815,19,1024,1024,2,../data/raw_data/aged/20201026expAged1/Image 4.czi,aged,4.14512886552051,147897421,7.42347220370644,255,0,20201026expAged1,2020,14,Microscopist 1,HSC,unknown
71,0.4,0.0131788225549815,0.0131788225549815,23,1024,1024,2,../data/raw_data/aged/20201026expAged1/Image 5.czi,aged,4.08643223849655,169045609,7.00932415671971,255,0,20201026expAged1,2020,14,Microscopist 1,HSC,unknown
72,0.4,0.0131788225549815,0.0131788225549815,22,1024,1024,2,../data/raw_data/aged/20201026expAged1/Image 6.czi,aged,4.1024977055081,154920507,6.71562311866067,255,0,20201026expAged1,2020,14,Microscopist 1,HSC,unknown
73,0.4,0.0131788225549815,0.0131788225549815,24,1024,1024,2,../data/raw_data/aged/20201026expAged1/Image 7.czi,aged,3.34084225533648,140280313,5.57423881689708,233,0,20201026expAged1,2020,14,Microscopist 1,HSC,unknown
74,0.4,0.0131788225549815,0.0131788225549815,25,1024,1024,2,../data/raw_data/aged/20201026expAged1/Image 8.czi,aged,3.15729636507659,126181021,4.81342395782471,204,0,20201026expAged1,2020,14,Microscopist 1,HSC,unknown
75,0.4,0.0131788225549815,0.0131788225549815,22,1024,1024,2,../data/raw_data/aged/20201026expAged1/Image 9.czi,aged,3.3637334754808,123237657,5.34220855886286,228,0,20201026expAged1,2020,14,Microscopist 1,HSC,unknown
76,0.4,0.0131788225549815,0.0131788225549815,30,1024,1024,2,../data/raw_data/aged/20201026expAged2Untreated/Image 33.czi,aged,2.45708925587703,250892093,7.97564484278361,255,0,20201026expAged2Untreated,2020,4,Microscopist 1,HSC,unknown
77,0.4,0.0131788225549815,0.0131788225549815,30,1024,1024,2,../data/raw_data/aged/20201026expAged2Untreated/Image 34.czi,aged,2.41767118926693,229383788,7.29191424051921,255,0,20201026expAged2Untreated,2020,4,Microscopist 1,HSC,unknown
78,0.4,0.0131788225549815,0.0131788225549815,28,1024,1024,2,../data/raw_data/aged/20201026expAged2Untreated/Image 35.czi,aged,2.47229377710623,226319332,7.70839050837926,255,0,20201026expAged2Untreated,2020,4,Microscopist 1,HSC,unknown
79,0.4,0.0131788225549815,0.0131788225549815,27,1024,1024,2,../data/raw_data/aged/20201026expAged2Untreated/Image 36.czi,aged,2.39982201756458,214533452,7.57759419193974,255,0,20201026expAged2Untreated,2020,4,Microscopist 1,HSC,unknown
80,0.4,0.0131788225549815,0.0131788225549815,24,1024,1024,2,../data/raw_data/aged/20201026expRhoAAF488Aged2untreated/Image 15.czi,aged,1.58366760580583,142949790,5.68031430244446,255,0,20201026expRhoAAF488Aged2untreated,2020,5,Microscopist 1,HSC,unknown
81,0.4,0.0131788225549815,0.0131788225549815,24,1024,1024,2,../data/raw_data/aged/20201026expRhoAAF488Aged2untreated/Image 16.czi,aged,1.5847592413153,150807561,5.99255406856537,255,0,20201026expRhoAAF488Aged2untreated,2020,5,Microscopist 1,HSC,unknown
82,0.4,0.0131788225549815,0.0131788225549815,24,1024,1024,2,../data/raw_data/aged/20201026expRhoAAF488Aged2untreated/Image 17.czi,aged,1.63593804602517,146639496,5.82693004608154,255,0,20201026expRhoAAF488Aged2untreated,2020,5,Microscopist 1,HSC,unknown
83,0.4,0.0131788225549815,0.0131788225549815,22,1024,1024,2,../data/raw_data/aged/20201026expRhoAAF488Aged2untreated/Image 19.czi,aged,1.66101253718842,128726473,5.58014232462103,255,0,20201026expRhoAAF488Aged2untreated,2020,5,Microscopist 1,HSC,unknown
84,0.4,0.0131788225549815,0.0131788225549815,24,1024,1024,2,../data/raw_data/aged/20201026expRhoAAF488Aged2untreated/Image 21.czi,aged,1.73014757707558,163951579,6.51485041777293,255,0,20201026expRhoAAF488Aged2untreated,2020,5,Microscopist 1,HSC,unknown
85,0.4,0.0131788225549815,0.0131788225549815,21,1024,1024,2,../data/raw_data/aged/20201119expAgedTAZaf488repeat/Image 107.czi,aged,5.10501981598953,200581999,9.10904289427258,234,0,20201119expAgedTAZaf488repeat,2020,10,Microscopist 1,HSC,unknown
86,0.4,0.0131788225549815,0.0131788225549815,22,1024,1024,2,../data/raw_data/aged/20201119expAgedTAZaf488repeat/Image 108.czi,aged,5.46366273389817,229164445,9.93401115590876,251,0,20201119expAgedTAZaf488repeat,2020,10,Microscopist 1,HSC,unknown
87,0.4,0.0131788225549815,0.0131788225549815,20,1024,1024,2,../data/raw_data/aged/20201119expAgedTAZaf488repeat/Image 109.czi,aged,5.20352579456311,201640526,9.61496953964234,255,0,20201119expAgedTAZaf488repeat,2020,10,Microscopist 1,HSC,unknown
88,0.4,0.0131788225549815,0.0131788225549815,20,1024,1024,2,../data/raw_data/aged/20201119expAgedTAZaf488repeat/Image 112.czi,aged,5.76964392664795,237996358,11.3485507011414,255,0,20201119expAgedTAZaf488repeat,2020,10,Microscopist 1,HSC,unknown
89,0.4,0.0131788225549815,0.0131788225549815,22,1024,1024,2,../data/raw_data/aged/20201119expAgedTAZaf488repeat/Image 113.czi,aged,5.52120591228659,262788426,11.3915714784102,255,0,20201119expAgedTAZaf488repeat,2020,10,Microscopist 1,HSC,unknown
90,0.4,0.0131788225549815,0.0131788225549815,21,1024,1024,2,../data/raw_data/aged/20201119expAgedTAZaf488repeat/Image 114.czi,aged,5.80757079142044,297860095,13.5267391658965,255,0,20201119expAgedTAZaf488repeat,2020,10,Microscopist 1,HSC,unknown
91,0.4,0.0131788225549815,0.0131788225549815,22,1024,1024,2,../data/raw_data/aged/20201119expAgedTAZaf488repeat/Image 115.czi,aged,5.90694599716499,282982850,12.266976183111,255,0,20201119expAgedTAZaf488repeat,2020,10,Microscopist 1,HSC,unknown
92,0.4,0.0131788225549815,0.0131788225549815,22,1024,1024,2,../data/raw_data/aged/20201119expAgedTAZaf488repeat/Image 116.czi,aged,5.43904962218914,258077832,11.1873727278276,255,0,20201119expAgedTAZaf488repeat,2020,10,Microscopist 1,HSC,unknown
93,0.4,0.0131788225549815,0.0131788225549815,22,1024,1024,2,../data/raw_data/aged/20201119expAgedTAZaf488repeat/Image 117.czi,aged,5.41891011599292,264830995,11.4801144599915,255,0,20201119expAgedTAZaf488repeat,2020,10,Microscopist 1,HSC,unknown
94,0.4,0.0131788225549815,0.0131788225549815,21,1024,1024,2,../data/raw_data/aged/20201119expAgedTAZaf488repeat/Image 118.czi,aged,5.73486834215169,283557081,12.8771954945156,255,0,20201119expAgedTAZaf488repeat,2020,10,Microscopist 1,HSC,unknown
95,0.4,0.0131788225549815,0.0131788225549815,18,1024,1024,3,../data/raw_data/aged/20201119expRhoAAF488AgedUntreatedRFPcellsSlide7/Image 68.czi,aged,2.19953515388903,73084157,3.87213797039456,161,0,20201119expRhoAAF488AgedUntreatedRFPcellsSlide7,2020,11,Microscopist 1,HSC,unknown
96,0.4,0.0131788225549815,0.0131788225549815,19,1024,1024,3,../data/raw_data/aged/20201119expRhoAAF488AgedUntreatedRFPcellsSlide7/Image 69.czi,aged,2.2247785216533,77436378,3.88679393969084,134,0,20201119expRhoAAF488AgedUntreatedRFPcellsSlide7,2020,11,Microscopist 1,HSC,unknown
97,0.4,0.0131788225549815,0.0131788225549815,18,1024,1024,3,../data/raw_data/aged/20201119expRhoAAF488AgedUntreatedRFPcellsSlide7/Image 70.czi,aged,1.7652609147739,76552357,4.05588981840346,194,0,20201119expRhoAAF488AgedUntreatedRFPcellsSlide7,2020,11,Microscopist 1,HSC,unknown
98,0.4,0.0131788225549815,0.0131788225549815,20,1024,1024,3,../data/raw_data/aged/20201119expRhoAAF488AgedUntreatedRFPcellsSlide7/Image 71.czi,aged,1.87135481017626,74594318,3.55693426132202,174,0,20201119expRhoAAF488AgedUntreatedRFPcellsSlide7,2020,11,Microscopist 1,HSC,unknown
99,0.4,0.0131788225549815,0.0131788225549815,20,1024,1024,3,../data/raw_data/aged/20201119expRhoAAF488AgedUntreatedRFPcellsSlide7/Image 72.czi,aged,1.9397977808821,72465646,3.45543127059937,153,0,20201119expRhoAAF488AgedUntreatedRFPcellsSlide7,2020,11,Microscopist 1,HSC,unknown
100,0.4,0.0131788225549815,0.0131788225549815,22,1024,1024,3,../data/raw_data/aged/20201119expRhoAAF488AgedUntreatedRFPcellsSlide7/Image 73.czi,aged,1.76204782137159,75729144,3.28276998346502,160,0,20201119expRhoAAF488AgedUntreatedRFPcellsSlide7,2020,11,Microscopist 1,HSC,unknown
101,0.4,0.0131788225549815,0.0131788225549815,18,1024,1024,3,../data/raw_data/aged/20201119expRhoAAF488AgedUntreatedRFPcellsSlide7/Image 74.czi,aged,2.49518499725054,82645562,4.3787194357978,154,0,20201119expRhoAAF488AgedUntreatedRFPcellsSlide7,2020,11,Microscopist 1,HSC,unknown
102,0.4,0.0131788225549815,0.0131788225549815,19,1024,1024,3,../data/raw_data/aged/20201119expRhoAAF488AgedUntreatedRFPcellsSlide7/Image 75.czi,aged,2.41256732769888,90873705,4.56125886816727,177,0,20201119expRhoAAF488AgedUntreatedRFPcellsSlide7,2020,11,Microscopist 1,HSC,unknown
103,0.4,0.0131788225549815,0.0131788225549815,18,1024,1024,3,../data/raw_data/aged/20201119expRhoAAF488AgedUntreatedRFPcellsSlide7/Image 76.czi,aged,2.17446066272578,76432096,4.04951816134983,155,0,20201119expRhoAAF488AgedUntreatedRFPcellsSlide7,2020,11,Microscopist 1,HSC,unknown
104,0.4,0.0131788225549815,0.0131788225549815,20,1024,1024,3,../data/raw_data/aged/20201119expRhoAAF488AgedUntreatedRFPcellsSlide7/Image 77.czi,aged,1.91581492522832,78390240,3.73793792724609,161,0,20201119expRhoAAF488AgedUntreatedRFPcellsSlide7,2020,11,Microscopist 1,HSC,unknown
105,0.4,0.0131788225549815,0.0131788225549815,18,1024,1024,3,../data/raw_data/aged/20201119expRhoAAF488AgedUntreatedRFPcellsSlide7/Image 78.czi,aged,1.79217264236541,71813955,3.80484024683634,166,0,20201119expRhoAAF488AgedUntreatedRFPcellsSlide7,2020,11,Microscopist 1,HSC,unknown
106,0.4,0.0131788225549815,0.0131788225549815,21,1024,1024,3,../data/raw_data/aged/20201218expAg1RhoAAF488_2/Image 1.czi,aged,2.57998593782113,110214195,5.00516414642334,190,0,20201218expAg1RhoAAF488_2,2020,9,Microscopist 1,HSC,unknown
107,0.4,0.0131788225549815,0.0131788225549815,20,1024,1024,3,../data/raw_data/aged/20201218expAg1RhoAAF488_2/Image 10.czi,aged,2.57465138652597,97940683,4.67017569541931,172,0,20201218expAg1RhoAAF488_2,2020,9,Microscopist 1,HSC,unknown
108,0.4,0.0131788225549815,0.0131788225549815,18,1024,1024,3,../data/raw_data/aged/20201218expAg1RhoAAF488_2/Image 11.czi,aged,2.56782563339321,96929042,5.13548543718126,196,0,20201218expAg1RhoAAF488_2,2020,9,Microscopist 1,HSC,unknown
109,0.4,0.0131788225549815,0.0131788225549815,19,1024,1024,3,../data/raw_data/aged/20201218expAg1RhoAAF488_2/Image 3.czi,aged,2.56759494366611,104134438,5.22685994599995,179,0,20201218expAg1RhoAAF488_2,2020,9,Microscopist 1,HSC,unknown
110,0.4,0.0131788225549815,0.0131788225549815,18,1024,1024,3,../data/raw_data/aged/20201218expAg1RhoAAF488_2/Image 4.czi,aged,2.77184878305138,99333216,5.26286315917969,182,0,20201218expAg1RhoAAF488_2,2020,9,Microscopist 1,HSC,unknown
111,0.4,0.0131788225549815,0.0131788225549815,20,1024,1024,3,../data/raw_data/aged/20201218expAg1RhoAAF488_2/Image 5.czi,aged,2.65325683001905,96779326,4.61479787826538,169,0,20201218expAg1RhoAAF488_2,2020,9,Microscopist 1,HSC,unknown
112,0.4,0.0131788225549815,0.0131788225549815,20,1024,1024,3,../data/raw_data/aged/20201218expAg1RhoAAF488_2/Image 6.czi,aged,2.70850967391359,102640723,4.89429106712341,180,0,20201218expAg1RhoAAF488_2,2020,9,Microscopist 1,HSC,unknown
113,0.4,0.0131788225549815,0.0131788225549815,19,1024,1024,3,../data/raw_data/aged/20201218expAg1RhoAAF488_2/Image 7.czi,aged,2.48474658438734,102414315,5.14052114988628,188,0,20201218expAg1RhoAAF488_2,2020,9,Microscopist 1,HSC,unknown
114,0.4,0.0131788225549815,0.0131788225549815,18,1024,1024,3,../data/raw_data/aged/20201218expAg1RhoAAF488_2/Image 8.czi,aged,2.50919081949533,99840150,5.28972148895264,201,0,20201218expAg1RhoAAF488_2,2020,9,Microscopist 1,HSC,unknown
115,0.4,0.0131788225549815,0.0131788225549815,25,1024,1024,3,../data/raw_data/aged/20201218expSlide11A2TazCy3/Image 20.czi,aged,5.39561932952047,571718817,21.8093420791626,255,0,20201218expSlide11A2TazCy3,2020,10,Microscopist 1,HSC,unknown
116,0.4,0.0131788225549815,0.0131788225549815,23,1024,1024,3,../data/raw_data/aged/20201218expSlide11A2TazCy3/Image 21.czi,aged,5.34603879012314,543939880,22.5539779663086,255,0,20201218expSlide11A2TazCy3,2020,10,Microscopist 1,HSC,unknown
117,0.4,0.0131788225549815,0.0131788225549815,23,1024,1024,3,../data/raw_data/aged/20201218expSlide11A2TazCy3/Image 22.czi,aged,5.58166968122412,582564298,24.1555047242538,255,0,20201218expSlide11A2TazCy3,2020,10,Microscopist 1,HSC,unknown
118,0.4,0.0131788225549815,0.0131788225549815,23,1024,1024,3,../data/raw_data/aged/20201218expSlide11A2TazCy3/Image 23.czi,aged,5.30760529554757,519570082,21.5435062076734,255,0,20201218expSlide11A2TazCy3,2020,10,Microscopist 1,HSC,unknown
119,0.4,0.0131788225549815,0.0131788225549815,24,1024,1024,3,../data/raw_data/aged/20201218expSlide11A2TazCy3/Image 24.czi,aged,5.68060007029166,537381672,21.3536291122437,255,0,20201218expSlide11A2TazCy3,2020,10,Microscopist 1,HSC,unknown
120,0.4,0.0131788225549815,0.0131788225549815,27,1024,1024,3,../data/raw_data/aged/20201218expSlide11A2TazCy3/Image 25.czi,aged,5.22280435497698,598828398,21.1513801150852,255,0,20201218expSlide11A2TazCy3,2020,10,Microscopist 1,HSC,unknown
121,0.4,0.0131788225549815,0.0131788225549815,19,1024,1024,3,../data/raw_data/aged/20201218expSlide11A2TazCy3/Image 26.czi,aged,5.92914514812798,648119602,32.5313167572022,255,0,20201218expSlide11A2TazCy3,2020,10,Microscopist 1,HSC,unknown
122,0.4,0.0131788225549815,0.0131788225549815,24,1024,1024,3,../data/raw_data/aged/20201218expSlide11A2TazCy3/Image 27.czi,aged,5.75523853807502,632072915,25.1163210471471,255,0,20201218expSlide11A2TazCy3,2020,10,Microscopist 1,HSC,unknown
123,0.4,0.0131788225549815,0.0131788225549815,24,1024,1024,3,../data/raw_data/aged/20201218expSlide11A2TazCy3/Image 28.czi,aged,5.47886725512737,602184927,23.9286791086197,255,0,20201218expSlide11A2TazCy3,2020,10,Microscopist 1,HSC,unknown
124,0.4,0.0131788225549815,0.0131788225549815,24,1024,1024,3,../data/raw_data/aged/20201218expSlide11A2TazCy3/Image 30.czi,aged,5.40941708721258,602436687,23.9386831521988,255,0,20201218expSlide11A2TazCy3,2020,10,Microscopist 1,HSC,unknown
125,0.4,0.0131788225549815,0.0131788225549815,22,1024,1024,3,../data/raw_data/aged/20201218expSlide8A1TazCy3/Image 19.czi,aged,5.01378440722571,244999618,10.6204474189065,255,0,20201218expSlide8A1TazCy3,2020,12,Microscopist 1,HSC,unknown
126,0.4,0.0131788225549815,0.0131788225549815,23,1024,1024,3,../data/raw_data/aged/20201218expSlide8A1TazCy3/Image 20.czi,aged,4.67481133467046,276891517,11.4810577475506,255,0,20201218expSlide8A1TazCy3,2020,12,Microscopist 1,HSC,unknown
127,0.4,0.0131788225549815,0.0131788225549815,23,1024,1024,3,../data/raw_data/aged/20201218expSlide8A1TazCy3/Image 21.czi,aged,4.5453195893207,270272508,11.2066064917523,255,0,20201218expSlide8A1TazCy3,2020,12,Microscopist 1,HSC,unknown
128,0.4,0.0131788225549815,0.0131788225549815,24,1024,1024,3,../data/raw_data/aged/20201218expSlide8A1TazCy3/Image 22.czi,aged,4.43309200996691,243840561,9.68935334682465,255,0,20201218expSlide8A1TazCy3,2020,12,Microscopist 1,HSC,unknown
129,0.4,0.0131788225549815,0.0131788225549815,24,1024,1024,3,../data/raw_data/aged/20201218expSlide8A1TazCy3/Image 23.czi,aged,4.62810613547338,252249795,10.0235062837601,255,0,20201218expSlide8A1TazCy3,2020,12,Microscopist 1,HSC,unknown
130,0.4,0.0131788225549815,0.0131788225549815,22,1024,1024,3,../data/raw_data/aged/20201218expSlide8A1TazCy3/Image 24.czi,aged,5.0469451636322,225045226,9.75544782118364,255,0,20201218expSlide8A1TazCy3,2020,12,Microscopist 1,HSC,unknown
131,0.4,0.0131788225549815,0.0131788225549815,23,1024,1024,3,../data/raw_data/aged/20201218expSlide8A1TazCy3/Image 25.czi,aged,4.57552884861503,225943983,9.36856406667958,255,0,20201218expSlide8A1TazCy3,2020,12,Microscopist 1,HSC,unknown
132,0.4,0.0131788225549815,0.0131788225549815,20,1024,1024,3,../data/raw_data/aged/20201218expSlide8A1TazCy3/Image 26.czi,aged,4.97499659667086,210691513,10.0465542316437,255,0,20201218expSlide8A1TazCy3,2020,12,Microscopist 1,HSC,unknown
133,0.4,0.0131788225549815,0.0131788225549815,19,1024,1024,3,../data/raw_data/aged/20201218expSlide8A1TazCy3/Image 27.czi,aged,4.602632077982,201822524,10.1301556637413,255,0,20201218expSlide8A1TazCy3,2020,12,Microscopist 1,HSC,unknown
134,0.4,0.0131788225549815,0.0131788225549815,23,1024,1024,3,../data/raw_data/aged/20201218expSlide8A1TazCy3/Image 28.czi,aged,4.60693680689378,230804871,9.57011641626773,255,0,20201218expSlide8A1TazCy3,2020,12,Microscopist 1,HSC,unknown
135,0.4,0.0131788225549815,0.0131788225549815,23,1024,1024,3,../data/raw_data/aged/20201218expSlide8A1TazCy3/Image 29.czi,aged,4.3316571594556,218388606,9.05528715382452,255,0,20201218expSlide8A1TazCy3,2020,12,Microscopist 1,HSC,unknown
136,0.4,0.0131788225549815,0.0131788225549815,21,1024,1024,3,../data/raw_data/aged/20201218expSlide8A1TazCy3/Image 30.czi,aged,4.58398377362338,230411539,10.4636936641875,255,0,20201218expSlide8A1TazCy3,2020,12,Microscopist 1,HSC,unknown
137,0.4,0.0131788225549815,0.0131788225549815,19,1024,1024,2,../data/raw_data/aged/20210603AgLaminACIF20210621/Image 14.czi,aged,3.43498997326081,155983804,7.82935513948139,255,0,20210603AgLaminACIF20210621,2021,5,Microscopist 1,HSC,unknown
138,0.4,0.0131788225549815,0.0131788225549815,19,1024,1024,2,../data/raw_data/aged/20210603AgLaminACIF20210621/Image 18.czi,aged,3.50355657021882,135711825,6.81183589132209,231,0,20210603AgLaminACIF20210621,2021,5,Microscopist 1,HSC,unknown
139,0.4,0.0131788225549815,0.0131788225549815,20,1024,1024,2,../data/raw_data/aged/20210603AgLaminACIF20210621/Image 19.czi,aged,3.17863457025723,94429776,4.50276260375977,201,0,20210603AgLaminACIF20210621,2021,5,Microscopist 1,HSC,unknown
140,0.4,0.0131788225549815,0.0131788225549815,17,1024,1024,2,../data/raw_data/aged/20210603AgLaminACIF20210621/Image 20.czi,aged,3.03267779156777,91418806,5.12845690110151,187,0,20210603AgLaminACIF20210621,2021,5,Microscopist 1,HSC,unknown
141,0.4,0.0131788225549815,0.0131788225549815,16,1024,1024,2,../data/raw_data/aged/20210603AgLaminACIF20210621/Image 22.czi,aged,3.62340903536164,131119987,7.81536024808884,255,0,20210603AgLaminACIF20210621,2021,5,Microscopist 1,HSC,unknown
142,0.4,0.0131788225549815,0.0131788225549815,17,1024,1024,2,../data/raw_data/aged/20210603expAgLaminACAF488/Image 31.czi,aged,2.61579134470078,83709707,4.69598809410544,199,0,20210603expAgLaminACAF488,2021,6,Microscopist 1,HSC,unknown
143,0.4,0.0131788225549815,0.0131788225549815,17,1024,1024,2,../data/raw_data/aged/20210603expAgLaminACAF488/Image 32.czi,aged,2.67287314363497,94189012,5.2838612724753,242,0,20210603expAgLaminACAF488,2021,6,Microscopist 1,HSC,unknown
144,0.4,0.0131788225549815,0.0131788225549815,19,1024,1024,2,../data/raw_data/aged/20210603expAgLaminACAF488/Image 33.czi,aged,2.68538776404216,107493622,5.39546876204641,227,0,20210603expAgLaminACAF488,2021,6,Microscopist 1,HSC,unknown
145,0.4,0.0131788225549815,0.0131788225549815,17,1024,1024,2,../data/raw_data/aged/20210603expAgLaminACAF488/Image 34.czi,aged,2.64895210110728,122365777,6.8645352195291,255,0,20210603expAgLaminACAF488,2021,6,Microscopist 1,HSC,unknown
146,0.4,0.0131788225549815,0.0131788225549815,18,1024,1024,2,../data/raw_data/aged/20210603expAgLaminACAF488/Image 35.czi,aged,2.92945923636567,113021573,5.98809840944078,251,0,20210603expAgLaminACAF488,2021,6,Microscopist 1,HSC,unknown
147,0.4,0.0131788225549815,0.0131788225549815,20,1024,1024,2,../data/raw_data/aged/20210603expAgLaminACAF488/Image 36.czi,aged,2.9872331044812,121016959,5.77053828239441,255,0,20210603expAgLaminACAF488,2021,6,Microscopist 1,HSC,unknown
148,0.369,0.0131788225549815,0.0131788225549815,22,1024,1024,3,../data/raw_data/aged/20230119exp_20230127_AgRhoA647PPL2A/Image 40.czi,aged,3.41789468386587,197147327,8.54610646854748,255,0,20230119exp_20230127_AgRhoA647PPL2A,2023,12,Microscopist 1,HSC,unknown
149,0.369,0.0131788225549815,0.0131788225549815,24,1024,1024,3,../data/raw_data/aged/20230119exp_20230127_AgRhoA647PPL2A/Image 41.czi,aged,3.26740248653754,212527891,8.44509963194529,255,0,20230119exp_20230127_AgRhoA647PPL2A,2023,12,Microscopist 1,HSC,unknown
150,0.369,0.0131788225549815,0.0131788225549815,25,1024,1024,3,../data/raw_data/aged/20230119exp_20230127_AgRhoA647PPL2A/Image 42.czi,aged,3.1061793734928,214667762,8.18892524719238,255,0,20230119exp_20230127_AgRhoA647PPL2A,2023,12,Microscopist 1,HSC,unknown
151,0.369,0.0131788225549815,0.0131788225549815,25,1024,1024,3,../data/raw_data/aged/20230119exp_20230127_AgRhoA647PPL2A/Image 43.czi,aged,3.1106529790056,219614113,8.3776135635376,255,0,20230119exp_20230127_AgRhoA647PPL2A,2023,12,Microscopist 1,HSC,unknown
152,0.369,0.0131788225549815,0.0131788225549815,23,1024,1024,3,../data/raw_data/aged/20230119exp_20230127_AgRhoA647PPL2A/Image 44.czi,aged,3.06543898164613,228526785,9.47565762893013,255,0,20230119exp_20230127_AgRhoA647PPL2A,2023,12,Microscopist 1,HSC,unknown
153,0.369,0.0131788225549815,0.0131788225549815,24,1024,1024,3,../data/raw_data/aged/20230119exp_20230127_AgRhoA647PPL2A/Image 45.czi,aged,3.41875562964823,243691249,9.68342022101084,255,0,20230119exp_20230127_AgRhoA647PPL2A,2023,12,Microscopist 1,HSC,unknown
154,0.369,0.0131788225549815,0.0131788225549815,22,1024,1024,3,../data/raw_data/aged/20230119exp_20230127_AgRhoA647PPL2A/Image 46.czi,aged,3.58445234820577,240784457,10.4377251104875,255,0,20230119exp_20230127_AgRhoA647PPL2A,2023,12,Microscopist 1,HSC,unknown
155,0.369,0.0131788225549815,0.0131788225549815,22,1024,1024,3,../data/raw_data/aged/20230119exp_20230127_AgRhoA647PPL2A/Image 47.czi,aged,3.45774322336714,241081981,10.4506224285473,255,0,20230119exp_20230127_AgRhoA647PPL2A,2023,12,Microscopist 1,HSC,unknown
156,0.369,0.0131788225549815,0.0131788225549815,22,1024,1024,3,../data/raw_data/aged/20230119exp_20230127_AgRhoA647PPL2A/Image 48.czi,aged,3.46499944939108,244321168,10.5910374034535,255,0,20230119exp_20230127_AgRhoA647PPL2A,2023,12,Microscopist 1,HSC,unknown
157,0.369,0.0131788225549815,0.0131788225549815,28,1024,1024,3,../data/raw_data/aged/20230119exp_20230127_AgRhoA647PPL2A/Image 49.czi,aged,3.53591819396904,265211565,9.03305206980024,255,0,20230119exp_20230127_AgRhoA647PPL2A,2023,12,Microscopist 1,HSC,unknown
158,0.369,0.0131788225549815,0.0131788225549815,28,1024,1024,3,../data/raw_data/aged/20230119exp_20230127_AgRhoA647PPL2A/Image 50.czi,aged,3.39976957208755,267217256,9.10136549813407,255,0,20230119exp_20230127_AgRhoA647PPL2A,2023,12,Microscopist 1,HSC,unknown
159,0.369,0.0131788225549815,0.0131788225549815,26,1024,1024,3,../data/raw_data/aged/20230119exp_20230127_AgRhoA647PPL2A/Image 51.czi,aged,3.30934157736861,254105999,9.3205524958097,255,0,20230119exp_20230127_AgRhoA647PPL2A,2023,12,Microscopist 1,HSC,unknown
160,0.318961700873866,0.0131788225549815,0.0131788225549815,26,1024,1024,2,../data/raw_data/aged/20230208exp_20230315Ag_KLF4cy3/Image 10.czi,aged,2.51148115398921,138024239,5.06269891445453,177,0,20230208exp_20230315Ag_KLF4cy3,2023,4,Microscopist 1,HSC,unknown
161,0.318961700873866,0.0131788225549815,0.0131788225549815,26,1024,1024,2,../data/raw_data/aged/20230208exp_20230315Ag_KLF4cy3/Image 11.czi,aged,2.54533397957703,143652342,5.26913650219257,182,0,20230208exp_20230315Ag_KLF4cy3,2023,4,Microscopist 1,HSC,unknown
162,0.318961700873866,0.0131788225549815,0.0131788225549815,27,1024,1024,2,../data/raw_data/aged/20230208exp_20230315Ag_KLF4cy3/Image 12.czi,aged,2.52072086786801,140083680,4.94793362087674,157,0,20230208exp_20230315Ag_KLF4cy3,2023,4,Microscopist 1,HSC,unknown
163,0.318961700873866,0.0131788225549815,0.0131788225549815,31,1024,1024,2,../data/raw_data/aged/20230208exp_20230315Ag_KLF4cy3/Image 13.czi,aged,2.4476806653972,152177626,4.68154494993148,169,0,20230208exp_20230315Ag_KLF4cy3,2023,4,Microscopist 1,HSC,unknown
164,0.318961700873866,0.0131788225549815,0.0131788225549815,27,1024,1024,2,../data/raw_data/aged/20230208exp_20230321Ag_KLF4cy3/Image 31.czi,aged,2.14640376788733,116362441,4.11006931022362,152,0,20230208exp_20230321Ag_KLF4cy3,2023,4,Microscopist 1,HSC,unknown
165,0.318961700873866,0.0131788225549815,0.0131788225549815,28,1024,1024,2,../data/raw_data/aged/20230208exp_20230321Ag_KLF4cy3/Image 32.czi,aged,2.19420060259387,117520470,4.00272335324969,147,0,20230208exp_20230321Ag_KLF4cy3,2023,4,Microscopist 1,HSC,unknown
166,0.318961700873866,0.0131788225549815,0.0131788225549815,28,1024,1024,2,../data/raw_data/aged/20230208exp_20230321Ag_KLF4cy3/Image 34.czi,aged,2.31170092011674,115104510,3.92043624605451,135,0,20230208exp_20230321Ag_KLF4cy3,2023,4,Microscopist 1,HSC,unknown
167,0.318961700873866,0.0131788225549815,0.0131788225549815,26,1024,1024,2,../data/raw_data/aged/20230208exp_20230321Ag_KLF4cy3/Image 35.czi,aged,2.19396991286676,106430611,3.90385154577402,142,0,20230208exp_20230321Ag_KLF4cy3,2023,4,Microscopist 1,HSC,unknown
168,0.318961700873866,0.0131788225549815,0.0131788225549815,27,1024,1024,2,../data/raw_data/aged/20230208exp_20230322Ag_KLF4cy3/Image 10.czi,aged,2.40763234273186,144639041,5.10883476116039,198,0,20230208exp_20230322Ag_KLF4cy3,2023,3,Microscopist 1,HSC,unknown
169,0.318961700873866,0.0131788225549815,0.0131788225549815,27,1024,1024,2,../data/raw_data/aged/20230208exp_20230322Ag_KLF4cy3/Image 11.czi,aged,2.3885844720451,137158247,4.84460360915573,163,0,20230208exp_20230322Ag_KLF4cy3,2023,3,Microscopist 1,HSC,unknown
170,0.318961700873866,0.0131788225549815,0.0131788225549815,27,1024,1024,2,../data/raw_data/aged/20230208exp_20230322Ag_KLF4cy3/Image 12.czi,aged,2.54235157590183,141254036,4.98927208229348,166,0,20230208exp_20230322Ag_KLF4cy3,2023,3,Microscopist 1,HSC,unknown
171,0.318961700873866,0.0131788225549815,0.0131788225549815,20,1024,1024,3,../data/raw_data/aged/20230208exp_20230322_agRGPPLA2/Image 39.czi,aged,1.04365378726762,143641488,6.84935989379883,215,0,20230208exp_20230322_agRGPPLA2,2023,2,Microscopist 1,HSC,unknown
172,0.318961700873866,0.0131788225549815,0.0131788225549815,25,1024,1024,3,../data/raw_data/aged/20230208exp_20230322_agRGPPLA2/Image 40.czi,aged,1.19632925561488,147454798,5.62495414733887,183,0,20230208exp_20230322_agRGPPLA2,2023,2,Microscopist 1,HSC,unknown
173,0.318961700873866,0.0131788225549815,0.0131788225549815,28,1024,1024,3,../data/raw_data/aged/20230208exp_20230323_agRGPPLA2/Image 10.czi,aged,1.25542544896698,156508407,5.33064457348415,196,0,20230208exp_20230323_agRGPPLA2,2023,6,Microscopist 1,HSC,unknown
174,0.318961700873866,0.0131788225549815,0.0131788225549815,29,1024,1024,3,../data/raw_data/aged/20230208exp_20230323_agRGPPLA2/Image 11.czi,aged,1.17917215309386,151753124,4.99045023424872,187,0,20230208exp_20230323_agRGPPLA2,2023,6,Microscopist 1,HSC,unknown
175,0.318961700873866,0.0131788225549815,0.0131788225549815,26,1024,1024,3,../data/raw_data/aged/20230208exp_20230323_agRGPPLA2/Image 5.czi,aged,1.25152028638334,192211627,7.05028046094454,249,0,20230208exp_20230323_agRGPPLA2,2023,6,Microscopist 1,HSC,unknown
176,0.318961700873866,0.0131788225549815,0.0131788225549815,27,1024,1024,3,../data/raw_data/aged/20230208exp_20230323_agRGPPLA2/Image 7.czi,aged,1.13981589960985,188254510,6.64938856054235,251,0,20230208exp_20230323_agRGPPLA2,2023,6,Microscopist 1,HSC,unknown
177,0.318961700873866,0.0131788225549815,0.0131788225549815,31,1024,1024,3,../data/raw_data/aged/20230208exp_20230323_agRGPPLA2/Image 8.czi,aged,1.21646876181111,173112755,5.32558671889767,229,0,20230208exp_20230323_agRGPPLA2,2023,6,Microscopist 1,HSC,unknown
178,0.318961700873866,0.0131788225549815,0.0131788225549815,27,1024,1024,3,../data/raw_data/aged/20230208exp_20230323_agRGPPLA2/Image 9.czi,aged,1.20510759003946,163244962,5.76601953859682,215,0,20230208exp_20230323_agRGPPLA2,2023,6,Microscopist 1,HSC,unknown
179,0.440813408547905,0.0131788225549815,0.0131788225549815,21,1024,1024,2,../data/raw_data/aged/20191128PlaminAged/Image 10.czi,aged,1.41860114330354,374181829,16.9927428563436,255,0,20191128PlaminAged,2019,6,Microscopist 1,HSC,unknown
180,0.440813408547905,0.0131788225549815,0.0131788225549815,18,1024,1024,2,../data/raw_data/aged/20191128PlaminAged/Image 5.czi,aged,1.96676304021108,297188581,15.7456176016066,255,0,20191128PlaminAged,2019,6,Microscopist 1,HSC,unknown
181,0.440813408547905,0.0131788225549815,0.0131788225549815,19,1024,1024,2,../data/raw_data/aged/20191128PlaminAged/Image 6.czi,aged,1.32416092252601,283066981,14.2080899790714,255,0,20191128PlaminAged,2019,6,Microscopist 1,HSC,unknown
182,0.440813408547905,0.0131788225549815,0.0131788225549815,20,1024,1024,2,../data/raw_data/aged/20191128PlaminAged/Image 7.czi,aged,1.43208377296803,365202193,17.4141975879669,255,0,20191128PlaminAged,2019,6,Microscopist 1,HSC,unknown
183,0.440813408547905,0.0131788225549815,0.0131788225549815,18,1024,1024,2,../data/raw_data/aged/20191128PlaminAged/Image 8.czi,aged,1.43678806820794,310552809,16.4536798795064,255,0,20191128PlaminAged,2019,6,Microscopist 1,HSC,unknown
184,0.440813408547905,0.0131788225549815,0.0131788225549815,19,1024,1024,2,../data/raw_data/aged/20191128PlaminAged/Image 9.czi,aged,1.45594300236965,343339498,17.2333716342324,255,0,20191128PlaminAged,2019,6,Microscopist 1,HSC,unknown
185,0.368961137123203,0.0131788225549815,0.0131788225549815,24,1024,1024,3,../data/raw_data/aged/20220420_20220419exp_AgRhoAGTPCy3H4K16ac/Image 11_Ag_220420.czi,aged,1.49869778863421,141585953,5.62612028916677,255,0,20220420_20220419exp_AgRhoAGTPCy3H4K16ac,2022,7,Microscopist 1,HSC,unknown
186,0.368961137123203,0.0131788225549815,0.0131788225549815,24,1024,1024,3,../data/raw_data/aged/20220420_20220419exp_AgRhoAGTPCy3H4K16ac/Image 12_Ag_220420.czi,aged,1.54321971681236,135664748,5.39083274205526,255,0,20220420_20220419exp_AgRhoAGTPCy3H4K16ac,2022,7,Microscopist 1,HSC,unknown
187,0.368961137123203,0.0131788225549815,0.0131788225549815,23,1024,1024,3,../data/raw_data/aged/20220420_20220419exp_AgRhoAGTPCy3H4K16ac/Image 13_Ag_220420.czi,aged,1.49290185788484,130958994,5.43009691653044,249,0,20220420_20220419exp_AgRhoAGTPCy3H4K16ac,2022,7,Microscopist 1,HSC,unknown
188,0.368961137123203,0.0131788225549815,0.0131788225549815,23,1024,1024,3,../data/raw_data/aged/20220420_20220419exp_AgRhoAGTPCy3H4K16ac/Image 14_Ag_220420.czi,aged,1.46375332753693,129750546,5.37998970695164,255,0,20220420_20220419exp_AgRhoAGTPCy3H4K16ac,2022,7,Microscopist 1,HSC,unknown
189,0.368961137123203,0.0131788225549815,0.0131788225549815,24,1024,1024,3,../data/raw_data/aged/20220420_20220419exp_AgRhoAGTPCy3H4K16ac/Image 15_Ag_220420.czi,aged,1.46484496304639,137664716,5.47030433019002,247,0,20220420_20220419exp_AgRhoAGTPCy3H4K16ac,2022,7,Microscopist 1,HSC,unknown
190,0.368961137123203,0.0131788225549815,0.0131788225549815,25,1024,1024,3,../data/raw_data/aged/20220420_20220419exp_AgRhoAGTPCy3H4K16ac/Image 16_Ag_220420.czi,aged,1.40230498656487,135015575,5.15043544769287,249,0,20220420_20220419exp_AgRhoAGTPCy3H4K16ac,2022,7,Microscopist 1,HSC,unknown
191,0.368961137123203,0.0131788225549815,0.0131788225549815,28,1024,1024,3,../data/raw_data/aged/20220420_20220419exp_AgRhoAGTPCy3H4K16ac/Image 17_Ag_220420.czi,aged,1.4224444927611,136641265,4.65397374970572,229,0,20220420_20220419exp_AgRhoAGTPCy3H4K16ac,2022,7,Microscopist 1,HSC,unknown
192,0.368961137123203,0.0131788225549815,0.0131788225549815,27,1024,1024,2,../data/raw_data/aged/20220427_20220419exp_AgRhoAGTPCy3/Image 13_Ag_20220427.czi,aged,2.04560523582849,220541717,7.78981374811243,255,0,20220427_20220419exp_AgRhoAGTPCy3,2022,6,Microscopist 1,HSC,unknown
193,0.368961137123203,0.0131788225549815,0.0131788225549815,26,1024,1024,2,../data/raw_data/aged/20220427_20220419exp_AgRhoAGTPCy3/Image 14_Ag_20220427.czi,aged,2.31239298929806,214777895,7.87800623820378,255,0,20220427_20220419exp_AgRhoAGTPCy3,2022,6,Microscopist 1,HSC,unknown
194,0.368961137123203,0.0131788225549815,0.0131788225549815,26,1024,1024,2,../data/raw_data/aged/20220427_20220419exp_AgRhoAGTPCy3/Image 15_Ag_20220427.czi,aged,2.28794875419006,217731525,7.98634474094097,255,0,20220427_20220419exp_AgRhoAGTPCy3,2022,6,Microscopist 1,HSC,unknown
195,0.368961137123203,0.0131788225549815,0.0131788225549815,26,1024,1024,2,../data/raw_data/aged/20220427_20220419exp_AgRhoAGTPCy3/Image 16_Ag_20220427.czi,aged,2.32197045637892,219536089,8.05253575398372,255,0,20220427_20220419exp_AgRhoAGTPCy3,2022,6,Microscopist 1,HSC,unknown
196,0.368961137123203,0.0131788225549815,0.0131788225549815,23,1024,1024,2,../data/raw_data/aged/20220427_20220419exp_AgRhoAGTPCy3/Image 17_Ag_20220427.czi,aged,2.28347514867726,217009771,8.99811500051747,255,0,20220427_20220419exp_AgRhoAGTPCy3,2022,6,Microscopist 1,HSC,unknown
197,0.368961137123203,0.0131788225549815,0.0131788225549815,25,1024,1024,2,../data/raw_data/aged/20220427_20220419exp_AgRhoAGTPCy3/Image 18_Ag_20220427.czi,aged,2.31083997433438,210411521,8.02656253814697,255,0,20220427_20220419exp_AgRhoAGTPCy3,2022,6,Microscopist 1,HSC,unknown
198,0.368961137123203,0.0131788225549815,0.0131788225549815,24,1024,1024,3,../data/raw_data/aged/20220502_20220419exp_AgRhoAGTPCy3H4K16ac/Image 21_Ag_220502.czi,aged,2.08329534847665,123869570,4.92213447888692,204,0,20220502_20220419exp_AgRhoAGTPCy3H4K16ac,2022,10,Microscopist 1,HSC,unknown
199,0.368961137123203,0.0131788225549815,0.0131788225549815,28,1024,1024,3,../data/raw_data/aged/20220502_20220419exp_AgRhoAGTPCy3H4K16ac/Image 22_Ag_220502.czi,aged,1.89057155746405,127656510,4.34795481818063,213,0,20220502_20220419exp_AgRhoAGTPCy3H4K16ac,2022,10,Microscopist 1,HSC,unknown
200,0.368961137123203,0.0131788225549815,0.0131788225549815,29,1024,1024,3,../data/raw_data/aged/20220502_20220419exp_AgRhoAGTPCy3H4K16ac/Image 23_Ag_220502.czi,aged,1.59095473839281,98188776,3.22896944243332,165,0,20220502_20220419exp_AgRhoAGTPCy3H4K16ac,2022,10,Microscopist 1,HSC,unknown
201,0.368961137123203,0.0131788225549815,0.0131788225549815,23,1024,1024,3,../data/raw_data/aged/20220502_20220419exp_AgRhoAGTPCy3H4K16ac/Image 24_Ag_220502.czi,aged,1.63593804602517,102329054,4.24298220095427,198,0,20220502_20220419exp_AgRhoAGTPCy3H4K16ac,2022,10,Microscopist 1,HSC,unknown
202,0.368961137123203,0.0131788225549815,0.0131788225549815,26,1024,1024,3,../data/raw_data/aged/20220502_20220419exp_AgRhoAGTPCy3H4K16ac/Image 25_Ag_220502.czi,aged,1.70484239618523,113553610,4.16512159200815,203,0,20220502_20220419exp_AgRhoAGTPCy3H4K16ac,2022,10,Microscopist 1,HSC,unknown
203,0.368961137123203,0.0131788225549815,0.0131788225549815,24,1024,1024,3,../data/raw_data/aged/20220502_20220419exp_AgRhoAGTPCy3H4K16ac/Image 26_Ag_220502.czi,aged,1.80249571036506,115977074,4.60851486523946,201,0,20220502_20220419exp_AgRhoAGTPCy3H4K16ac,2022,10,Microscopist 1,HSC,unknown
204,0.368961137123203,0.0131788225549815,0.0131788225549815,30,1024,1024,3,../data/raw_data/aged/20220502_20220419exp_AgRhoAGTPCy3H4K16ac/Image 27_Ag_220502.czi,aged,1.74793493565185,120829301,3.841060034434,193,0,20220502_20220419exp_AgRhoAGTPCy3H4K16ac,2022,10,Microscopist 1,HSC,unknown
205,0.368961137123203,0.0131788225549815,0.0131788225549815,26,1024,1024,3,../data/raw_data/aged/20220502_20220419exp_AgRhoAGTPCy3H4K16ac/Image 28_Ag_220502.czi,aged,1.79136522832053,118373087,4.34189895483164,209,0,20220502_20220419exp_AgRhoAGTPCy3H4K16ac,2022,10,Microscopist 1,HSC,unknown
206,0.368961137123203,0.0131788225549815,0.0131788225549815,24,1024,1024,3,../data/raw_data/aged/20220502_20220419exp_AgRhoAGTPCy3H4K16ac/Image 29_Ag_220502.czi,aged,1.78031918457651,115630804,4.59475533167521,197,0,20220502_20220419exp_AgRhoAGTPCy3H4K16ac,2022,10,Microscopist 1,HSC,unknown
207,0.368961137123203,0.0131788225549815,0.0131788225549815,26,1024,1024,3,../data/raw_data/aged/20220502_20220419exp_AgRhoAGTPCy3H4K16ac/Image 30_Ag_220502.czi,aged,1.8834533014781,116759895,4.28272742491502,220,0,20220502_20220419exp_AgRhoAGTPCy3H4K16ac,2022,10,Microscopist 1,HSC,unknown
208,0.318961700873866,0.0131788225549815,0.0131788225549815,25,1024,1024,3,../data/raw_data/aged/20230413exp_20230426AgKlf4Cy3H3K9me2AF488/Image 31.czi,aged,2.1474954033968,85299029,3.25389972686768,106,0,20230413exp_20230426AgKlf4Cy3H3K9me2AF488,2023,8,Microscopist 1,HSC,unknown
209,0.318961700873866,0.0131788225549815,0.0131788225549815,28,1024,1024,3,../data/raw_data/aged/20230413exp_20230426AgKlf4Cy3H3K9me2AF488/Image 32.czi,aged,2.15039336877149,87862326,2.99257298878261,114,0,20230413exp_20230426AgKlf4Cy3H3K9me2AF488,2023,8,Microscopist 1,HSC,unknown
210,0.318961700873866,0.0131788225549815,0.0131788225549815,26,1024,1024,3,../data/raw_data/aged/20230413exp_20230426AgKlf4Cy3H3K9me2AF488/Image 33.czi,aged,2.16333018068125,78077823,2.86387747984666,97,0,20230413exp_20230426AgKlf4Cy3H3K9me2AF488,2023,8,Microscopist 1,HSC,unknown
211,0.318961700873866,0.0131788225549815,0.0131788225549815,27,1024,1024,3,../data/raw_data/aged/20230413exp_20230426AgKlf4Cy3H3K9me2AF488/Image 34.czi,aged,2.12368142434404,79421670,2.80527432759603,107,0,20230413exp_20230426AgKlf4Cy3H3K9me2AF488,2023,8,Microscopist 1,HSC,unknown
212,0.318961700873866,0.0131788225549815,0.0131788225549815,25,1024,1024,3,../data/raw_data/aged/20230413exp_20230426AgKlf4Cy3H3K9me2AF488/Image 35.czi,aged,2.03056352880309,74044362,2.82456825256348,95,0,20230413exp_20230426AgKlf4Cy3H3K9me2AF488,2023,8,Microscopist 1,HSC,unknown
213,0.318961700873866,0.0131788225549815,0.0131788225549815,25,1024,1024,3,../data/raw_data/aged/20230413exp_20230426AgKlf4Cy3H3K9me2AF488/Image 36.czi,aged,2.12735589720057,80220781,3.06017993927002,103,0,20230413exp_20230426AgKlf4Cy3H3K9me2AF488,2023,8,Microscopist 1,HSC,unknown
214,0.318961700873866,0.0131788225549815,0.0131788225549815,25,1024,1024,3,../data/raw_data/aged/20230413exp_20230426AgKlf4Cy3H3K9me2AF488/Image 37.czi,aged,2.33551489916949,83692246,3.19260581970215,101,0,20230413exp_20230426AgKlf4Cy3H3K9me2AF488,2023,8,Microscopist 1,HSC,unknown
215,0.318961700873866,0.0131788225549815,0.0131788225549815,24,1024,1024,3,../data/raw_data/aged/20230413exp_20230426AgKlf4Cy3H3K9me2AF488/Image 38.czi,aged,2.12695633087244,71227595,2.83033033212026,93,0,20230413exp_20230426AgKlf4Cy3H3K9me2AF488,2023,8,Microscopist 1,HSC,unknown
216,0.318961700873866,0.0131788225549815,0.0131788225549815,29,1024,1024,2,../data/raw_data/aged/20230413exp_20230426AgLINE1Cy3/Image 46.czi,aged,2.09075135766466,91258205,3.00105538861505,109,0,20230413exp_20230426AgLINE1Cy3,2023,7,Microscopist 1,HSC,unknown
217,0.318961700873866,0.0131788225549815,0.0131788225549815,28,1024,1024,2,../data/raw_data/aged/20230413exp_20230426AgLINE1Cy3/Image 47.czi,aged,2.54722474774277,129515322,4.41126557758876,159,0,20230413exp_20230426AgLINE1Cy3,2023,7,Microscopist 1,HSC,unknown
218,0.318961700873866,0.0131788225549815,0.0131788225549815,28,1024,1024,2,../data/raw_data/aged/20230413exp_20230426AgLINE1Cy3/Image 48.czi,aged,2.48623778622494,126124005,4.29575800895691,150,0,20230413exp_20230426AgLINE1Cy3,2023,7,Microscopist 1,HSC,unknown
219,0.318961700873866,0.0131788225549815,0.0131788225549815,25,1024,1024,2,../data/raw_data/aged/20230413exp_20230426AgLINE1Cy3/Image 49.czi,aged,2.61085635973376,132190384,5.04266296386719,136,0,20230413exp_20230426AgLINE1Cy3,2023,7,Microscopist 1,HSC,unknown
220,0.318961700873866,0.0131788225549815,0.0131788225549815,26,1024,1024,2,../data/raw_data/aged/20230413exp_20230426AgLINE1Cy3/Image 50.czi,aged,2.94661633888669,173437060,6.36163344750038,144,0,20230413exp_20230426AgLINE1Cy3,2023,7,Microscopist 1,HSC,unknown
221,0.318961700873866,0.0131788225549815,0.0131788225549815,24,1024,1024,2,../data/raw_data/aged/20230413exp_20230426AgLINE1Cy3/Image 51.czi,aged,2.48256331336841,114577601,4.55290480454763,134,0,20230413exp_20230426AgLINE1Cy3,2023,7,Microscopist 1,HSC,unknown
222,0.318961700873866,0.0131788225549815,0.0131788225549815,31,1024,1024,2,../data/raw_data/aged/20230413exp_20230426AgLINE1Cy3/Image 52.czi,aged,2.51211141004446,135980275,4.18325470339867,142,0,20230413exp_20230426AgLINE1Cy3,2023,7,Microscopist 1,HSC,unknown
223,0.318961700873866,0.0131788225549815,0.0131788225549815,33,1024,1024,2,../data/raw_data/aged/20230413exp_20230427AgLINE1Cy3/Image 13.czi,aged,1.48240163189555,55146389,1.59368772217722,79,0,20230413exp_20230427AgLINE1Cy3,2023,14,Microscopist 1,HSC,unknown
224,0.318961700873866,0.0131788225549815,0.0131788225549815,36,1024,1024,2,../data/raw_data/aged/20230413exp_20230427AgLINE1Cy3/Image 15.czi,aged,2.26247469669868,120783578,3.19967211617364,124,0,20230413exp_20230427AgLINE1Cy3,2023,14,Microscopist 1,HSC,unknown
225,0.318961700873866,0.0131788225549815,0.0131788225549815,35,1024,1024,2,../data/raw_data/aged/20230413exp_20230427AgLINE1Cy3/Image 16.czi,aged,2.26930044983144,131364370,3.57939502171108,144,0,20230413exp_20230427AgLINE1Cy3,2023,14,Microscopist 1,HSC,unknown
226,0.318961700873866,0.0131788225549815,0.0131788225549815,29,1024,1024,2,../data/raw_data/aged/20230413exp_20230427AgLINE1Cy3/Image 18.czi,aged,2.11404214413711,115432429,3.79603251095476,152,0,20230413exp_20230427AgLINE1Cy3,2023,14,Microscopist 1,HSC,unknown
227,0.318961700873866,0.0131788225549815,0.0131788225549815,27,1024,1024,2,../data/raw_data/aged/20230413exp_20230427AgLINE1Cy3/Image 19.czi,aged,2.11748592726653,108177243,3.82095771365696,144,0,20230413exp_20230427AgLINE1Cy3,2023,14,Microscopist 1,HSC,unknown
228,0.318961700873866,0.0131788225549815,0.0131788225549815,29,1024,1024,2,../data/raw_data/aged/20230413exp_20230427AgLINE1Cy3/Image 21.czi,aged,2.08237258956821,102895628,3.38375578255489,126,0,20230413exp_20230427AgLINE1Cy3,2023,14,Microscopist 1,HSC,unknown
229,0.318961700873866,0.0131788225549815,0.0131788225549815,29,1024,1024,2,../data/raw_data/aged/20230413exp_20230427AgLINE1Cy3/Image 24.czi,aged,2.37596278816297,109678453,3.60681116169897,122,0,20230413exp_20230427AgLINE1Cy3,2023,14,Microscopist 1,HSC,unknown
230,0.318961700873866,0.0131788225549815,0.0131788225549815,25,1024,1024,2,../data/raw_data/aged/20230413exp_20230427AgLINE1Cy3/Image 26.czi,aged,2.33097948053061,101489839,3.87153011322022,132,0,20230413exp_20230427AgLINE1Cy3,2023,14,Microscopist 1,HSC,unknown
231,0.318961700873866,0.0131788225549815,0.0131788225549815,30,1024,1024,2,../data/raw_data/aged/20230413exp_20230427AgLINE1Cy3/Image 28.czi,aged,2.22007422641339,102754974,3.26649265289307,120,0,20230413exp_20230427AgLINE1Cy3,2023,14,Microscopist 1,HSC,unknown
232,0.318961700873866,0.0131788225549815,0.0131788225549815,30,1024,1024,2,../data/raw_data/aged/20230413exp_20230427AgLINE1Cy3/Image 29.czi,aged,2.19559908474235,103149958,3.27904885609945,136,0,20230413exp_20230427AgLINE1Cy3,2023,14,Microscopist 1,HSC,unknown
233,0.318961700873866,0.0131788225549815,0.0131788225549815,31,1024,1024,2,../data/raw_data/aged/20230413exp_20230427AgLINE1Cy3/Image 30.czi,aged,2.03589808009825,108988363,3.35288395420198,139,0,20230413exp_20230427AgLINE1Cy3,2023,14,Microscopist 1,HSC,unknown
234,0.318961700873866,0.0131788225549815,0.0131788225549815,28,1024,1024,2,../data/raw_data/aged/20230413exp_20230427AgLINE1Cy3/Image 31.czi,aged,2.36327929115475,100494824,3.4228333064488,121,0,20230413exp_20230427AgLINE1Cy3,2023,14,Microscopist 1,HSC,unknown
235,0.318961700873866,0.0131788225549815,0.0131788225549815,30,1024,1024,2,../data/raw_data/aged/20230413exp_20230427AgLINE1Cy3/Image 32.czi,aged,2.29351399521233,102140987,3.24697453180949,116,0,20230413exp_20230427AgLINE1Cy3,2023,14,Microscopist 1,HSC,unknown
236,0.318961700873866,0.0131788225549815,0.0131788225549815,26,1024,1024,2,../data/raw_data/aged/20230413exp_20230427AgLINE1Cy3/Image 33.czi,aged,2.22219568430623,93822249,3.44137958379892,115,0,20230413exp_20230427AgLINE1Cy3,2023,14,Microscopist 1,HSC,unknown
237,0.318961700873866,0.0131788225549815,0.0131788225549815,19,1024,1024,2,../data/raw_data/aged/20230413exp_20230505AgLINE1Cy3/Image 2.czi,aged,2.85131517232681,125279282,6.28819124322189,158,0,20230413exp_20230505AgLINE1Cy3,2023,6,Microscopist 1,HSC,unknown
238,0.318961700873866,0.0131788225549815,0.0131788225549815,18,1024,1024,2,../data/raw_data/aged/20230413exp_20230505AgLINE1Cy3/Image 3.czi,aged,3.02045567401377,107151391,5.67708497577243,123,0,20230413exp_20230505AgLINE1Cy3,2023,6,Microscopist 1,HSC,unknown
239,0.318961700873866,0.0131788225549815,0.0131788225549815,20,1024,1024,2,../data/raw_data/aged/20230413exp_20230505AgLINE1Cy3/Image 4.czi,aged,2.67184332125159,103667954,4.94327325820923,127,0,20230413exp_20230505AgLINE1Cy3,2023,6,Microscopist 1,HSC,unknown
240,0.318961700873866,0.0131788225549815,0.0131788225549815,18,1024,1024,2,../data/raw_data/aged/20230413exp_20230505AgLINE1Cy3/Image 5.czi,aged,2.76823612332093,102402161,5.4254617161221,150,0,20230413exp_20230505AgLINE1Cy3,2023,6,Microscopist 1,HSC,unknown
241,0.318961700873866,0.0131788225549815,0.0131788225549815,21,1024,1024,2,../data/raw_data/aged/20230413exp_20230505AgLINE1Cy3/Image 7.czi,aged,2.54228976277575,115359420,5.23882457188198,170,0,20230413exp_20230505AgLINE1Cy3,2023,6,Microscopist 1,HSC,unknown
242,0.318961700873866,0.0131788225549815,0.0131788225549815,19,1024,1024,2,../data/raw_data/aged/20230413exp_20230505AgLINE1Cy3/Image 8.czi,aged,2.74620584895897,106454099,5.34329158381412,134,0,20230413exp_20230505AgLINE1Cy3,2023,6,Microscopist 1,HSC,unknown
243,0.4,0.0131788225549815,0.0131788225549815,18,1024,1024,2,../data/raw_data/aged/20201119expAgH3K9me2AF488/Image 25.czi,aged,1.61407664826424,77160217,4.0880954000685,211,0,20201119expAgH3K9me2AF488,2020,12,Microscopist 1,HSC,unknown
244,0.4,0.0131788225549815,0.0131788225549815,20,1024,1024,2,../data/raw_data/aged/20201119expAgH3K9me2AF488/Image 26.czi,aged,1.84214446670227,104762818,4.99548044204712,254,0,20201119expAgH3K9me2AF488,2020,12,Microscopist 1,HSC,unknown
245,0.4,0.0131788225549815,0.0131788225549815,19,1024,1024,2,../data/raw_data/aged/20201119expAgH3K9me2AF488/Image 27.czi,aged,1.75499137851172,101114725,5.07529032857795,237,0,20201119expAgH3K9me2AF488,2020,12,Microscopist 1,HSC,unknown
246,0.4,0.0131788225549815,0.0131788225549815,20,1024,1024,2,../data/raw_data/aged/20201119expAgH3K9me2AF488/Image 28.czi,aged,1.80037425247222,98380925,4.69116806983948,223,0,20201119expAgH3K9me2AF488,2020,12,Microscopist 1,HSC,unknown
247,0.4,0.0131788225549815,0.0131788225549815,19,1024,1024,2,../data/raw_data/aged/20201119expAgH3K9me2AF488/Image 29.czi,aged,1.7789742341655,102876249,5.16370718102706,236,0,20201119expAgH3K9me2AF488,2020,12,Microscopist 1,HSC,unknown
248,0.4,0.0131788225549815,0.0131788225549815,18,1024,1024,2,../data/raw_data/aged/20201119expAgH3K9me2AF488/Image 30.czi,aged,1.98173687171318,106235527,5.62856075498793,255,0,20201119expAgH3K9me2AF488,2020,12,Microscopist 1,HSC,unknown
249,0.4,0.0131788225549815,0.0131788225549815,18,1024,1024,2,../data/raw_data/aged/20201119expAgH3K9me2AF488/Image 31.czi,aged,1.82475667445414,90815600,4.81158362494575,223,0,20201119expAgH3K9me2AF488,2020,12,Microscopist 1,HSC,unknown
250,0.4,0.0131788225549815,0.0131788225549815,18,1024,1024,2,../data/raw_data/aged/20201119expAgH3K9me2AF488/Image 32.czi,aged,1.77914311076653,89889635,4.76252423392402,241,0,20201119expAgH3K9me2AF488,2020,12,Microscopist 1,HSC,unknown
251,0.4,0.0131788225549815,0.0131788225549815,19,1024,1024,2,../data/raw_data/aged/20201119expAgH3K9me2AF488/Image 33.czi,aged,1.78689162280773,101047720,5.07192712081106,236,0,20201119expAgH3K9me2AF488,2020,12,Microscopist 1,HSC,unknown
252,0.4,0.0131788225549815,0.0131788225549815,19,1024,1024,2,../data/raw_data/aged/20201119expAgH3K9me2AF488/Image 34.czi,aged,1.6966943178159,101982746,5.11885924088328,253,0,20201119expAgH3K9me2AF488,2020,12,Microscopist 1,HSC,unknown
253,0.4,0.0131788225549815,0.0131788225549815,17,1024,1024,2,../data/raw_data/aged/20201119expAgH3K9me2AF488/Image 35.czi,aged,1.74896475803523,92491125,5.18861237694235,240,0,20201119expAgH3K9me2AF488,2020,12,Microscopist 1,HSC,unknown
254,0.4,0.0131788225549815,0.0131788225549815,18,1024,1024,2,../data/raw_data/aged/20201119expAgH3K9me2AF488/Image 36.czi,aged,1.8669882681384,103593720,5.48859278361003,239,0,20201119expAgH3K9me2AF488,2020,12,Microscopist 1,HSC,unknown
255,0.4,0.0131788225549815,0.0131788225549815,19,1024,1024,2,../data/raw_data/aged/20201218expAg1 H3K9me2AF488_2/Image 15.czi,aged,1.47041020406866,77948781,3.91251318078292,208,0,20201218expAg1 H3K9me2AF488_2,2020,8,Microscopist 1,HSC,unknown
256,0.4,0.0131788225549815,0.0131788225549815,19,1024,1024,2,../data/raw_data/aged/20201218expAg1 H3K9me2AF488_2/Image 16.czi,aged,1.48067974033084,76630909,3.84636472400866,205,0,20201218expAg1 H3K9me2AF488_2,2020,8,Microscopist 1,HSC,unknown
257,0.4,0.0131788225549815,0.0131788225549815,19,1024,1024,2,../data/raw_data/aged/20201218expAg1 H3K9me2AF488_2/Image 17.czi,aged,1.38796141111802,71097925,3.56864552748831,204,0,20201218expAg1 H3K9me2AF488_2,2020,8,Microscopist 1,HSC,unknown
258,0.4,0.0131788225549815,0.0131788225549815,20,1024,1024,2,../data/raw_data/aged/20201218expAg1 H3K9me2AF488_2/Image 18.czi,aged,3.29367567668519,202325685,9.64764046669006,255,0,20201218expAg1 H3K9me2AF488_2,2020,8,Microscopist 1,HSC,unknown
259,0.4,0.0131788225549815,0.0131788225549815,22,1024,1024,2,../data/raw_data/aged/20201218expAg1 H3K9me2AF488_2/Image 19.czi,aged,3.18380024495136,205739731,8.91857715086504,255,0,20201218expAg1 H3K9me2AF488_2,2020,8,Microscopist 1,HSC,unknown
260,0.4,0.0131788225549815,0.0131788225549815,21,1024,1024,2,../data/raw_data/aged/20201218expAg1 H3K9me2AF488_2/Image 20.czi,aged,3.32270058078094,203967370,9.26278295971098,255,0,20201218expAg1 H3K9me2AF488_2,2020,8,Microscopist 1,HSC,unknown
261,0.4,0.0131788225549815,0.0131788225549815,20,1024,1024,2,../data/raw_data/aged/20201218expAg1 H3K9me2AF488_2/Image 21.czi,aged,3.52535615485367,186606901,8.89811043739319,255,0,20201218expAg1 H3K9me2AF488_2,2020,8,Microscopist 1,HSC,unknown
262,0.4,0.0131788225549815,0.0131788225549815,21,1024,1024,2,../data/raw_data/aged/20201218expAg1 H3K9me2AF488_2/Image 22.czi,aged,3.00014729121652,195097420,8.85997136433919,255,0,20201218expAg1 H3K9me2AF488_2,2020,8,Microscopist 1,HSC,unknown
263,0.4,0.0131788225549815,0.0131788225549815,23,1024,1024,2,../data/raw_data/aged/202012218expAg2H3K9me2_2/Image 16.czi,aged,4.35935973831477,464384934,19.2553036731222,255,0,202012218expAg2H3K9me2_2,2020,8,Microscopist 1,HSC,unknown
264,0.4,0.0131788225549815,0.0131788225549815,21,1024,1024,2,../data/raw_data/aged/202012218expAg2H3K9me2_2/Image 17.czi,aged,4.68820952603443,482214101,21.8988191967919,255,0,202012218expAg2H3K9me2_2,2020,8,Microscopist 1,HSC,unknown
265,0.4,0.0131788225549815,0.0131788225549815,19,1024,1024,2,../data/raw_data/aged/202012218expAg2H3K9me2_2/Image 18.czi,aged,2.06998159541319,179083174,8.9887907128585,255,0,202012218expAg2H3K9me2_2,2020,8,Microscopist 1,HSC,unknown
266,0.4,0.0131788225549815,0.0131788225549815,21,1024,1024,2,../data/raw_data/aged/202012218expAg2H3K9me2_2/Image 19.czi,aged,2.17784263272912,194142859,8.81662182580857,255,0,202012218expAg2H3K9me2_2,2020,8,Microscopist 1,HSC,unknown
267,0.4,0.0131788225549815,0.0131788225549815,22,1024,1024,2,../data/raw_data/aged/202012218expAg2H3K9me2_2/Image 20.czi,aged,2.28473566078775,195256955,8.46416104923595,255,0,202012218expAg2H3K9me2_2,2020,8,Microscopist 1,HSC,unknown
268,0.4,0.0131788225549815,0.0131788225549815,20,1024,1024,2,../data/raw_data/aged/202012218expAg2H3K9me2_2/Image 21.czi,aged,2.31037859488016,184310791,8.78862338066101,255,0,202012218expAg2H3K9me2_2,2020,8,Microscopist 1,HSC,unknown
269,0.4,0.0131788225549815,0.0131788225549815,19,1024,1024,2,../data/raw_data/aged/202012218expAg2H3K9me2_2/Image 22.czi,aged,2.23630857002597,181788590,9.1245846999319,255,0,202012218expAg2H3K9me2_2,2020,8,Microscopist 1,HSC,unknown
270,0.4,0.0131788225549815,0.0131788225549815,21,1024,1024,2,../data/raw_data/aged/202012218expAg2H3K9me2_2/Image 23.czi,aged,2.27509638058082,212219042,9.63751665751139,255,0,202012218expAg2H3K9me2_2,2020,8,Microscopist 1,HSC,unknown
271,0.368961137123203,0.0131788225549815,0.0131788225549815,17,1024,1024,3,../data/raw_data/aged/20240118exp_20240124_Ag1H3K9me2488PLA2cy3/Image 20.czi,aged,1.45308422494661,118132289,6.62704293868121,253,0,20240118exp_20240124_Ag1H3K9me2488PLA2cy3,2024,12,Microscopist 1,HSC,unknown
272,0.368961137123203,0.0131788225549815,0.0131788225549815,19,1024,1024,3,../data/raw_data/aged/20240118exp_20240124_Ag1H3K9me2488PLA2cy3/Image 21.czi,aged,1.46719711066635,116133790,5.82914804157458,231,0,20240118exp_20240124_Ag1H3K9me2488PLA2cy3,2024,12,Microscopist 1,HSC,unknown
273,0.368961137123203,0.0131788225549815,0.0131788225549815,19,1024,1024,3,../data/raw_data/aged/20240118exp_20240124_Ag1H3K9me2488PLA2cy3/Image 22.czi,aged,1.43208377296803,120165041,6.03149017534758,250,0,20240118exp_20240124_Ag1H3K9me2488PLA2cy3,2024,12,Microscopist 1,HSC,unknown
274,0.368961137123203,0.0131788225549815,0.0131788225549815,20,1024,1024,3,../data/raw_data/aged/20240118exp_20240124_Ag1H3K9me2488PLA2cy3/Image 23.czi,aged,1.51774565932097,124749321,5.94851117134094,253,0,20240118exp_20240124_Ag1H3K9me2488PLA2cy3,2024,12,Microscopist 1,HSC,unknown
275,0.368961137123203,0.0131788225549815,0.0131788225549815,20,1024,1024,3,../data/raw_data/aged/20240118exp_20240124_Ag1H3K9me2488PLA2cy3/Image 24.czi,aged,1.5316278553136,136195511,6.49430804252625,255,0,20240118exp_20240124_Ag1H3K9me2488PLA2cy3,2024,12,Microscopist 1,HSC,unknown
276,0.368961137123203,0.0131788225549815,0.0131788225549815,23,1024,1024,3,../data/raw_data/aged/20240118exp_20240124_Ag1H3K9me2488PLA2cy3/Image 25.czi,aged,1.38090496825816,139181457,5.77103395047395,254,0,20240118exp_20240124_Ag1H3K9me2488PLA2cy3,2024,12,Microscopist 1,HSC,unknown
277,0.368961137123203,0.0131788225549815,0.0131788225549815,22,1024,1024,3,../data/raw_data/aged/20240118exp_20240124_Ag1H3K9me2488PLA2cy3/Image 26.czi,aged,1.46484496304639,138690795,6.01208405061202,252,0,20240118exp_20240124_Ag1H3K9me2488PLA2cy3,2024,12,Microscopist 1,HSC,unknown
278,0.368961137123203,0.0131788225549815,0.0131788225549815,20,1024,1024,3,../data/raw_data/aged/20240118exp_20240124_Ag1H3K9me2488PLA2cy3/Image 27.czi,aged,1.54212808130289,143444386,6.83996133804321,252,0,20240118exp_20240124_Ag1H3K9me2488PLA2cy3,2024,12,Microscopist 1,HSC,unknown
279,0.368961137123203,0.0131788225549815,0.0131788225549815,22,1024,1024,3,../data/raw_data/aged/20240118exp_20240124_Ag1H3K9me2488PLA2cy3/Image 28.czi,aged,1.52629330401844,153793762,6.66678003831343,255,0,20240118exp_20240124_Ag1H3K9me2488PLA2cy3,2024,12,Microscopist 1,HSC,unknown
280,0.368961137123203,0.0131788225549815,0.0131788225549815,20,1024,1024,3,../data/raw_data/aged/20240118exp_20240124_Ag1H3K9me2488PLA2cy3/Image 30.czi,aged,1.56461973511907,151268412,7.21303997039795,255,0,20240118exp_20240124_Ag1H3K9me2488PLA2cy3,2024,12,Microscopist 1,HSC,unknown
281,0.368961137123203,0.0131788225549815,0.0131788225549815,21,1024,1024,3,../data/raw_data/aged/20240118exp_20240124_Ag1H3K9me2488PLA2cy3/Image 31.czi,aged,1.51257998462684,149833904,6.80441647484189,255,0,20240118exp_20240124_Ag1H3K9me2488PLA2cy3,2024,12,Microscopist 1,HSC,unknown
282,0.368961137123203,0.0131788225549815,0.0131788225549815,20,1024,1024,3,../data/raw_data/aged/20240118exp_20240124_Ag1H3K9me2488PLA2cy3/Image 32.czi,aged,1.59353757573987,141912053,6.76689400672913,253,0,20240118exp_20240124_Ag1H3K9me2488PLA2cy3,2024,12,Microscopist 1,HSC,unknown
283,0.368961137123203,0.0131788225549815,0.0131788225549815,21,1024,1024,3,../data/raw_data/aged/20240118exp_20240126_Ag2ctrlH3K9me2488PLA2cy3/Image 103.czi,aged,1.30488236211215,66192107,3.00598630451021,141,0,20240118exp_20240126_Ag2ctrlH3K9me2488PLA2cy3,2024,13,Microscopist 1,HSC,unknown
284,0.368961137123203,0.0131788225549815,0.0131788225549815,22,1024,1024,3,../data/raw_data/aged/20240118exp_20240126_Ag2ctrlH3K9me2488PLA2cy3/Image 105.czi,aged,1.35347832947495,70784470,3.06842413815585,153,0,20240118exp_20240126_Ag2ctrlH3K9me2488PLA2cy3,2024,13,Microscopist 1,HSC,unknown
285,0.368961137123203,0.0131788225549815,0.0131788225549815,21,1024,1024,3,../data/raw_data/aged/20240118exp_20240126_Ag2ctrlH3K9me2488PLA2cy3/Image 106.czi,aged,1.27705615700081,65912662,2.99329585120791,149,0,20240118exp_20240126_Ag2ctrlH3K9me2488PLA2cy3,2024,13,Microscopist 1,HSC,unknown
286,0.368961137123203,0.0131788225549815,0.0131788225549815,20,1024,1024,3,../data/raw_data/aged/20240118exp_20240126_Ag2ctrlH3K9me2488PLA2cy3/Image 107.czi,aged,1.39415690819554,73846006,3.52125196456909,169,0,20240118exp_20240126_Ag2ctrlH3K9me2488PLA2cy3,2024,13,Microscopist 1,HSC,unknown
287,0.368961137123203,0.0131788225549815,0.0131788225549815,23,1024,1024,3,../data/raw_data/aged/20240118exp_20240126_Ag2ctrlH3K9me2488PLA2cy3/Image 108.czi,aged,1.31130854891677,89629592,3.71641042958135,210,0,20240118exp_20240126_Ag2ctrlH3K9me2488PLA2cy3,2024,13,Microscopist 1,HSC,unknown
288,0.368961137123203,0.0131788225549815,0.0131788225549815,24,1024,1024,3,../data/raw_data/aged/20240118exp_20240126_Ag2ctrlH3K9me2488PLA2cy3/Image 109.czi,aged,1.78689162280773,156673940,6.22566302617391,180,0,20240118exp_20240126_Ag2ctrlH3K9me2488PLA2cy3,2024,13,Microscopist 1,HSC,unknown
289,0.368961137123203,0.0131788225549815,0.0131788225549815,23,1024,1024,3,../data/raw_data/aged/20240118exp_20240126_Ag2ctrlH3K9me2488PLA2cy3/Image 110.czi,aged,1.29868686503463,75468655,3.12923991161844,170,0,20240118exp_20240126_Ag2ctrlH3K9me2488PLA2cy3,2024,13,Microscopist 1,HSC,unknown
290,0.368961137123203,0.0131788225549815,0.0131788225549815,21,1024,1024,3,../data/raw_data/aged/20240118exp_20240126_Ag2ctrlH3K9me2488PLA2cy3/Image 111.czi,aged,1.27447331965374,76631939,3.48009104955764,164,0,20240118exp_20240126_Ag2ctrlH3K9me2488PLA2cy3,2024,13,Microscopist 1,HSC,unknown
291,0.368961137123203,0.0131788225549815,0.0131788225549815,22,1024,1024,3,../data/raw_data/aged/20240118exp_20240126_Ag2ctrlH3K9me2488PLA2cy3/Image 112.czi,aged,1.36546975730184,84593704,3.66703831065785,180,0,20240118exp_20240126_Ag2ctrlH3K9me2488PLA2cy3,2024,13,Microscopist 1,HSC,unknown
292,0.368961137123203,0.0131788225549815,0.0131788225549815,25,1024,1024,3,../data/raw_data/aged/20240118exp_20240126_Ag2ctrlH3K9me2488PLA2cy3/Image 113.czi,aged,1.23551663249787,65089403,2.48296367645264,143,0,20240118exp_20240126_Ag2ctrlH3K9me2488PLA2cy3,2024,13,Microscopist 1,HSC,unknown
293,0.368961137123203,0.0131788225549815,0.0131788225549815,21,1024,1024,3,../data/raw_data/aged/20240118exp_20240126_Ag2ctrlH3K9me2488PLA2cy3/Image 114.czi,aged,1.19374641826782,43740862,1.9864065079462,98,0,20240118exp_20240126_Ag2ctrlH3K9me2488PLA2cy3,2024,13,Microscopist 1,HSC,unknown
294,0.368961137123203,0.0131788225549815,0.0131788225549815,18,1024,1024,3,../data/raw_data/aged/20240118exp_20240126_Ag2ctrlH3K9me2488PLA2cy3/Image 98.czi,aged,1.35583047709491,44089625,2.33595238791572,94,0,20240118exp_20240126_Ag2ctrlH3K9me2488PLA2cy3,2024,13,Microscopist 1,HSC,unknown
295,0.368961137123203,0.0131788225549815,0.0131788225549815,20,1024,1024,3,../data/raw_data/aged/20240118exp_20240126_Ag2ctrlH3K9me2488PLA2cy3/Image 99.czi,aged,1.24022092773778,47289360,2.25493240356445,111,0,20240118exp_20240126_Ag2ctrlH3K9me2488PLA2cy3,2024,13,Microscopist 1,HSC,unknown
296,0.368961137123203,0.0131788225549815,0.0131788225549815,23,1024,1024,3,../data/raw_data/aged/20240402exp_20240404Ag1ctrlH3K9me2488PPLA2/Image 51.czi,aged,1.08347142020585,52569990,2.17976735985797,125,0,20240402exp_20240404Ag1ctrlH3K9me2488PPLA2,2024,10,Microscopist 1,HSC,unknown
297,0.368961137123203,0.0131788225549815,0.0131788225549815,19,1024,1024,3,../data/raw_data/aged/20240402exp_20240404Ag1ctrlH3K9me2488PPLA2/Image 52.czi,aged,1.10211972456447,47802264,2.39935744436164,111,0,20240402exp_20240404Ag1ctrlH3K9me2488PPLA2,2024,10,Microscopist 1,HSC,unknown
298,0.368961137123203,0.0131788225549815,0.0131788225549815,19,1024,1024,3,../data/raw_data/aged/20240402exp_20240404Ag1ctrlH3K9me2488PPLA2/Image 53.czi,aged,1.06591475135669,45338292,2.27568234895405,118,0,20240402exp_20240404Ag1ctrlH3K9me2488PPLA2,2024,10,Microscopist 1,HSC,unknown
299,0.368961137123203,0.0131788225549815,0.0131788225549815,20,1024,1024,3,../data/raw_data/aged/20240402exp_20240404Ag1ctrlH3K9me2488PPLA2/Image 54.czi,aged,1.16276893288025,47051823,2.24360575675964,105,0,20240402exp_20240404Ag1ctrlH3K9me2488PPLA2,2024,10,Microscopist 1,HSC,unknown
300,0.368961137123203,0.0131788225549815,0.0131788225549815,20,1024,1024,3,../data/raw_data/aged/20240402exp_20240404Ag1ctrlH3K9me2488PPLA2/Image 55.czi,aged,1.16419832159177,44250672,2.11003646850586,104,0,20240402exp_20240404Ag1ctrlH3K9me2488PPLA2,2024,10,Microscopist 1,HSC,unknown
301,0.368961137123203,0.0131788225549815,0.0131788225549815,20,1024,1024,3,../data/raw_data/aged/20240402exp_20240404Ag1ctrlH3K9me2488PPLA2/Image 56.czi,aged,1.14750259852497,44497718,2.1218165397644,97,0,20240402exp_20240404Ag1ctrlH3K9me2488PPLA2,2024,10,Microscopist 1,HSC,unknown
302,0.368961137123203,0.0131788225549815,0.0131788225549815,23,1024,1024,3,../data/raw_data/aged/20240402exp_20240404Ag1ctrlH3K9me2488PPLA2/Image 58.czi,aged,1.14452019484976,51301406,2.12716666511867,125,0,20240402exp_20240404Ag1ctrlH3K9me2488PPLA2,2024,10,Microscopist 1,HSC,unknown
303,0.368961137123203,0.0131788225549815,0.0131788225549815,20,1024,1024,3,../data/raw_data/aged/20240402exp_20240404Ag1ctrlH3K9me2488PPLA2/Image 59.czi,aged,1.15674231240376,44354172,2.11497173309326,96,0,20240402exp_20240404Ag1ctrlH3K9me2488PPLA2,2024,10,Microscopist 1,HSC,unknown
304,0.368961137123203,0.0131788225549815,0.0131788225549815,24,1024,1024,3,../data/raw_data/aged/20240402exp_20240404Ag1ctrlH3K9me2488PPLA2/Image 60.czi,aged,1.14578070696026,50049084,1.98877191543579,112,0,20240402exp_20240404Ag1ctrlH3K9me2488PPLA2,2024,10,Microscopist 1,HSC,unknown
305,0.368961137123203,0.0131788225549815,0.0131788225549815,24,1024,1024,3,../data/raw_data/aged/20240402exp_20240404Ag1ctrlH3K9me2488PPLA2/Image 61.czi,aged,1.19782045745249,52516876,2.08683315912882,115,0,20240402exp_20240404Ag1ctrlH3K9me2488PPLA2,2024,10,Microscopist 1,HSC,unknown
306,0.368961137123203,0.0131788225549815,0.0131788225549815,25,1024,1024,3,../data/raw_data/aged/20240402exp_20240407Ag2ctrlH3K9me2488PPLA2/Image 41.czi,aged,1.32008688334135,58607943,2.23571559906006,125,0,20240402exp_20240407Ag2ctrlH3K9me2488PPLA2,2024,8,Microscopist 1,HSC,unknown
307,0.368961137123203,0.0131788225549815,0.0131788225549815,22,1024,1024,3,../data/raw_data/aged/20240402exp_20240407Ag2ctrlH3K9me2488PPLA2/Image 42.czi,aged,1.36656139281131,52542883,2.27767263759266,107,0,20240402exp_20240407Ag2ctrlH3K9me2488PPLA2,2024,8,Microscopist 1,HSC,unknown
308,0.368961137123203,0.0131788225549815,0.0131788225549815,20,1024,1024,3,../data/raw_data/aged/20240402exp_20240407Ag2ctrlH3K9me2488PPLA2/Image 43.czi,aged,1.3800440224758,47793925,2.27899193763733,99,0,20240402exp_20240407Ag2ctrlH3K9me2488PPLA2,2024,8,Microscopist 1,HSC,unknown
309,0.368961137123203,0.0131788225549815,0.0131788225549815,21,1024,1024,3,../data/raw_data/aged/20240402exp_20240407Ag2ctrlH3K9me2488PPLA2/Image 44.czi,aged,1.14687234246972,42317914,1.92178608122326,92,0,20240402exp_20240407Ag2ctrlH3K9me2488PPLA2,2024,8,Microscopist 1,HSC,unknown
310,0.368961137123203,0.0131788225549815,0.0131788225549815,25,1024,1024,3,../data/raw_data/aged/20240402exp_20240407Ag2ctrlH3K9me2488PPLA2/Image 46.czi,aged,1.14687234246972,46031378,1.75595771789551,86,0,20240402exp_20240407Ag2ctrlH3K9me2488PPLA2,2024,8,Microscopist 1,HSC,unknown
311,0.368961137123203,0.0131788225549815,0.0131788225549815,24,1024,1024,3,../data/raw_data/aged/20240402exp_20240407Ag2ctrlH3K9me2488PPLA2/Image 47.czi,aged,1.21193334317222,46549694,1.84971865018209,90,0,20240402exp_20240407Ag2ctrlH3K9me2488PPLA2,2024,8,Microscopist 1,HSC,unknown
312,0.368961137123203,0.0131788225549815,0.0131788225549815,22,1024,1024,3,../data/raw_data/aged/20240402exp_20240407Ag2ctrlH3K9me2488PPLA2/Image 48.czi,aged,1.35927426022433,55080407,2.38767134059559,100,0,20240402exp_20240407Ag2ctrlH3K9me2488PPLA2,2024,8,Microscopist 1,HSC,unknown
313,0.368961137123203,0.0131788225549815,0.0131788225549815,24,1024,1024,3,../data/raw_data/aged/20240402exp_20240407Ag2ctrlH3K9me2488PPLA2/Image 49.czi,aged,1.37252620016171,56530776,2.24633121490479,109,0,20240402exp_20240407Ag2ctrlH3K9me2488PPLA2,2024,8,Microscopist 1,HSC,unknown
314,0.2,0.0131530567956349,0.0131530567956349,46,1024,1024,1,../data/raw_data/aged/03FABL6Untreated/Exp3ABl6Untreated-01.czi,aged,2.75071036103483,634078193,13.1457410273345,255,0,03FABL6Untreated,2024,52,Microscopist 2,HSC,F
315,0.2,0.0131530567956349,0.0131530567956349,46,1024,1024,1,../data/raw_data/aged/03FABL6Untreated/Exp3ABl6Untreated-02.czi,aged,2.63633041722514,773720802,16.0408186290575,255,0,03FABL6Untreated,2024,52,Microscopist 2,HSC,F
316,0.2,0.0131530567956349,0.0131530567956349,38,1024,1024,1,../data/raw_data/aged/03FABL6Untreated/Exp3ABl6Untreated-03.czi,aged,2.08644662875288,223422294,5.60716061843069,149,0,03FABL6Untreated,2024,52,Microscopist 2,HSC,F
317,0.2,0.0131530567956349,0.0131530567956349,40,1024,1024,1,../data/raw_data/aged/03FABL6Untreated/Exp3ABl6Untreated-04.czi,aged,2.66995255308585,326411084,7.78224668502808,215,0,03FABL6Untreated,2024,52,Microscopist 2,HSC,F
318,0.2,0.0131530567956349,0.0131530567956349,47,1024,1024,1,../data/raw_data/aged/03FABL6Untreated/Exp3ABl6Untreated-05.czi,aged,2.42254436110787,361654990,7.33832075240764,241,0,03FABL6Untreated,2024,52,Microscopist 2,HSC,F
319,0.2,0.0131530567956349,0.0131530567956349,45,1024,1024,1,../data/raw_data/aged/03FABL6Untreated/Exp3ABl6Untreated-06.czi,aged,2.57120760339655,506974621,10.7441927803887,255,0,03FABL6Untreated,2024,52,Microscopist 2,HSC,F
320,0.2,0.0131530567956349,0.0131530567956349,47,1024,1024,1,../data/raw_data/aged/03FABL6Untreated/Exp3ABl6Untreated-07.czi,aged,2.68900042377261,661418426,13.4208035164691,255,0,03FABL6Untreated,2024,52,Microscopist 2,HSC,F
321,0.2,0.0131530567956349,0.0131530567956349,48,1024,1024,1,../data/raw_data/aged/03FABL6Untreated/Exp3ABl6Untreated-08.czi,aged,2.46931137343102,472358137,9.3849129875501,255,0,03FABL6Untreated,2024,52,Microscopist 2,HSC,F
322,0.2,0.0131530567956349,0.0131530567956349,50,1024,1024,1,../data/raw_data/aged/03FABL6Untreated/Exp3ABl6Untreated-09.czi,aged,2.62198684177829,690802961,13.1760208320618,255,0,03FABL6Untreated,2024,52,Microscopist 2,HSC,F
323,0.2,0.0131530567956349,0.0131530567956349,42,1024,1024,1,../data/raw_data/aged/03FABL6Untreated/Exp3ABl6Untreated-10.czi,aged,2.3748711526535,395548625,8.98153725124541,255,0,03FABL6Untreated,2024,52,Microscopist 2,HSC,F
324,0.2,0.0131530567956349,0.0131530567956349,40,1024,1024,1,../data/raw_data/aged/03FABL6Untreated/Exp3ABl6Untreated-11.czi,aged,2.38841559544407,362343168,8.63893432617187,253,0,03FABL6Untreated,2024,52,Microscopist 2,HSC,F
325,0.2,0.0131530567956349,0.0131530567956349,44,1024,1024,1,../data/raw_data/aged/03FABL6Untreated/Exp3ABl6Untreated-12.czi,aged,2.36029688747955,384473827,8.33324577591636,255,0,03FABL6Untreated,2024,52,Microscopist 2,HSC,F
326,0.2,0.0131530567956349,0.0131530567956349,40,1024,1024,1,../data/raw_data/aged/03FABL6Untreated/Exp3ABl6Untreated-13.czi,aged,2.20636090702179,290844685,6.93427765369415,206,0,03FABL6Untreated,2024,52,Microscopist 2,HSC,F
327,0.2,0.0131530567956349,0.0131530567956349,38,1024,1024,1,../data/raw_data/aged/03FABL6Untreated/Exp3ABl6Untreated-14.czi,aged,2.20848236491463,279800645,7.02207075922113,214,0,03FABL6Untreated,2024,52,Microscopist 2,HSC,F
328,0.2,0.0131530567956349,0.0131530567956349,40,1024,1024,1,../data/raw_data/aged/03FABL6Untreated/Exp3ABl6Untreated-15.czi,aged,2.26568779010099,286467207,6.82991044521332,203,0,03FABL6Untreated,2024,52,Microscopist 2,HSC,F
329,0.2,0.0131530567956349,0.0131530567956349,42,1024,1024,1,../data/raw_data/aged/03FABL6Untreated/Exp3ABl6Untreated-16.czi,aged,2.16206966857076,273411437,6.2082253637768,182,0,03FABL6Untreated,2024,52,Microscopist 2,HSC,F
330,0.2,0.0131530567956349,0.0131530567956349,42,1024,1024,1,../data/raw_data/aged/03FABL6Untreated/Exp3ABl6Untreated-17.czi,aged,2.27446612452557,271062758,6.15489501044864,181,0,03FABL6Untreated,2024,52,Microscopist 2,HSC,F
331,0.2,0.0131530567956349,0.0131530567956349,43,1024,1024,1,../data/raw_data/aged/03FABL6Untreated/Exp3ABl6Untreated-18.czi,aged,2.15690399387662,260415311,5.77561380696851,169,0,03FABL6Untreated,2024,52,Microscopist 2,HSC,F
332,0.2,0.0131530567956349,0.0131530567956349,39,1024,1024,1,../data/raw_data/aged/03FABL6Untreated/Exp3ABl6Untreated-19.czi,aged,2.09459470712221,232168956,5.67727103600135,147,0,03FABL6Untreated,2024,52,Microscopist 2,HSC,F
333,0.2,0.0131530567956349,0.0131530567956349,40,1024,1024,1,../data/raw_data/aged/03FABL6Untreated/Exp3ABl6Untreated-20.czi,aged,2.18237805136801,224964951,5.36358239650726,151,0,03FABL6Untreated,2024,52,Microscopist 2,HSC,F
334,0.2,0.0131530567956349,0.0131530567956349,44,1024,1024,1,../data/raw_data/aged/03FABL6Untreated/Exp3ABl6Untreated-21.czi,aged,2.30934877249678,284267309,6.16132799061862,159,0,03FABL6Untreated,2024,52,Microscopist 2,HSC,F
335,0.2,0.0131530567956349,0.0131530567956349,42,1024,1024,1,../data/raw_data/aged/03FABL6Untreated/Exp3ABl6Untreated-22.czi,aged,2.26310495275393,268610249,6.09920703797113,172,0,03FABL6Untreated,2024,52,Microscopist 2,HSC,F
336,0.2,0.0131530567956349,0.0131530567956349,40,1024,1024,1,../data/raw_data/aged/03FABL6Untreated/Exp3ABl6Untreated-23.czi,aged,2.30550542303922,254422943,6.06591565608978,177,0,03FABL6Untreated,2024,52,Microscopist 2,HSC,F
337,0.2,0.0131530567956349,0.0131530567956349,40,1024,1024,1,../data/raw_data/aged/03FABL6Untreated/Exp3ABl6Untreated-24.czi,aged,2.18748191293605,257166831,6.13133504390717,197,0,03FABL6Untreated,2024,52,Microscopist 2,HSC,F
338,0.2,0.0131530567956349,0.0131530567956349,43,1024,1024,1,../data/raw_data/aged/03FABL6Untreated/Exp3ABl6Untreated-25.czi,aged,2.20079566599952,345766580,7.66857457715412,236,0,03FABL6Untreated,2024,52,Microscopist 2,HSC,F
339,0.2,0.0131530567956349,0.0131530567956349,45,1024,1024,1,../data/raw_data/aged/03FABL6Untreated/Exp3ABl6Untreated-26.czi,aged,2.11943850855835,321110923,6.805227555169,236,0,03FABL6Untreated,2024,52,Microscopist 2,HSC,F
340,0.2,0.0131530567956349,0.0131530567956349,38,1024,1024,1,../data/raw_data/aged/03FABL6Untreated/Exp3ABl6Untreated-27.czi,aged,2.3127925556262,312999707,7.85525741075215,210,0,03FABL6Untreated,2024,52,Microscopist 2,HSC,F
341,0.2,0.0131530567956349,0.0131530567956349,42,1024,1024,1,../data/raw_data/aged/03FABL6Untreated/Exp3ABl6Untreated-28.czi,aged,2.37029048366575,351035790,7.97080516815186,225,0,03FABL6Untreated,2024,52,Microscopist 2,HSC,F
342,0.2,0.0131530567956349,0.0131530567956349,44,1024,1024,1,../data/raw_data/aged/03FABL6Untreated/Exp3ABl6Untreated-29.czi,aged,2.35410139040203,380267020,8.2420656897805,244,0,03FABL6Untreated,2024,52,Microscopist 2,HSC,F
343,0.2,0.0131530567956349,0.0131530567956349,42,1024,1024,1,../data/raw_data/aged/03FABL6Untreated/Exp3ABl6Untreated-30.czi,aged,2.33780523366337,365056502,8.28916690463112,252,0,03FABL6Untreated,2024,52,Microscopist 2,HSC,F
344,0.2,0.0131530567956349,0.0131530567956349,49,1024,1024,1,../data/raw_data/aged/03FABL6Untreated/Exp3ABl6Untreated-31.czi,aged,2.20917443409596,422457004,8.22217131634148,255,0,03FABL6Untreated,2024,52,Microscopist 2,HSC,F
345,0.2,0.0131530567956349,0.0131530567956349,48,1024,1024,1,../data/raw_data/aged/03FABL6Untreated/Exp3ABl6Untreated-32.czi,aged,2.45261565036422,437416392,8.69068288803101,255,0,03FABL6Untreated,2024,52,Microscopist 2,HSC,F
346,0.2,0.0131530567956349,0.0131530567956349,46,1024,1024,1,../data/raw_data/aged/03FABL6Untreated/Exp3ABl6Untreated-33.czi,aged,2.40143684565435,411882131,8.53916108089945,255,0,03FABL6Untreated,2024,52,Microscopist 2,HSC,F
347,0.2,0.0131530567956349,0.0131530567956349,43,1024,1024,1,../data/raw_data/aged/03FABL6Untreated/Exp3ABl6Untreated-34.czi,aged,2.34234065230225,501369477,11.119609145231,255,0,03FABL6Untreated,2024,52,Microscopist 2,HSC,F
348,0.2,0.0131530567956349,0.0131530567956349,52,1024,1024,1,../data/raw_data/aged/03FABL6Untreated/Exp3ABl6Untreated-35.czi,aged,2.34234065230225,489376430,8.97511023741502,255,0,03FABL6Untreated,2024,52,Microscopist 2,HSC,F
349,0.2,0.0131530567956349,0.0131530567956349,45,1024,1024,1,../data/raw_data/aged/03FABL6Untreated/Exp3ABl6Untreated-36.czi,aged,2.71258371309826,788932359,16.7196561813355,255,0,03FABL6Untreated,2024,52,Microscopist 2,HSC,F
350,0.2,0.0131530567956349,0.0131530567956349,51,1024,1024,1,../data/raw_data/aged/03FABL6Untreated/Exp3ABl6Untreated-37.czi,aged,2.64510875164972,951737314,17.7970084770053,255,0,03FABL6Untreated,2024,52,Microscopist 2,HSC,F
351,0.2,0.0131530567956349,0.0131530567956349,41,1024,1024,1,../data/raw_data/aged/03FABL6Untreated/Exp3ABl6Untreated-38.czi,aged,2.5903172872094,500349540,11.6383050127727,255,0,03FABL6Untreated,2024,52,Microscopist 2,HSC,F
352,0.2,0.0131530567956349,0.0131530567956349,46,1024,1024,1,../data/raw_data/aged/03FABL6Untreated/Exp3ABl6Untreated-39.czi,aged,2.56352090448144,454254517,9.41762752118318,255,0,03FABL6Untreated,2024,52,Microscopist 2,HSC,F
353,0.2,0.0131530567956349,0.0131530567956349,45,1024,1024,1,../data/raw_data/aged/03FABL6Untreated/Exp3ABl6Untreated-40.czi,aged,2.38514068891568,504512953,10.6920232348972,255,0,03FABL6Untreated,2024,52,Microscopist 2,HSC,F
354,0.2,0.0131530567956349,0.0131530567956349,43,1024,1024,1,../data/raw_data/aged/03FABL6Untreated/Exp3ABl6Untreated-41.czi,aged,2.35290269141762,406418514,9.01374182590218,249,0,03FABL6Untreated,2024,52,Microscopist 2,HSC,F
355,0.2,0.0131530567956349,0.0131530567956349,49,1024,1024,1,../data/raw_data/aged/03FABL6Untreated/Exp3ABl6Untreated-42.czi,aged,2.52605541916317,611411266,11.8997392070537,230,0,03FABL6Untreated,2024,52,Microscopist 2,HSC,F
356,0.2,0.0131530567956349,0.0131530567956349,38,1024,1024,1,../data/raw_data/aged/03FABL6Untreated/Exp3ABl6Untreated-43.czi,aged,2.45599762036756,379441361,9.52272317284032,245,0,03FABL6Untreated,2024,52,Microscopist 2,HSC,F
357,0.2,0.0131530567956349,0.0131530567956349,43,1024,1024,1,../data/raw_data/aged/03FABL6Untreated/Exp3ABl6Untreated-44.czi,aged,2.11622541515604,335464699,7.44009459295938,233,0,03FABL6Untreated,2024,52,Microscopist 2,HSC,F
358,0.2,0.0131530567956349,0.0131530567956349,44,1024,1024,1,../data/raw_data/aged/03FABL6Untreated/Exp3ABl6Untreated-45.czi,aged,2.33677541127998,363064644,7.86921423131769,208,0,03FABL6Untreated,2024,52,Microscopist 2,HSC,F
359,0.2,0.0131530567956349,0.0131530567956349,42,1024,1024,1,../data/raw_data/aged/03FABL6Untreated/Exp3ABl6Untreated-46.czi,aged,2.31623633875562,371951078,8.44571881067185,223,0,03FABL6Untreated,2024,52,Microscopist 2,HSC,F
360,0.2,0.0131530567956349,0.0131530567956349,48,1024,1024,1,../data/raw_data/aged/03FABL6Untreated/Exp3ABl6Untreated-47.czi,aged,2.39219713177555,364750225,7.2469358642896,219,0,03FABL6Untreated,2024,52,Microscopist 2,HSC,F
361,0.2,0.0131530567956349,0.0131530567956349,41,1024,1024,1,../data/raw_data/aged/03FABL6Untreated/Exp3ABl6Untreated-48.czi,aged,2.27274423296086,388667744,9.04054744069169,244,0,03FABL6Untreated,2024,52,Microscopist 2,HSC,F
362,0.2,0.0131530567956349,0.0131530567956349,45,1024,1024,1,../data/raw_data/aged/03FABL6Untreated/Exp3ABl6Untreated-49.czi,aged,2.30894920616864,395734742,8.38671243455675,225,0,03FABL6Untreated,2024,52,Microscopist 2,HSC,F
363,0.2,0.0131530567956349,0.0131530567956349,39,1024,1024,1,../data/raw_data/aged/03FABL6Untreated/Exp3ABl6Untreated-50.czi,aged,2.2155388077745,288138377,7.0459017875867,184,0,03FABL6Untreated,2024,52,Microscopist 2,HSC,F
364,0.2,0.0131530567956349,0.0131530567956349,44,1024,1024,1,../data/raw_data/aged/03FABL6Untreated/Exp3ABl6Untreated-51.czi,aged,2.45967209322409,347031769,7.52171102437106,174,0,03FABL6Untreated,2024,52,Microscopist 2,HSC,F
365,0.2,0.0131530567956349,0.0131530567956349,37,1024,1024,1,../data/raw_data/aged/03FABL6Untreated/Exp3ABl6Untreated-52.czi,aged,2.07829855038355,207514042,5.34867059862292,151,0,03FABL6Untreated,2024,52,Microscopist 2,HSC,F
366,0.368961137123203,0.0131788225549815,0.0131788225549815,25,1024,1024,2,../data/raw_data/aged/20240402exp_20240411_Ag1ctrlG9aCy3/Image 10.czi,aged,0.903830692529598,90643980,3.45779342651367,184,0,20240402exp_20240411_Ag1ctrlG9aCy3,2024,4,Microscopist 1,HSC,unknown
367,0.368961137123203,0.0131788225549815,0.0131788225549815,28,1024,1024,2,../data/raw_data/aged/20240402exp_20240411_Ag1ctrlG9aCy3/Image 11.czi,aged,1.02844926603842,92100083,3.13691013199942,162,0,20240402exp_20240411_Ag1ctrlG9aCy3,2024,4,Microscopist 1,HSC,unknown
368,0.368961137123203,0.0131788225549815,0.0131788225549815,25,1024,1024,2,../data/raw_data/aged/20240402exp_20240411_Ag1ctrlG9aCy3/Image 12.czi,aged,0.989492578882542,90866983,3.46630031585693,185,0,20240402exp_20240411_Ag1ctrlG9aCy3,2024,4,Microscopist 1,HSC,unknown
369,0.368961137123203,0.0131788225549815,0.0131788225549815,24,1024,1024,2,../data/raw_data/aged/20240402exp_20240411_Ag1ctrlG9aCy3/Image 13.czi,aged,1.02437522685375,83574131,3.32093759377797,157,0,20240402exp_20240411_Ag1ctrlG9aCy3,2024,4,Microscopist 1,HSC,unknown
370,0.368961137123203,0.0131788225549815,0.0131788225549815,29,1024,1024,2,../data/raw_data/aged/20240402exp_20240417_Ag2ctrlG9aCy3/Image 72.czi,aged,1.11474140844661,64948319,2.13584633531242,142,0,20240402exp_20240417_Ag2ctrlG9aCy3,2024,11,Microscopist 1,HSC,unknown
371,0.368961137123203,0.0131788225549815,0.0131788225549815,26,1024,1024,2,../data/raw_data/aged/20240402exp_20240417_Ag2ctrlG9aCy3/Image 73.czi,aged,1.25542544896698,62827740,2.30450776907114,132,0,20240402exp_20240417_Ag2ctrlG9aCy3,2024,11,Microscopist 1,HSC,unknown
372,0.368961137123203,0.0131788225549815,0.0131788225549815,24,1024,1024,2,../data/raw_data/aged/20240402exp_20240417_Ag2ctrlG9aCy3/Image 74.czi,aged,1.24022092773778,59381275,2.35959986845652,132,0,20240402exp_20240417_Ag2ctrlG9aCy3,2024,11,Microscopist 1,HSC,unknown
373,0.368961137123203,0.0131788225549815,0.0131788225549815,22,1024,1024,2,../data/raw_data/aged/20240402exp_20240417_Ag2ctrlG9aCy3/Image 75.czi,aged,1.25840785264218,56613601,2.4541335105896,111,0,20240402exp_20240417_Ag2ctrlG9aCy3,2024,11,Microscopist 1,HSC,unknown
374,0.368961137123203,0.0131788225549815,0.0131788225549815,24,1024,1024,2,../data/raw_data/aged/20240402exp_20240417_Ag2ctrlG9aCy3/Image 76.czi,aged,1.24194281930249,56951431,2.26304654280345,106,0,20240402exp_20240417_Ag2ctrlG9aCy3,2024,11,Microscopist 1,HSC,unknown
375,0.368961137123203,0.0131788225549815,0.0131788225549815,23,1024,1024,2,../data/raw_data/aged/20240402exp_20240417_Ag2ctrlG9aCy3/Image 78.czi,aged,1.21882090943106,55829399,2.31491582289986,116,0,20240402exp_20240417_Ag2ctrlG9aCy3,2024,11,Microscopist 1,HSC,unknown
376,0.368961137123203,0.0131788225549815,0.0131788225549815,28,1024,1024,2,../data/raw_data/aged/20240402exp_20240417_Ag2ctrlG9aCy3/Image 79.czi,aged,1.23230353909556,59270625,2.01874545642308,109,0,20240402exp_20240417_Ag2ctrlG9aCy3,2024,11,Microscopist 1,HSC,unknown
377,0.368961137123203,0.0131788225549815,0.0131788225549815,23,1024,1024,2,../data/raw_data/aged/20240402exp_20240417_Ag2ctrlG9aCy3/Image 80.czi,aged,1.23081233725796,53673269,2.22551383142886,117,0,20240402exp_20240417_Ag2ctrlG9aCy3,2024,11,Microscopist 1,HSC,unknown
378,0.368961137123203,0.0131788225549815,0.0131788225549815,26,1024,1024,2,../data/raw_data/aged/20240402exp_20240417_Ag2ctrlG9aCy3/Image 82.czi,aged,1.14084572199323,55478385,2.03493503423838,117,0,20240402exp_20240417_Ag2ctrlG9aCy3,2024,11,Microscopist 1,HSC,unknown
379,0.368961137123203,0.0131788225549815,0.0131788225549815,27,1024,1024,2,../data/raw_data/aged/20240402exp_20240417_Ag2ctrlG9aCy3/Image 83.czi,aged,1.04044069386531,53228700,1.88010533650716,115,0,20240402exp_20240417_Ag2ctrlG9aCy3,2024,11,Microscopist 1,HSC,unknown
380,0.368961137123203,0.0131788225549815,0.0131788225549815,22,1024,1024,2,../data/raw_data/aged/20240402exp_20240423_Ag1ctrlG9aCy3/Image 10.czi,aged,1.42910136929283,90171875,3.90884551134976,170,0,20240402exp_20240423_Ag1ctrlG9aCy3,2024,5,Microscopist 1,HSC,unknown
381,0.368961137123203,0.0131788225549815,0.0131788225549815,23,1024,1024,2,../data/raw_data/aged/20240402exp_20240423_Ag1ctrlG9aCy3/Image 11.czi,aged,1.35692211260437,86771229,3.59789097827414,157,0,20240402exp_20240423_Ag1ctrlG9aCy3,2024,5,Microscopist 1,HSC,unknown
382,0.368961137123203,0.0131788225549815,0.0131788225549815,24,1024,1024,2,../data/raw_data/aged/20240402exp_20240423_Ag1ctrlG9aCy3/Image 12.czi,aged,1.51281067435395,86544813,3.43898189067841,149,0,20240402exp_20240423_Ag1ctrlG9aCy3,2024,5,Microscopist 1,HSC,unknown
383,0.368961137123203,0.0131788225549815,0.0131788225549815,23,1024,1024,2,../data/raw_data/aged/20240402exp_20240423_Ag1ctrlG9aCy3/Image 8.czi,aged,1.39587879976025,94436947,3.91574308146601,182,0,20240402exp_20240423_Ag1ctrlG9aCy3,2024,5,Microscopist 1,HSC,unknown
384,0.368961137123203,0.0131788225549815,0.0131788225549815,24,1024,1024,2,../data/raw_data/aged/20240402exp_20240423_Ag1ctrlG9aCy3/Image 9.czi,aged,1.65607755222139,96522991,3.83547906080882,163,0,20240402exp_20240423_Ag1ctrlG9aCy3,2024,5,Microscopist 1,HSC,unknown
385,0.319,0.0131788225549815,0.0131788225549815,33,1024,1024,3,../data/raw_data/aged/20240618exp_20240625_AgctrlRhoAGTP647Klf4488/Image 51.czi,aged,2.20676047334992,140545119,4.06164455413818,169,0,20240618exp_20240625_AgctrlRhoAGTP647Klf4488,2024,5,Microscopist 1,HSC,unknown
386,0.319,0.0131788225549815,0.0131788225549815,29,1024,1024,3,../data/raw_data/aged/20240618exp_20240625_AgctrlRhoAGTP647Klf4488/Image 52.czi,aged,2.04169401084763,127608440,4.1964445442989,164,0,20240618exp_20240625_AgctrlRhoAGTP647Klf4488,2024,5,Microscopist 1,HSC,unknown
387,0.319,0.0131788225549815,0.0131788225549815,28,1024,1024,3,../data/raw_data/aged/20240618exp_20240625_AgctrlRhoAGTP647Klf4488/Image 53.czi,aged,2.15369090047431,124120627,4.22752336093358,193,0,20240618exp_20240625_AgctrlRhoAGTP647Klf4488,2024,5,Microscopist 1,HSC,unknown
388,0.319,0.0131788225549815,0.0131788225549815,27,1024,1024,3,../data/raw_data/aged/20240618exp_20240625_AgctrlRhoAGTP647Klf4488/Image 54.czi,aged,2.2492227567613,123684261,4.36868529849582,178,0,20240618exp_20240625_AgctrlRhoAGTP647Klf4488,2024,5,Microscopist 1,HSC,unknown
389,0.319,0.0131788225549815,0.0131788225549815,32,1024,1024,3,../data/raw_data/aged/20240618exp_20240625_AgctrlRhoAGTP647Klf4488/Image 55.czi,aged,2.28662642895349,133943429,3.99182525277138,153,0,20240618exp_20240625_AgctrlRhoAGTP647Klf4488,2024,5,Microscopist 1,HSC,unknown
390,0.319,0.0131788225549815,0.0131788225549815,25,1024,1024,3,../data/raw_data/aged/20240618exp_20240708_AgctrlGTP647Klf4488/Image 34.czi,aged,2.84425872946695,147696164,5.63416152954102,132,0,20240618exp_20240708_AgctrlGTP647Klf4488,2024,10,Microscopist 1,HSC,unknown
391,0.319,0.0131788225549815,0.0131788225549815,27,1024,1024,3,../data/raw_data/aged/20240618exp_20240708_AgctrlGTP647Klf4488/Image 35.czi,aged,2.60569068503962,141579908,5.00078229550962,135,0,20240618exp_20240708_AgctrlGTP647Klf4488,2024,10,Microscopist 1,HSC,unknown
392,0.319,0.0131788225549815,0.0131788225549815,21,1024,1024,3,../data/raw_data/aged/20240618exp_20240708_AgctrlGTP647Klf4488/Image 36.czi,aged,2.79394087053943,133948610,6.08301662263416,147,0,20240618exp_20240708_AgctrlGTP647Klf4488,2024,10,Microscopist 1,HSC,unknown
393,0.319,0.0131788225549815,0.0131788225549815,27,1024,1024,3,../data/raw_data/aged/20240618exp_20240708_AgctrlGTP647Klf4488/Image 37.czi,aged,2.58429066673291,136775258,4.83107595090513,117,0,20240618exp_20240708_AgctrlGTP647Klf4488,2024,10,Microscopist 1,HSC,unknown
394,0.319,0.0131788225549815,0.0131788225549815,22,1024,1024,3,../data/raw_data/aged/20240618exp_20240708_AgctrlGTP647Klf4488/Image 38.czi,aged,2.54556466930414,112209384,4.86414579911666,122,0,20240618exp_20240708_AgctrlGTP647Klf4488,2024,10,Microscopist 1,HSC,unknown
395,0.319,0.0131788225549815,0.0131788225549815,24,1024,1024,3,../data/raw_data/aged/20240618exp_20240708_AgctrlGTP647Klf4488/Image 39.czi,aged,2.64958235716252,120826661,4.8012201388677,109,0,20240618exp_20240708_AgctrlGTP647Klf4488,2024,10,Microscopist 1,HSC,unknown
396,0.319,0.0131788225549815,0.0131788225549815,29,1024,1024,3,../data/raw_data/aged/20240618exp_20240708_AgctrlGTP647Klf4488/Image 40.czi,aged,2.6857873303703,140951212,4.63522588795629,104,0,20240618exp_20240708_AgctrlGTP647Klf4488,2024,10,Microscopist 1,HSC,unknown
397,0.319,0.0131788225549815,0.0131788225549815,30,1024,1024,3,../data/raw_data/aged/20240618exp_20240708_AgctrlGTP647Klf4488/Image 41.czi,aged,2.93932920629971,166917963,5.30617914199829,126,0,20240618exp_20240708_AgctrlGTP647Klf4488,2024,10,Microscopist 1,HSC,unknown
398,0.319,0.0135864150051356,0.0135864150051356,27,1024,1024,3,../data/raw_data/aged/20240618exp_20240708_AgctrlGTP647Klf4488/Image 42.czi,aged,2.75515305998458,146842290,5.18665631612142,118,0,20240618exp_20240708_AgctrlGTP647Klf4488,2024,10,Microscopist 1,HSC,unknown
399,0.319,0.0131788225549815,0.0131788225549815,26,1024,1024,3,../data/raw_data/aged/20240618exp_20240708_AgctrlGTP647Klf4488/Image 43.czi,aged,2.95218157990896,152192133,5.58237416927631,128,0,20240618exp_20240708_AgctrlGTP647Klf4488,2024,10,Microscopist 1,HSC,unknown
400,0.2,0.0131530567956349,0.0131530567956349,39,1024,1024,1,../data/raw_data/aged/20241016exp_20241023_AgDAPI/Ag-01.czi,aged,1.33443045878819,207030527,5.06255631569104,214,0,20241016exp_20241023_AgDAPI,2024,13,Microscopist 1,HSC,unknown
401,0.2,0.0131530567956349,0.0131530567956349,45,1024,1024,1,../data/raw_data/aged/20241016exp_20241023_AgDAPI/Ag-02.czi,aged,1.35370901920206,221296462,4.68988338046604,212,0,20241016exp_20241023_AgDAPI,2024,13,Microscopist 1,HSC,unknown
402,0.2,0.0131530567956349,0.0131530567956349,44,1024,1024,1,../data/raw_data/aged/20241016exp_20241023_AgDAPI/Ag-03.czi,aged,1.42950093562096,234658725,5.08609088984403,240,0,20241016exp_20241023_AgDAPI,2024,13,Microscopist 1,HSC,unknown
403,0.2,0.0131530567956349,0.0131530567956349,41,1024,1024,1,../data/raw_data/aged/20241016exp_20241023_AgDAPI/Ag-04.czi,aged,1.46249281542643,214441198,4.98797714419481,189,0,20241016exp_20241023_AgDAPI,2024,13,Microscopist 1,HSC,unknown
404,0.2,0.0131530567956349,0.0131530567956349,46,1024,1024,1,../data/raw_data/aged/20241016exp_20241023_AgDAPI/Ag-05.czi,aged,1.43977047188314,261582383,5.4231391367705,231,0,20241016exp_20241023_AgDAPI,2024,13,Microscopist 1,HSC,unknown
405,0.2,0.0131530567956349,0.0131530567956349,47,1024,1024,1,../data/raw_data/aged/20241016exp_20241023_AgDAPI/Ag-06.czi,aged,1.54901564756173,339176952,6.8822201667948,208,0,20241016exp_20241023_AgDAPI,2024,13,Microscopist 1,HSC,unknown
406,0.2,0.0131530567956349,0.0131530567956349,46,1024,1024,1,../data/raw_data/aged/20241016exp_20241023_AgDAPI/Ag-07.czi,aged,1.44470545685017,219616189,4.55309388948523,199,0,20241016exp_20241023_AgDAPI,2024,13,Microscopist 1,HSC,unknown
407,0.2,0.0131530567956349,0.0131530567956349,37,1024,1024,1,../data/raw_data/aged/20241016exp_20241023_AgDAPI/Ag-08.czi,aged,1.37494016090775,214521518,5.52928816305625,212,0,20241016exp_20241023_AgDAPI,2024,13,Microscopist 1,HSC,unknown
408,0.2,0.0131530567956349,0.0131530567956349,38,1024,1024,1,../data/raw_data/aged/20241016exp_20241023_AgDAPI/Ag-09.czi,aged,1.44407520079492,213614045,5.36100600895129,204,0,20241016exp_20241023_AgDAPI,2024,13,Microscopist 1,HSC,unknown
409,0.2,0.0131530567956349,0.0131530567956349,38,1024,1024,1,../data/raw_data/aged/20241016exp_20241023_AgDAPI/Ag-10.czi,aged,1.39415690819554,203779313,5.11418676376343,216,0,20241016exp_20241023_AgDAPI,2024,13,Microscopist 1,HSC,unknown
410,0.2,0.0131530567956349,0.0131530567956349,39,1024,1024,1,../data/raw_data/aged/20241016exp_20241023_AgDAPI/Ag-11.czi,aged,1.36914423015837,197631402,4.83271774878869,191,0,20241016exp_20241023_AgDAPI,2024,13,Microscopist 1,HSC,unknown
411,0.2,0.0131530567956349,0.0131530567956349,39,1024,1024,1,../data/raw_data/aged/20241016exp_20241023_AgDAPI/Ag-12.czi,aged,1.28003856067601,180875871,4.42299160590539,179,0,20241016exp_20241023_AgDAPI,2024,13,Microscopist 1,HSC,unknown
412,0.2,0.0131530567956349,0.0131530567956349,40,1024,1024,1,../data/raw_data/aged/20241016exp_20241023_AgDAPI/Ag-13.czi,aged,1.38733115506278,188209223,4.48725755214691,193,0,20241016exp_20241023_AgDAPI,2024,13,Microscopist 1,HSC,unknown
413,0.2,0.0131530567956349,0.0131530567956349,1,1024,1024,2,../data/raw_data/aged/20241030exp_20241105_AgLaminB488/ag-01.czi,aged,5.93384665634604E-17,3296017,3.14332675933838,58,0,20241030exp_20241105_AgLaminB488,2024,17,Microscopist 1,HSC,unknown
414,0.21,0.0131530567956349,0.0131530567956349,37,1024,1024,2,../data/raw_data/aged/20241030exp_20241105_AgLaminB488/ag-03.czi,aged,1.4104530649342,338168630,8.71629019041319,255,0,20241030exp_20241105_AgLaminB488,2024,17,Microscopist 1,HSC,unknown
415,0.21,0.0131530567956349,0.0131530567956349,39,1024,1024,2,../data/raw_data/aged/20241030exp_20241105_AgLaminB488/ag-04.czi,aged,1.36593113675606,306426830,7.49311275971242,255,0,20241030exp_20241105_AgLaminB488,2024,17,Microscopist 1,HSC,unknown
416,0.21,0.0131530567956349,0.0131530567956349,37,1024,1024,2,../data/raw_data/aged/20241030exp_20241105_AgLaminB488/ag-05.czi,aged,1.35221781736446,286347770,7.38060848132984,249,0,20241030exp_20241105_AgLaminB488,2024,17,Microscopist 1,HSC,unknown
417,0.21,0.0131530567956349,0.0131530567956349,36,1024,1024,2,../data/raw_data/aged/20241030exp_20241105_AgLaminB488/ag-06.czi,aged,1.37941376642055,306262509,8.1131858030955,255,0,20241030exp_20241105_AgLaminB488,2024,17,Microscopist 1,HSC,unknown
418,0.21,0.0131530567956349,0.0131530567956349,39,1024,1024,2,../data/raw_data/aged/20241030exp_20241105_AgLaminB488/ag-07.czi,aged,1.29994737714512,270347379,6.61085517589863,224,0,20241030exp_20241105_AgLaminB488,2024,17,Microscopist 1,HSC,unknown
419,0.21,0.0131530567956349,0.0131530567956349,9,1024,1024,2,../data/raw_data/aged/20241030exp_20241105_AgLaminB488/ag-08.czi,aged,1.67896877236571,93640184,9.92247094048394,255,0,20241030exp_20241105_AgLaminB488,2024,17,Microscopist 1,HSC,unknown
420,0.2,0.0131530567956349,0.0131530567956349,41,1024,1024,2,../data/raw_data/aged/20241030exp_20241105_AgLaminB488/ag-09.czi,aged,0.707893808114682,108846257,2.53180194482571,124,0,20241030exp_20241105_AgLaminB488,2024,17,Microscopist 1,HSC,unknown
421,0.2,0.0131530567956349,0.0131530567956349,38,1024,1024,2,../data/raw_data/aged/20241030exp_20241105_AgLaminB488/ag-10.czi,aged,0.975779259490941,172746778,4.33537277422453,188,0,20241030exp_20241105_AgLaminB488,2024,17,Microscopist 1,HSC,unknown
422,0.2,0.0131530567956349,0.0131530567956349,41,1024,1024,2,../data/raw_data/aged/20241030exp_20241105_AgLaminB488/ag-11.czi,aged,0.867856409048926,156755464,3.64618682861328,155,0,20241030exp_20241105_AgLaminB488,2024,17,Microscopist 1,HSC,unknown
423,0.2,0.0131530567956349,0.0131530567956349,34,1024,1024,2,../data/raw_data/aged/20241030exp_20241105_AgLaminB488/ag-12.czi,aged,1.01967093161384,217743953,6.10755339790793,219,0,20241030exp_20241105_AgLaminB488,2024,17,Microscopist 1,HSC,unknown
424,0.2,0.0131530567956349,0.0131530567956349,38,1024,1024,2,../data/raw_data/aged/20241030exp_20241105_AgLaminB488/ag-13.czi,aged,0.849669484144521,184016765,4.61821217285959,194,0,20241030exp_20241105_AgLaminB488,2024,17,Microscopist 1,HSC,unknown
425,0.2,0.0131530567956349,0.0131530567956349,38,1024,1024,2,../data/raw_data/aged/20241030exp_20241105_AgLaminB488/ag-14.czi,aged,0.867856409048926,209656467,5.26168389069407,193,0,20241030exp_20241105_AgLaminB488,2024,17,Microscopist 1,HSC,unknown
426,0.2,0.0131530567956349,0.0131530567956349,38,1024,1024,2,../data/raw_data/aged/20241030exp_20241105_AgLaminB488/ag-15.czi,aged,0.974687623981477,331460679,8.31856674897043,244,0,20241030exp_20241105_AgLaminB488,2024,17,Microscopist 1,HSC,unknown
427,0.2,0.0131530567956349,0.0131530567956349,39,1024,1024,2,../data/raw_data/aged/20241030exp_20241105_AgLaminB488/ag-16.czi,aged,0.835725475025812,212755194,5.20254267179049,198,0,20241030exp_20241105_AgLaminB488,2024,17,Microscopist 1,HSC,unknown
428,0.2,0.0131530567956349,0.0131530567956349,37,1024,1024,2,../data/raw_data/aged/20241030exp_20241105_AgLaminB488/ag-17.czi,aged,0.887765225518041,234894671,6.05440580522692,217,0,20241030exp_20241105_AgLaminB488,2024,17,Microscopist 1,HSC,unknown
429,0.19,0.0131530567956349,0.0131530567956349,41,1024,1024,1,../data/raw_data/aged/20241106_exp20241217Ag1DAPIonly/Ag-01.czi,aged,1.21279428895458,238136663,5.53914193409245,113,0,20241106_exp20241217Ag1DAPIonly,2024,10,Microscopist 3,HSC,unknown
430,0.19,0.0131530567956349,0.0131530567956349,42,1024,1024,1,../data/raw_data/aged/20241106_exp20241217Ag1DAPIonly/Ag-02.czi,aged,1.13080687545816,217207716,4.93203381129674,122,0,20241106_exp20241217Ag1DAPIonly,2024,10,Microscopist 3,HSC,unknown
431,0.19,0.0131530567956349,0.0131530567956349,36,1024,1024,1,../data/raw_data/aged/20241106_exp20241217Ag1DAPIonly/Ag-03.czi,aged,1.2451559127048,230570972,6.10804483625624,136,0,20241106_exp20241217Ag1DAPIonly,2024,10,Microscopist 3,HSC,unknown
432,0.19,0.0131530567956349,0.0131530567956349,41,1024,1024,1,../data/raw_data/aged/20241106_exp20241217Ag1DAPIonly/Ag-04.czi,aged,1.14170666777559,224902696,5.23131524062738,159,0,20241106_exp20241217Ag1DAPIonly,2024,10,Microscopist 3,HSC,unknown
433,0.19,0.0131530567956349,0.0131530567956349,43,1024,1024,1,../data/raw_data/aged/20241106_exp20241217Ag1DAPIonly/Ag-05.czi,aged,1.24022092773778,269025981,5.96658531455107,136,0,20241106_exp20241217Ag1DAPIonly,2024,10,Microscopist 3,HSC,unknown
434,0.19,0.0131530567956349,0.0131530567956349,50,1024,1024,1,../data/raw_data/aged/20241106_exp20241217Ag1DAPIonly/Ag-06.czi,aged,1.25863854236929,284385247,5.42421812057495,137,0,20241106_exp20241217Ag1DAPIonly,2024,10,Microscopist 3,HSC,unknown
435,0.19,0.0131530567956349,0.0131530567956349,36,1024,1024,1,../data/raw_data/aged/20241106_exp20241217Ag1DAPIonly/Ag-07.czi,aged,1.26569498522916,269335327,7.1349495516883,155,0,20241106_exp20241217Ag1DAPIonly,2024,10,Microscopist 3,HSC,unknown
436,0.19,0.0131530567956349,0.0131530567956349,36,1024,1024,1,../data/raw_data/aged/20241106_exp20241217Ag1DAPIonly/Ag-08.czi,aged,1.30551261816739,277406200,7.34875467088487,168,0,20241106_exp20241217Ag1DAPIonly,2024,10,Microscopist 3,HSC,unknown
437,0.19,0.0131530567956349,0.0131530567956349,43,1024,1024,1,../data/raw_data/aged/20241106_exp20241217Ag1DAPIonly/Ag-09.czi,aged,1.27768641305605,285291001,6.3273186129193,153,0,20241106_exp20241217Ag1DAPIonly,2024,10,Microscopist 3,HSC,unknown
438,0.19,0.0131530567956349,0.0131530567956349,43,1024,1024,1,../data/raw_data/aged/20241106_exp20241217Ag1DAPIonly/Ag-10.czi,aged,1.1858290296256,242192686,5.37146381999171,147,0,20241106_exp20241217Ag1DAPIonly,2024,10,Microscopist 3,HSC,unknown
439,0.19,0.0131530567956349,0.0131530567956349,45,1024,1024,1,../data/raw_data/aged/20241106_exp20241217Ag2DAPIonly/Ag-03.czi,aged,1.30316047054744,219955446,4.66146354675293,99,0,20241106_exp20241217Ag2DAPIonly,2024,8,Microscopist 3,HSC,unknown
440,0.19,0.0131530567956349,0.0131530567956349,41,1024,1024,1,../data/raw_data/aged/20241106_exp20241217Ag2DAPIonly/Ag-04.czi,aged,1.39610948948736,282973498,6.5820623723472,115,0,20241106_exp20241217Ag2DAPIonly,2024,8,Microscopist 3,HSC,unknown
441,0.19,0.0131530567956349,0.0131530567956349,37,1024,1024,1,../data/raw_data/aged/20241106_exp20241217Ag2DAPIonly/Ag-07.czi,aged,1.30700382000499,229218064,5.90809136468011,125,0,20241106_exp20241217Ag2DAPIonly,2024,8,Microscopist 3,HSC,unknown
442,0.19,0.0131530567956349,0.0131530567956349,40,1024,1024,1,../data/raw_data/aged/20241106_exp20241217Ag2DAPIonly/Ag-08.czi,aged,1.33850449797286,242485047,5.78129403591156,111,0,20241106_exp20241217Ag2DAPIonly,2024,8,Microscopist 3,HSC,unknown
443,0.19,0.0131530567956349,0.0131530567956349,44,1024,1024,1,../data/raw_data/aged/20241106_exp20241217Ag2DAPIonly/Ag-09.czi,aged,1.35072661552686,245699763,5.32539894364097,128,0,20241106_exp20241217Ag2DAPIonly,2024,8,Microscopist 3,HSC,unknown
444,0.19,0.0131530567956349,0.0131530567956349,39,1024,1024,1,../data/raw_data/aged/20241106_exp20241217Ag2DAPIonly/Ag-10.czi,aged,1.24022092773778,211996035,5.18397881434514,102,0,20241106_exp20241217Ag2DAPIonly,2024,8,Microscopist 3,HSC,unknown
445,0.19,0.0131530567956349,0.0131530567956349,35,1024,1024,1,../data/raw_data/aged/20241106_exp20241217Ag2DAPIonly/Ag-12.czi,aged,1.18818117724555,185363337,5.05075010572161,97,0,20241106_exp20241217Ag2DAPIonly,2024,8,Microscopist 3,HSC,unknown
446,0.21,0.0131530567956349,0.0131530567956349,35,1024,1024,1,../data/raw_data/aged/20241127evitaliAged1only/20241127_AGED_DAPI-01.czi,aged,0.927183292128133,105685052,2.87968913487026,103,0,20241127evitaliAged1only,2024,28,Microscopist 3,HSC,unknown
447,0.21,0.0131530567956349,0.0131530567956349,48,1024,1024,1,../data/raw_data/aged/20241127evitaliAged1only/20241127_AGED_DAPI-02.czi,aged,0.804916866239271,89644321,1.78107263644536,91,0,20241127evitaliAged1only,2024,28,Microscopist 3,HSC,unknown
448,0.21,0.0131530567956349,0.0131530567956349,43,1024,1024,1,../data/raw_data/aged/20241127evitaliAged1only/20241127_AGED_DAPI-03.czi,aged,0.998732292761338,114827695,2.54670287287513,97,0,20241127evitaliAged1only,2024,28,Microscopist 3,HSC,unknown
449,0.21,0.0131530567956349,0.0131530567956349,36,1024,1024,1,../data/raw_data/aged/20241127evitaliAged1only/20241127_AGED_DAPI-04.czi,aged,1.11795450184892,109863074,2.91037755542331,84,0,20241127evitaliAged1only,2024,28,Microscopist 3,HSC,unknown
450,0.21,0.0131446774583937,0.0131446774583937,45,1024,1024,1,../data/raw_data/aged/20241127evitaliAged1only/20241127_AGED_DAPI-05.czi,aged,0.946861418870138,110706478,2.34617610507541,106,0,20241127evitaliAged1only,2024,28,Microscopist 3,HSC,unknown
451,0.21,0.0131530567956349,0.0131530567956349,40,1024,1024,1,../data/raw_data/aged/20241127evitaliAged1only/20241127_AGED_DAPI-06.czi,aged,1.01238379902686,107270827,2.55753581523895,112,0,20241127evitaliAged1only,2024,28,Microscopist 3,HSC,unknown
452,0.21,0.0131530567956349,0.0131530567956349,46,1024,1024,1,../data/raw_data/aged/20241127evitaliAged1only/20241127_AGED_DAPI-07.czi,aged,0.921618051105865,112737329,2.33727598190308,100,0,20241127evitaliAged1only,2024,28,Microscopist 3,HSC,unknown
453,0.21,0.0131530567956349,0.0131530567956349,37,1024,1024,1,../data/raw_data/aged/20241127evitaliAged1only/20241127_AGED_DAPI-08.czi,aged,0.996549021742411,115602640,2.97965591018264,104,0,20241127evitaliAged1only,2024,28,Microscopist 3,HSC,unknown
454,0.21,0.0131530567956349,0.0131530567956349,34,1024,1024,1,../data/raw_data/aged/20241127evitaliAged1only/20241127_AGED_DAPI-09.czi,aged,1.13551117069808,131249923,3.68146119398229,104,0,20241127evitaliAged1only,2024,28,Microscopist 3,HSC,unknown
455,0.21,0.0131530567956349,0.0131530567956349,37,1024,1024,1,../data/raw_data/aged/20241127evitaliAged1only/20241127_AGED_DAPI-10.czi,aged,0.926091656618668,124645537,3.21273641328554,109,0,20241127evitaliAged1only,2024,28,Microscopist 3,HSC,unknown
456,0.21,0.0131530567956349,0.0131530567956349,36,1024,1024,1,../data/raw_data/aged/20241127evitaliAged1only/20241127_AGED_DAPI-11.czi,aged,1.01496663637392,119837317,3.17460476027595,93,0,20241127evitaliAged1only,2024,28,Microscopist 3,HSC,unknown
457,0.21,0.0131530567956349,0.0131530567956349,46,1024,1024,1,../data/raw_data/aged/20241127evitaliAged1only/20241127_AGED_DAPI-12.czi,aged,0.855403601767817,94252451,1.9540465603704,75,0,20241127evitaliAged1only,2024,28,Microscopist 3,HSC,unknown
458,0.21,0.0131530567956349,0.0131530567956349,35,1024,1024,1,../data/raw_data/aged/20241127evitaliAged1only/20241127_AGED_DAPI-13.czi,aged,0.827177830328342,77109265,2.10106073107038,64,0,20241127evitaliAged1only,2024,28,Microscopist 3,HSC,unknown
459,0.21,0.0131530567956349,0.0131530567956349,39,1024,1024,1,../data/raw_data/aged/20241127evitaliAged1only/20241127_AGED_DAPI-14.czi,aged,0.902969746747242,90621502,2.2159845890143,68,0,20241127evitaliAged1only,2024,28,Microscopist 3,HSC,unknown
460,0.21,0.0131530567956349,0.0131530567956349,36,1024,1024,1,../data/raw_data/aged/20241127evitaliAged1only/20241127_AGED_DAPI-15.czi,aged,0.952426659892405,90603923,2.40018428696526,82,0,20241127evitaliAged1only,2024,28,Microscopist 3,HSC,unknown
461,0.21,0.0131530567956349,0.0131530567956349,36,1024,1024,1,../data/raw_data/aged/20241127evitaliAged1only/20241127_AGED_DAPI-16.czi,aged,0.999131859089476,99704443,2.64126573668586,93,0,20241127evitaliAged1only,2024,28,Microscopist 3,HSC,unknown
462,0.21,0.0131530567956349,0.0131530567956349,40,1024,1024,1,../data/raw_data/aged/20241127evitaliAged1only/20241127_AGED_DAPI-17.czi,aged,0.935961626552712,98004573,2.33661110401154,87,0,20241127evitaliAged1only,2024,28,Microscopist 3,HSC,unknown
463,0.21,0.0131530567956349,0.0131530567956349,38,1024,1024,1,../data/raw_data/aged/20241127evitaliAged1only/20241127_AGED_DAPI-18.czi,aged,0.947722364652493,102968024,2.58415683947111,94,0,20241127evitaliAged1only,2024,28,Microscopist 3,HSC,unknown
464,0.21,0.0131530567956349,0.0131530567956349,29,1024,1024,1,../data/raw_data/aged/20241127evitaliAged1only/20241127_AGED_DAPI-19.czi,aged,0.921618051105865,106143366,3.49055869003822,117,0,20241127evitaliAged1only,2024,28,Microscopist 3,HSC,unknown
465,0.21,0.0131530567956349,0.0131530567956349,38,1024,1024,1,../data/raw_data/aged/20241127evitaliAged1only/20241127_AGED_DAPI-20.czi,aged,0.921618051105865,101666492,2.55149269104004,93,0,20241127evitaliAged1only,2024,28,Microscopist 3,HSC,unknown
466,0.21,0.0131530567956349,0.0131530567956349,31,1024,1024,1,../data/raw_data/aged/20241127evitaliAged1only/20241127_AGED_DAPI-21.czi,aged,1.00618830194935,116903631,3.59638678643011,102,0,20241127evitaliAged1only,2024,28,Microscopist 3,HSC,unknown
467,0.21,0.0131530567956349,0.0131530567956349,31,1024,1024,1,../data/raw_data/aged/20241127evitaliAged1only/20241127_AGED_DAPI-22.czi,aged,0.958222590641783,104130982,3.20345300243747,94,0,20241127evitaliAged1only,2024,28,Microscopist 3,HSC,unknown
468,0.21,0.0131530567956349,0.0131530567956349,36,1024,1024,1,../data/raw_data/aged/20241127evitaliAged1only/20241127_AGED_DAPI-23.czi,aged,1.01841041950335,124084673,3.287121269438,105,0,20241127evitaliAged1only,2024,28,Microscopist 3,HSC,unknown
469,0.21,0.0131530567956349,0.0131530567956349,38,1024,1024,1,../data/raw_data/aged/20241127evitaliAged1only/20241127_AGED_DAPI-24.czi,aged,1.00062306092708,123783398,3.10655388079192,116,0,20241127evitaliAged1only,2024,28,Microscopist 3,HSC,unknown
470,0.21,0.0131530567956349,0.0131530567956349,34,1024,1024,1,../data/raw_data/aged/20241127evitaliAged1only/20241127_AGED_DAPI-25.czi,aged,0.986909741535477,108466046,3.04239065506879,112,0,20241127evitaliAged1only,2024,28,Microscopist 3,HSC,unknown
471,0.21,0.0131530567956349,0.0131530567956349,37,1024,1024,1,../data/raw_data/aged/20241127evitaliAged1only/20241127_AGED_DAPI-26.czi,aged,1.01238379902686,125825323,3.2431453756384,105,0,20241127evitaliAged1only,2024,28,Microscopist 3,HSC,unknown
472,0.21,0.0131530567956349,0.0131530567956349,36,1024,1024,1,../data/raw_data/aged/20241127evitaliAged1only/20241127_AGED_DAPI-27.czi,aged,0.993966184395346,123556668,3.27313391367594,109,0,20241127evitaliAged1only,2024,28,Microscopist 3,HSC,unknown
473,0.21,0.0131530567956349,0.0131530567956349,33,1024,1024,1,../data/raw_data/aged/20241127evitaliAged1only/20241127_AGED_DAPI-28.czi,aged,0.901478544909641,89189937,2.57751976359974,88,0,20241127evitaliAged1only,2024,28,Microscopist 3,HSC,unknown
474,0.19,0.0131530567956349,0.0131530567956349,45,1024,1024,1,../data/raw_data/aged/20241218_Agedforpablo/Ag18122024-01.czi,aged,1.27275142808903,378883141,8.02958045535617,242,0,20241218_Agedforpablo,2024,41,Microscopist 3,HSC,unknown
475,0.19,0.0131530567956349,0.0131530567956349,45,1024,1024,1,../data/raw_data/aged/20241218_Agedforpablo/Ag18122024-02.czi,aged,1.46335376120879,451714857,9.57308572133382,205,0,20241218_Agedforpablo,2024,41,Microscopist 3,HSC,unknown
476,0.19,0.0131530567956349,0.0131530567956349,48,1024,1024,1,../data/raw_data/aged/20241218_Agedforpablo/Ag18122024-03.czi,aged,1.45755783045941,404897347,8.04458751281103,221,0,20241218_Agedforpablo,2024,41,Microscopist 3,HSC,unknown
477,0.19,0.0131530567956349,0.0131530567956349,40,1024,1024,1,../data/raw_data/aged/20241218_Agedforpablo/Ag18122024-04.czi,aged,1.48882781870017,361213367,8.61199777126312,202,0,20241218_Agedforpablo,2024,41,Microscopist 3,HSC,unknown
478,0.19,0.0131530567956349,0.0131530567956349,44,1024,1024,1,../data/raw_data/aged/20241218_Agedforpablo/Ag18122024-05.czi,aged,1.41797088724829,356014241,7.71640086174011,205,0,20241218_Agedforpablo,2024,41,Microscopist 3,HSC,unknown
479,0.19,0.0131530567956349,0.0131530567956349,46,1024,1024,1,../data/raw_data/aged/20241218_Agedforpablo/Ag18122024-06.czi,aged,1.27854735883841,316440801,6.56046662123307,178,0,20241218_Agedforpablo,2024,41,Microscopist 3,HSC,unknown
480,0.19,0.0131530567956349,0.0131530567956349,49,1024,1024,1,../data/raw_data/aged/20241218_Agedforpablo/Ag18122024-07.czi,aged,1.26764756652098,334640840,6.51302804752272,176,0,20241218_Agedforpablo,2024,41,Microscopist 3,HSC,unknown
481,0.19,0.0131530567956349,0.0131530567956349,49,1024,1024,1,../data/raw_data/aged/20241218_Agedforpablo/Ag18122024-08.czi,aged,1.27470400938085,328421043,6.39197374849903,187,0,20241218_Agedforpablo,2024,41,Microscopist 3,HSC,unknown
482,0.19,0.0131530567956349,0.0131530567956349,42,1024,1024,1,../data/raw_data/aged/20241218_Agedforpablo/Ag18122024-09.czi,aged,1.32525255803548,276645441,6.2816583769662,156,0,20241218_Agedforpablo,2024,41,Microscopist 3,HSC,unknown
483,0.19,0.0131530567956349,0.0131530567956349,39,1024,1024,1,../data/raw_data/aged/20241218_Agedforpablo/Ag18122024-10.czi,aged,1.15800282451426,262085429,6.40882416260548,170,0,20241218_Agedforpablo,2024,41,Microscopist 3,HSC,unknown
484,0.19,0.0131530567956349,0.0131530567956349,48,1024,1024,1,../data/raw_data/aged/20241218_Agedforpablo/Ag18122024-11.czi,aged,1.20895093949702,254253913,5.05157138903936,152,0,20241218_Agedforpablo,2024,41,Microscopist 3,HSC,unknown
485,0.19,0.0131530567956349,0.0131530567956349,47,1024,1024,1,../data/raw_data/aged/20241218_Agedforpablo/Ag18122024-12.czi,aged,1.08304094731467,265439027,5.38600814088862,168,0,20241218_Agedforpablo,2024,41,Microscopist 3,HSC,unknown
486,0.19,0.0131530567956349,0.0131530567956349,50,1024,1024,1,../data/raw_data/aged/20241218_Agedforpablo/Ag18122024-13.czi,aged,1.21945116548631,280579405,5.35162744522095,162,0,20241218_Agedforpablo,2024,41,Microscopist 3,HSC,unknown
487,0.19,0.0131530567956349,0.0131530567956349,47,1024,1024,1,../data/raw_data/aged/20241218_Agedforpablo/Ag18122024-14.czi,aged,1.38647020928042,333209296,6.76113079963846,158,0,20241218_Agedforpablo,2024,41,Microscopist 3,HSC,unknown
488,0.19,0.0131530567956349,0.0131530567956349,40,1024,1024,1,../data/raw_data/aged/20241218_Agedforpablo/Ag18122024-15.czi,aged,1.42095329092349,316609585,7.54856073856354,155,0,20241218_Agedforpablo,2024,41,Microscopist 3,HSC,unknown
489,0.19,0.0131530567956349,0.0131530567956349,43,1024,1024,1,../data/raw_data/aged/20241218_Agedforpablo/Ag18122024-16.czi,aged,1.32588281409072,294520199,6.5320081267246,153,0,20241218_Agedforpablo,2024,41,Microscopist 3,HSC,unknown
490,0.19,0.0131530567956349,0.0131530567956349,59,1024,1024,1,../data/raw_data/aged/20241218_Agedforpablo/Ag18122024-17.czi,aged,1.30809545551446,341838933,5.52547475847147,140,0,20241218_Agedforpablo,2024,41,Microscopist 3,HSC,unknown
491,0.19,0.0131530567956349,0.0131530567956349,46,1024,1024,1,../data/raw_data/aged/20241218_Agedforpablo/Ag18122024-18.czi,aged,1.25221235556467,268806337,5.57290651487268,136,0,20241218_Agedforpablo,2024,41,Microscopist 3,HSC,unknown
492,0.19,0.0131530567956349,0.0131530567956349,47,1024,1024,1,../data/raw_data/aged/20241218_Agedforpablo/Ag18122024-19.czi,aged,1.20556896949368,273434669,5.54824725617754,138,0,20241218_Agedforpablo,2024,41,Microscopist 3,HSC,unknown
493,0.19,0.0131530567956349,0.0131530567956349,44,1024,1024,1,../data/raw_data/aged/20241218_Agedforpablo/Ag18122024-20.czi,aged,1.30786476578735,276129894,5.98495427044955,137,0,20241218_Agedforpablo,2024,41,Microscopist 3,HSC,unknown
494,0.19,0.0131530567956349,0.0131530567956349,44,1024,1024,1,../data/raw_data/aged/20241218_Agedforpablo/Ag18122024-21.czi,aged,1.37533972723589,313661731,6.79843492941423,151,0,20241218_Agedforpablo,2024,41,Microscopist 3,HSC,unknown
495,0.19,0.0131530567956349,0.0131530567956349,44,1024,1024,1,../data/raw_data/aged/20241218_Agedforpablo/Ag18122024-22.czi,aged,1.35755236865962,281117033,6.09304759719155,150,0,20241218_Agedforpablo,2024,41,Microscopist 3,HSC,unknown
496,0.19,0.0131530567956349,0.0131530567956349,48,1024,1024,1,../data/raw_data/aged/20241218_Agedforpablo/Ag18122024-23.czi,aged,1.3057433078945,273701410,5.43795843919118,135,0,20241218_Agedforpablo,2024,41,Microscopist 3,HSC,unknown
497,0.19,0.0131530567956349,0.0131530567956349,43,1024,1024,1,../data/raw_data/aged/20241218_Agedforpablo/Ag18122024-24.czi,aged,1.16701184866594,249296229,5.52900955288909,121,0,20241218_Agedforpablo,2024,41,Microscopist 3,HSC,unknown
498,0.19,0.0131530567956349,0.0131530567956349,49,1024,1024,1,../data/raw_data/aged/20241218_Agedforpablo/Ag18122024-25.czi,aged,1.13912383042853,259055903,5.04193798376589,147,0,20241218_Agedforpablo,2024,41,Microscopist 3,HSC,unknown
499,0.19,0.0131530567956349,0.0131530567956349,43,1024,1024,1,../data/raw_data/aged/20241218_Agedforpablo/Ag18122024-26.czi,aged,1.18818117724555,255499639,5.66659171082253,146,0,20241218_Agedforpablo,2024,41,Microscopist 3,HSC,unknown
500,0.19,0.0131530567956349,0.0131530567956349,46,1024,1024,1,../data/raw_data/aged/20241218_Agedforpablo/Ag18122024-27.czi,aged,1.28003856067601,282745354,5.86189091723898,164,0,20241218_Agedforpablo,2024,41,Microscopist 3,HSC,unknown
501,0.19,0.0131530567956349,0.0131530567956349,36,1024,1024,1,../data/raw_data/aged/20241218_Agedforpablo/Ag18122024-28.czi,aged,1.2147468702464,218365893,5.78472065925598,136,0,20241218_Agedforpablo,2024,41,Microscopist 3,HSC,unknown
502,0.19,0.0131530567956349,0.0131530567956349,40,1024,1024,1,../data/raw_data/aged/20241218_Agedforpablo/Ag18122024-29.czi,aged,1.20533827976657,229839690,5.47980523109436,115,0,20241218_Agedforpablo,2024,41,Microscopist 3,HSC,unknown
503,0.19,0.0131530567956349,0.0131530567956349,48,1024,1024,1,../data/raw_data/aged/20241218_Agedforpablo/Ag18122024-30.czi,aged,1.07147999237896,240892769,4.78610930840174,167,0,20241218_Agedforpablo,2024,41,Microscopist 3,HSC,unknown
504,0.19,0.0131530567956349,0.0131530567956349,45,1024,1024,1,../data/raw_data/aged/20241218_Agedforpablo/Ag18122024-31.czi,aged,1.14750259852497,235257953,4.98576594458686,126,0,20241218_Agedforpablo,2024,41,Microscopist 3,HSC,unknown
505,0.19,0.0131530567956349,0.0131530567956349,38,1024,1024,1,../data/raw_data/aged/20241218_Agedforpablo/Ag18122024-32.czi,aged,1.16913330655879,220335887,5.52970201090762,133,0,20241218_Agedforpablo,2024,41,Microscopist 3,HSC,unknown
506,0.19,0.0131530567956349,0.0131530567956349,40,1024,1024,1,../data/raw_data/aged/20241218_Agedforpablo/Ag18122024-33.czi,aged,1.14452019484976,212720107,5.07164256572723,135,0,20241218_Agedforpablo,2024,41,Microscopist 3,HSC,unknown
507,0.19,0.0131530567956349,0.0131530567956349,43,1024,1024,1,../data/raw_data/aged/20241218_Agedforpablo/Ag18122024-34.czi,aged,1.20166380691004,265754270,5.89402376219284,137,0,20241218_Agedforpablo,2024,41,Microscopist 3,HSC,unknown
508,0.19,0.0131530567956349,0.0131530567956349,48,1024,1024,1,../data/raw_data/aged/20241218_Agedforpablo/Ag18122024-35.czi,aged,1.0980456853798,216956738,4.31054310003916,128,0,20241218_Agedforpablo,2024,41,Microscopist 3,HSC,unknown
509,0.19,0.0131530567956349,0.0131530567956349,49,1024,1024,1,../data/raw_data/aged/20241218_Agedforpablo/Ag18122024-36.czi,aged,1.19139427064786,253213100,4.92822102137974,113,0,20241218_Agedforpablo,2024,41,Microscopist 3,HSC,unknown
510,0.19,0.0131530567956349,0.0131530567956349,42,1024,1024,1,../data/raw_data/aged/20241218_Agedforpablo/Ag18122024-37.czi,aged,1.10201266108953,189170171,4.2953984169733,123,0,20241218_Agedforpablo,2024,41,Microscopist 3,HSC,unknown
511,0.19,0.0131530567956349,0.0131530567956349,43,1024,1024,1,../data/raw_data/aged/20241218_Agedforpablo/Ag18122024-38.czi,aged,1.12328905314408,211241843,4.68502140045166,113,0,20241218_Agedforpablo,2024,41,Microscopist 3,HSC,unknown
512,0.19,0.0131530567956349,0.0131530567956349,40,1024,1024,1,../data/raw_data/aged/20241218_Agedforpablo/Ag18122024-39.czi,aged,1.09248044435754,191625897,4.56871740818024,111,0,20241218_Agedforpablo,2024,41,Microscopist 3,HSC,unknown
513,0.19,0.0131530567956349,0.0131530567956349,47,1024,1024,1,../data/raw_data/aged/20241218_Agedforpablo/Ag18122024-40.czi,aged,1.10039783299976,204093467,4.14124888562142,109,0,20241218_Agedforpablo,2024,41,Microscopist 3,HSC,unknown
514,0.19,0.0131530567956349,0.0131530567956349,41,1024,1024,1,../data/raw_data/aged/20241218_Agedforpablo/Ag18122024-41.czi,aged,1.10705470953149,194303916,4.51957693332579,122,0,20241218_Agedforpablo,2024,41,Microscopist 3,HSC,unknown
515,0.21,0.0131530567956349,0.0131530567956349,39,1024,1024,1,../data/raw_data/aged/2024A_05122024/20241126_DAPI-14.czi,aged,3.8312302841285,235635703,5.76204405075465,199,0,2024A_05122024,2024,10,Microscopist 3,HSC,unknown
516,0.21,0.0131530567956349,0.0131530567956349,43,1024,1024,1,../data/raw_data/aged/2024A_05122024/20241126_DAPI-15.czi,aged,3.68405824367742,255821241,5.67372435192729,221,0,2024A_05122024,2024,10,Microscopist 3,HSC,unknown
517,0.21,0.0131530567956349,0.0131530567956349,43,1024,1024,1,../data/raw_data/aged/2024A_05122024/20241126_DAPI-16.czi,aged,3.4258120725081,274642882,6.09115959877192,231,0,2024A_05122024,2024,10,Microscopist 3,HSC,unknown
518,0.21,0.0131530567956349,0.0131530567956349,44,1024,1024,1,../data/raw_data/aged/2024A_05122024/20241126_DAPI-17.czi,aged,4.20800659520408,407552106,8.83345400203358,235,0,2024A_05122024,2024,10,Microscopist 3,HSC,unknown
519,0.21,0.0131530567956349,0.0131530567956349,34,1024,1024,1,../data/raw_data/aged/2024A_05122024/20241126_DAPI-18.czi,aged,3.73632868389676,221632538,6.21662526972154,200,0,2024A_05122024,2024,10,Microscopist 3,HSC,unknown
520,0.21,0.0131530567956349,0.0131530567956349,39,1024,1024,1,../data/raw_data/aged/2024A_05122024/20241126_DAPI-19.czi,aged,3.52678554356519,228823386,5.59546118516188,199,0,2024A_05122024,2024,10,Microscopist 3,HSC,unknown
521,0.21,0.0131530567956349,0.0131530567956349,42,1024,1024,1,../data/raw_data/aged/2024A_05122024/20241126_DAPI-20.czi,aged,3.90013463428856,251876504,5.71924173264276,162,0,2024A_05122024,2024,10,Microscopist 3,HSC,unknown
522,0.21,0.0131530567956349,0.0131530567956349,43,1024,1024,1,../data/raw_data/aged/2024A_05122024/20241126_DAPI-21.czi,aged,4.02061735548663,351489448,7.79549904756768,206,0,2024A_05122024,2024,10,Microscopist 3,HSC,unknown
523,0.21,0.0131530567956349,0.0131530567956349,40,1024,1024,1,../data/raw_data/aged/2024A_05122024/20241126_DAPI-22.czi,aged,3.68130652972933,233496946,5.56700100898743,202,0,2024A_05122024,2024,10,Microscopist 3,HSC,unknown
524,0.21,0.0131530567956349,0.0131530567956349,43,1024,1024,1,../data/raw_data/aged/2024A_05122024/20241126_DAPI-23.czi,aged,3.71721900008392,257844846,5.71860481971918,165,0,2024A_05122024,2024,10,Microscopist 3,HSC,unknown
525,0.2,0.0131530567956349,0.0131530567956349,36,1024,1024,1,../data/raw_data/aged/2024A_12122024/20241212_DAPIaged-09.czi,aged,1.46547521910164,103337743,2.73751531706916,60,0,2024A_12122024,2024,2,Microscopist 3,HSC,unknown
526,0.2,0.0131530567956349,0.0131530567956349,35,1024,1024,1,../data/raw_data/aged/2024A_12122024/20241212_DAPIaged-10.czi,aged,1.41900070963167,100068058,2.72663819449289,59,0,2024A_12122024,2024,2,Microscopist 3,HSC,unknown
527,0.19,0.0131530567956349,0.0131530567956349,38,1024,1024,1,../data/raw_data/aged/2024A_16122024/20241216aged-05.czi,aged,1.56766395192036,132385353,3.32243450064408,55,0,2024A_16122024,2024,25,Microscopist 3,HSC,unknown
528,0.19,0.0131530567956349,0.0131530567956349,39,1024,1024,1,../data/raw_data/aged/2024A_16122024/20241216aged-06.czi,aged,1.56077638566151,141235127,3.45364905626346,54,0,2024A_16122024,2024,25,Microscopist 3,HSC,unknown
529,0.19,0.0131530567956349,0.0131530567956349,41,1024,1024,1,../data/raw_data/aged/2024A_16122024/20241216aged-07.czi,aged,1.49462374944955,137253359,3.19256105655577,56,0,2024A_16122024,2024,25,Microscopist 3,HSC,unknown
530,0.19,0.0131530567956349,0.0131530567956349,37,1024,1024,1,../data/raw_data/aged/2024A_16122024/20241216aged-08.czi,aged,1.49674520734239,137362389,3.54051303863525,65,0,2024A_16122024,2024,25,Microscopist 3,HSC,unknown
531,0.19,0.0131530567956349,0.0131530567956349,38,1024,1024,1,../data/raw_data/aged/2024A_16122024/20241216aged-09.czi,aged,1.61430733799134,140266029,3.52021340319985,52,0,2024A_16122024,2024,25,Microscopist 3,HSC,unknown
532,0.19,0.0131530567956349,0.0131530567956349,42,1024,1024,1,../data/raw_data/aged/2024A_16122024/20241216aged-10.czi,aged,1.48303188795079,124515714,2.82731996263777,57,0,2024A_16122024,2024,25,Microscopist 3,HSC,unknown
533,0.19,0.0131530567956349,0.0131530567956349,39,1024,1024,1,../data/raw_data/aged/2024A_16122024/20241216aged-11.czi,aged,1.5286454516384,150230799,3.67362191126897,62,0,2024A_16122024,2024,25,Microscopist 3,HSC,unknown
534,0.19,0.0131530567956349,0.0131530567956349,39,1024,1024,1,../data/raw_data/aged/2024A_16122024/20241216aged-12.czi,aged,1.56485042484618,140883076,3.44504028711564,51,0,2024A_16122024,2024,25,Microscopist 3,HSC,unknown
535,0.19,0.0131530567956349,0.0131530567956349,36,1024,1024,1,../data/raw_data/aged/2024A_16122024/20241216aged-13.czi,aged,1.50294070441991,158643824,4.20262612236871,61,0,2024A_16122024,2024,25,Microscopist 3,HSC,unknown
536,0.19,0.0131530567956349,0.0131530567956349,44,1024,1024,1,../data/raw_data/aged/2024A_16122024/20241216aged-14.czi,aged,1.5877416449905,149059807,3.23078430782665,57,0,2024A_16122024,2024,25,Microscopist 3,HSC,unknown
537,0.19,0.0131530567956349,0.0131530567956349,43,1024,1024,1,../data/raw_data/aged/2024A_16122024/20241216aged-15.czi,aged,1.52692356007369,144755651,3.21045922124109,51,0,2024A_16122024,2024,25,Microscopist 3,HSC,unknown
538,0.19,0.0131530567956349,0.0131530567956349,37,1024,1024,1,../data/raw_data/aged/2024A_16122024/20241216aged-16.czi,aged,1.49376280366719,133796159,3.44859352627316,58,0,2024A_16122024,2024,25,Microscopist 3,HSC,unknown
539,0.19,0.0131530567956349,0.0131530567956349,40,1024,1024,1,../data/raw_data/aged/2024A_16122024/20241216aged-17.czi,aged,1.58538949737054,149550574,3.56556353569031,61,0,2024A_16122024,2024,25,Microscopist 3,HSC,unknown
540,0.19,0.0131530567956349,0.0131530567956349,39,1024,1024,1,../data/raw_data/aged/2024A_16122024/20241216aged-18.czi,aged,1.49117996632013,129415836,3.16462971613957,61,0,2024A_16122024,2024,25,Microscopist 3,HSC,unknown
541,0.19,0.0131530567956349,0.0131530567956349,43,1024,1024,1,../data/raw_data/aged/2024A_16122024/20241216aged-19.czi,aged,1.50638448754933,140034452,3.10575023917265,55,0,2024A_16122024,2024,25,Microscopist 3,HSC,unknown
542,0.19,0.0131530567956349,0.0131530567956349,45,1024,1024,1,../data/raw_data/aged/2024A_16122024/20241216aged-20.czi,aged,4.74818929034332,544949103,11.5489769617716,185,0,2024A_16122024,2024,25,Microscopist 3,HSC,unknown
543,0.19,0.0131530567956349,0.0131530567956349,44,1024,1024,1,../data/raw_data/aged/2024A_16122024/20241216aged-21.czi,aged,2.91190256751651,282564660,6.12442406741056,96,0,2024A_16122024,2024,25,Microscopist 3,HSC,unknown
544,0.19,0.0131530567956349,0.0131530567956349,46,1024,1024,1,../data/raw_data/aged/2024A_16122024/20241216aged-22.czi,aged,2.74143974059298,274658846,5.69424102617347,97,0,2024A_16122024,2024,25,Microscopist 3,HSC,unknown
545,0.19,0.0131530567956349,0.0131530567956349,45,1024,1024,1,../data/raw_data/aged/2024A_16122024/20241216aged-24.czi,aged,2.50064317479787,248805915,5.27288468678792,85,0,2024A_16122024,2024,25,Microscopist 3,HSC,unknown
546,0.19,0.0131530567956349,0.0131530567956349,49,1024,1024,1,../data/raw_data/aged/2024A_16122024/20241216aged-25.czi,aged,2.38192759551337,234407748,4.56221732314752,98,0,2024A_16122024,2024,25,Microscopist 3,HSC,unknown
547,0.19,0.0131530567956349,0.0131530567956349,43,1024,1024,1,../data/raw_data/aged/2024A_16122024/20241216aged-26.czi,aged,2.72222299330519,254440909,5.64311069665953,92,0,2024A_16122024,2024,25,Microscopist 3,HSC,unknown
548,0.19,0.0131530567956349,0.0131530567956349,37,1024,1024,1,../data/raw_data/aged/2024A_16122024/20241216aged-27.czi,aged,3.05231066796091,286408912,7.38218441525021,116,0,2024A_16122024,2024,25,Microscopist 3,HSC,unknown
549,0.19,0.0131530567956349,0.0131530567956349,43,1024,1024,1,../data/raw_data/aged/2024A_16122024/20241216aged-28.czi,aged,2.87122398879593,296758681,6.58165423814641,95,0,2024A_16122024,2024,25,Microscopist 3,HSC,unknown
550,0.19,0.0131530567956349,0.0131530567956349,42,1024,1024,1,../data/raw_data/aged/2024A_16122024/20241216aged-29.czi,aged,2.90352379942007,288934746,6.56070586613246,92,0,2024A_16122024,2024,25,Microscopist 3,HSC,unknown
551,0.19,0.0131530567956349,0.0131530567956349,41,1024,1024,1,../data/raw_data/aged/2024A_16122024/20241216aged-30.czi,aged,3.10376541274676,341922883,7.9532456514312,107,0,2024A_16122024,2024,25,Microscopist 3,HSC,unknown
552,0.2,0.0131530567956349,0.0131530567956349,42,1024,1024,1,../data/raw_data/aged_CASIN/01FABl6CASIN/FABl6CASIN-01.czi,aged_CASIN,3.79943710330744,711552597,16.1568913459778,255,0,01FABl6CASIN,2024,51,Microscopist 2,HSC,F
553,0.2,0.0131530567956349,0.0131530567956349,44,1024,1024,1,../data/raw_data/aged_CASIN/01FABl6CASIN/FABl6CASIN-02.czi,aged_CASIN,3.8292158897106,720722560,15.6212407892401,255,0,01FABl6CASIN,2024,51,Microscopist 2,HSC,F
554,0.2,0.0131530567956349,0.0131530567956349,44,1024,1024,1,../data/raw_data/aged_CASIN/01FABl6CASIN/FABl6CASIN-03.czi,aged_CASIN,3.81407318160748,757577102,16.420041474429,255,0,01FABl6CASIN,2024,51,Microscopist 2,HSC,F
555,0.2,0.0131530567956349,0.0131530567956349,43,1024,1024,1,../data/raw_data/aged_CASIN/01FABl6CASIN/FABl6CASIN-04.czi,aged_CASIN,3.72904155130978,781442704,17.3312055011128,255,0,01FABl6CASIN,2024,51,Microscopist 2,HSC,F
556,0.2,0.0131530567956349,0.0131530567956349,42,1024,1024,1,../data/raw_data/aged_CASIN/01FABl6CASIN/FABl6CASIN-05.czi,aged_CASIN,3.83667189889861,682295192,15.4925571623303,255,0,01FABl6CASIN,2024,51,Microscopist 2,HSC,F
557,0.2,0.0131530567956349,0.0131530567956349,39,1024,1024,1,../data/raw_data/aged_CASIN/01FABl6CASIN/FABl6CASIN-06.czi,aged_CASIN,3.38295022276858,605305240,14.80164258908,255,0,01FABl6CASIN,2024,51,Microscopist 2,HSC,F
558,0.2,0.0131530567956349,0.0131530567956349,38,1024,1024,1,../data/raw_data/aged_CASIN/01FABl6CASIN/FABl6CASIN-07.czi,aged_CASIN,3.85170754352678,709776427,17.8130407584341,255,0,01FABl6CASIN,2024,51,Microscopist 2,HSC,F
559,0.2,0.0131530567956349,0.0131530567956349,39,1024,1024,1,../data/raw_data/aged_CASIN/01FABl6CASIN/FABl6CASIN-08.czi,aged_CASIN,3.70499688252992,663011190,16.2127370100755,255,0,01FABl6CASIN,2024,51,Microscopist 2,HSC,F
560,0.2,0.0131530567956349,0.0131530567956349,39,1024,1024,1,../data/raw_data/aged_CASIN/01FABl6CASIN/FABl6CASIN-09.czi,aged_CASIN,3.61423113460893,644832743,15.7682160353049,255,0,01FABl6CASIN,2024,51,Microscopist 2,HSC,F
561,0.2,0.0131530567956349,0.0131530567956349,43,1024,1024,1,../data/raw_data/aged_CASIN/01FABl6CASIN/FABl6CASIN-10.czi,aged_CASIN,3.63902140430759,737305240,16.3523039706918,255,0,01FABl6CASIN,2024,51,Microscopist 2,HSC,F
562,0.2,0.0131530567956349,0.0131530567956349,43,1024,1024,1,../data/raw_data/aged_CASIN/01FABl6CASIN/FABl6CASIN-11.czi,aged_CASIN,3.63035841474657,667701268,14.8085941935695,255,0,01FABl6CASIN,2024,51,Microscopist 2,HSC,F
563,0.2,0.0131530567956349,0.0131530567956349,43,1024,1024,1,../data/raw_data/aged_CASIN/01FABl6CASIN/FABl6CASIN-12.czi,aged_CASIN,3.71934045797677,733257962,16.2625415269719,255,0,01FABl6CASIN,2024,51,Microscopist 2,HSC,F
564,0.2,0.0131530567956349,0.0131530567956349,40,1024,1024,1,../data/raw_data/aged_CASIN/01FABl6CASIN/FABl6CASIN-13.czi,aged_CASIN,3.8491865193058,656510845,15.6524382829666,255,0,01FABl6CASIN,2024,51,Microscopist 2,HSC,F
565,0.2,0.0131530567956349,0.0131530567956349,42,1024,1024,1,../data/raw_data/aged_CASIN/01FABl6CASIN/FABl6CASIN-14.czi,aged_CASIN,3.75014906676331,709231019,16.1041763623556,255,0,01FABl6CASIN,2024,51,Microscopist 2,HSC,F
566,0.2,0.0131530567956349,0.0131530567956349,43,1024,1024,1,../data/raw_data/aged_CASIN/01FABl6CASIN/FABl6CASIN-15.czi,aged_CASIN,3.57699633901776,721450886,16.0006786169008,255,0,01FABl6CASIN,2024,51,Microscopist 2,HSC,F
567,0.2,0.0131530567956349,0.0131530567956349,41,1024,1024,1,../data/raw_data/aged_CASIN/01FABl6CASIN/FABl6CASIN-16.czi,aged_CASIN,3.36929871650307,624170280,14.518418660978,255,0,01FABl6CASIN,2024,51,Microscopist 2,HSC,F
568,0.2,0.0131530567956349,0.0131530567956349,43,1024,1024,1,../data/raw_data/aged_CASIN/01FABl6CASIN/FABl6CASIN-17.czi,aged_CASIN,3.51743876621145,672008463,14.9041211993195,255,0,01FABl6CASIN,2024,51,Microscopist 2,HSC,F
569,0.2,0.0131530567956349,0.0131530567956349,42,1024,1024,1,../data/raw_data/aged_CASIN/01FABl6CASIN/FABl6CASIN-18.czi,aged_CASIN,3.71125419273351,682187921,15.4901214100066,255,0,01FABl6CASIN,2024,51,Microscopist 2,HSC,F
570,0.2,0.0131530567956349,0.0131530567956349,44,1024,1024,1,../data/raw_data/aged_CASIN/01FABl6CASIN/FABl6CASIN-19.czi,aged_CASIN,3.76369350955388,729847701,15.8190228939056,255,0,01FABl6CASIN,2024,51,Microscopist 2,HSC,F
571,0.2,0.0131530567956349,0.0131530567956349,45,1024,1024,1,../data/raw_data/aged_CASIN/01FABl6CASIN/FABl6CASIN-20.czi,aged_CASIN,3.56185363091464,720718879,15.2740240944756,255,0,01FABl6CASIN,2024,51,Microscopist 2,HSC,F
572,0.2,0.0131530567956349,0.0131530567956349,45,1024,1024,1,../data/raw_data/aged_CASIN/01FABl6CASIN/FABl6CASIN-21.czi,aged_CASIN,3.68468849973267,668095407,14.1587873458862,255,0,01FABl6CASIN,2024,51,Microscopist 2,HSC,F
573,0.2,0.0131530567956349,0.0131530567956349,44,1024,1024,1,../data/raw_data/aged_CASIN/01FABl6CASIN/FABl6CASIN-22.czi,aged_CASIN,3.64470199019341,693248271,15.0257516124032,255,0,01FABl6CASIN,2024,51,Microscopist 2,HSC,F
574,0.2,0.0131530567956349,0.0131530567956349,41,1024,1024,1,../data/raw_data/aged_CASIN/01FABl6CASIN/FABl6CASIN-23.czi,aged_CASIN,3.69168312946645,716980766,16.6772229729629,255,0,01FABl6CASIN,2024,51,Microscopist 2,HSC,F
575,0.2,0.0131530567956349,0.0131530567956349,44,1024,1024,1,../data/raw_data/aged_CASIN/01FABl6CASIN/FABl6CASIN-24.czi,aged_CASIN,3.87684384781611,750855701,16.2743590311571,255,0,01FABl6CASIN,2024,51,Microscopist 2,HSC,F
576,0.2,0.0131530567956349,0.0131530567956349,42,1024,1024,1,../data/raw_data/aged_CASIN/01FABl6CASIN/FABl6CASIN-25.czi,aged_CASIN,3.93949088777257,726507462,16.4964644568307,255,0,01FABl6CASIN,2024,51,Microscopist 2,HSC,F
577,0.2,0.0131530567956349,0.0131530567956349,40,1024,1024,1,../data/raw_data/aged_CASIN/01FABl6CASIN/FABl6CASIN-26.czi,aged_CASIN,3.73024025029419,693956608,16.54521484375,255,0,01FABl6CASIN,2024,51,Microscopist 2,HSC,F
578,0.2,0.0131530567956349,0.0131530567956349,42,1024,1024,1,../data/raw_data/aged_CASIN/01FABl6CASIN/FABl6CASIN-27.czi,aged_CASIN,3.84017749515411,681718019,15.4794515655154,255,0,01FABl6CASIN,2024,51,Microscopist 2,HSC,F
579,0.2,0.0131530567956349,0.0131530567956349,44,1024,1024,1,../data/raw_data/aged_CASIN/01FABl6CASIN/FABl6CASIN-28.czi,aged_CASIN,3.75027269301547,652828881,14.1496849276803,255,0,01FABl6CASIN,2024,51,Microscopist 2,HSC,F
580,0.2,0.0131530567956349,0.0131530567956349,46,1024,1024,1,../data/raw_data/aged_CASIN/01FABl6CASIN/FABl6CASIN-29.czi,aged_CASIN,3.7197400243049,679335280,14.0840132340141,255,0,01FABl6CASIN,2024,51,Microscopist 2,HSC,F
581,0.2,0.0131530567956349,0.0131530567956349,45,1024,1024,1,../data/raw_data/aged_CASIN/01FABl6CASIN/FABl6CASIN-30.czi,aged_CASIN,3.36068925867951,660586481,13.9996524598863,255,0,01FABl6CASIN,2024,51,Microscopist 2,HSC,F
582,0.2,0.0131530567956349,0.0131530567956349,41,1024,1024,1,../data/raw_data/aged_CASIN/01FABl6CASIN/FABl6CASIN-31.czi,aged_CASIN,3.59925730310683,631541302,14.6898712065162,255,0,01FABl6CASIN,2024,51,Microscopist 2,HSC,F
583,0.2,0.0131530567956349,0.0131530567956349,45,1024,1024,1,../data/raw_data/aged_CASIN/01FABl6CASIN/FABl6CASIN-32.czi,aged_CASIN,3.60918908616696,683830757,14.4922628826565,255,0,01FABl6CASIN,2024,51,Microscopist 2,HSC,F
584,0.2,0.0131530567956349,0.0131530567956349,49,1024,1024,1,../data/raw_data/aged_CASIN/01FABl6CASIN/FABl6CASIN-33.czi,aged_CASIN,3.58640492949759,705407168,13.7291571169483,254,0,01FABl6CASIN,2024,51,Microscopist 2,HSC,F
585,0.2,0.0131530567956349,0.0131530567956349,44,1024,1024,1,../data/raw_data/aged_CASIN/01FABl6CASIN/FABl6CASIN-34.czi,aged_CASIN,3.52879993798309,691497174,14.9877976070751,255,0,01FABl6CASIN,2024,51,Microscopist 2,HSC,F
586,0.2,0.0131530567956349,0.0131530567956349,42,1024,1024,1,../data/raw_data/aged_CASIN/01FABl6CASIN/FABl6CASIN-35.czi,aged_CASIN,3.83736396807994,666223767,15.127630846841,255,0,01FABl6CASIN,2024,51,Microscopist 2,HSC,F
587,0.2,0.0131530567956349,0.0131530567956349,41,1024,1024,1,../data/raw_data/aged_CASIN/01FABl6CASIN/FABl6CASIN-36.czi,aged_CASIN,3.50723104307535,634627836,14.7616650651141,255,0,01FABl6CASIN,2024,51,Microscopist 2,HSC,F
588,0.2,0.0131530567956349,0.0131530567956349,45,1024,1024,1,../data/raw_data/aged_CASIN/01FABl6CASIN/FABl6CASIN-37.czi,aged_CASIN,3.49368660028477,736660808,15.6118776109484,255,0,01FABl6CASIN,2024,51,Microscopist 2,HSC,F
589,0.2,0.0131530567956349,0.0131530567956349,43,1024,1024,1,../data/raw_data/aged_CASIN/01FABl6CASIN/FABl6CASIN38.czi,aged_CASIN,3.62582299610768,726610257,16.1151055846103,255,0,01FABl6CASIN,2024,51,Microscopist 2,HSC,F
590,0.2,0.0131530567956349,0.0131530567956349,49,1024,1024,1,../data/raw_data/aged_CASIN/01FABl6CASIN/FABl6CASIN39.czi,aged_CASIN,3.36929871650306,682013517,13.273852542955,255,0,01FABl6CASIN,2024,51,Microscopist 2,HSC,F
591,0.2,0.0131530567956349,0.0131530567956349,37,1024,1024,1,../data/raw_data/aged_CASIN/01FABl6CASIN/FABl6CASIN40.czi,aged_CASIN,3.58083968847532,595947376,15.3605326059702,255,0,01FABl6CASIN,2024,51,Microscopist 2,HSC,F
592,0.2,0.0131530567956349,0.0131530567956349,45,1024,1024,1,../data/raw_data/aged_CASIN/01FABl6CASIN/FABl6CASIN41.czi,aged_CASIN,3.53757827240767,717012664,15.195479159885,255,0,01FABl6CASIN,2024,51,Microscopist 2,HSC,F
593,0.2,0.0131530567956349,0.0131530567956349,42,1024,1024,1,../data/raw_data/aged_CASIN/01FABl6CASIN/FABl6CASIN42.czi,aged_CASIN,3.74401538281187,681362964,15.4713894980294,255,0,01FABl6CASIN,2024,51,Microscopist 2,HSC,F
594,0.2,0.0131530567956349,0.0131530567956349,43,1024,1024,1,../data/raw_data/aged_CASIN/01FABl6CASIN/FABl6CASIN43.czi,aged_CASIN,3.55152228152638,689056776,15.2822267399278,255,0,01FABl6CASIN,2024,51,Microscopist 2,HSC,F
595,0.2,0.0131530567956349,0.0131530567956349,44,1024,1024,1,../data/raw_data/aged_CASIN/01FABl6CASIN/FABl6CASIN44.czi,aged_CASIN,3.51571687464674,674746609,14.6247388883071,255,0,01FABl6CASIN,2024,51,Microscopist 2,HSC,F
596,0.2,0.0131530567956349,0.0131530567956349,43,1024,1024,1,../data/raw_data/aged_CASIN/01FABl6CASIN/FABl6CASIN45.czi,aged_CASIN,3.46367712415451,630155823,13.9758935750917,255,0,01FABl6CASIN,2024,51,Microscopist 2,HSC,F
597,0.2,0.0131530567956349,0.0131530567956349,47,1024,1024,1,../data/raw_data/aged_CASIN/01FABl6CASIN/FABl6CASIN46.czi,aged_CASIN,3.48818317238859,716709596,14.5427134899383,255,0,01FABl6CASIN,2024,51,Microscopist 2,HSC,F
598,0.2,0.0131530567956349,0.0131530567956349,40,1024,1024,1,../data/raw_data/aged_CASIN/01FABl6CASIN/FABl6CASIN47.czi,aged_CASIN,3.6337403847499,638638261,15.2263226747513,255,0,01FABl6CASIN,2024,51,Microscopist 2,HSC,F
599,0.2,0.0131530567956349,0.0131530567956349,45,1024,1024,1,../data/raw_data/aged_CASIN/01FABl6CASIN/FABl6CASIN48.czi,aged_CASIN,3.55450468520158,763937574,16.1899476369222,255,0,01FABl6CASIN,2024,51,Microscopist 2,HSC,F
600,0.2,0.0131530567956349,0.0131530567956349,43,1024,1024,1,../data/raw_data/aged_CASIN/01FABl6CASIN/FABl6CASIN49.czi,aged_CASIN,3.55519675438291,693160775,15.3732471687849,255,0,01FABl6CASIN,2024,51,Microscopist 2,HSC,F
601,0.2,0.0131530567956349,0.0131530567956349,46,1024,1024,1,../data/raw_data/aged_CASIN/01FABl6CASIN/FABl6CASIN50.czi,aged_CASIN,3.70953230116881,702169721,14.5574180146922,255,0,01FABl6CASIN,2024,51,Microscopist 2,HSC,F
602,0.2,0.0131530567956349,0.0131530567956349,44,1024,1024,1,../data/raw_data/aged_CASIN/01FABl6CASIN/FABl6CASIN51.czi,aged_CASIN,3.56023880282488,671051551,14.5446506630291,255,0,01FABl6CASIN,2024,51,Microscopist 2,HSC,F
603,0.2,0.0131530567956349,0.0131530567956349,32,1024,1024,1,../data/raw_data/aged_CASIN/02FABl6CASIN/2FABl6CASIN-01.czi,aged_CASIN,4.14914109157909,609675674,18.1697509884834,255,0,02FABl6CASIN,2024,25,Microscopist 2,HSC,F
604,0.2,0.0131530567956349,0.0131530567956349,36,1024,1024,1,../data/raw_data/aged_CASIN/02FABl6CASIN/2FABl6CASIN-03.czi,aged_CASIN,3.89112561013687,642397508,17.0177223417494,255,0,02FABl6CASIN,2024,25,Microscopist 2,HSC,F
605,0.2,0.0131530567956349,0.0131530567956349,41,1024,1024,1,../data/raw_data/aged_CASIN/02FABl6CASIN/2FABl6CASIN-04.czi,aged_CASIN,3.73563661471543,923069766,21.4709250752519,255,0,02FABl6CASIN,2024,25,Microscopist 2,HSC,F
606,0.2,0.0131530567956349,0.0131530567956349,40,1024,1024,1,../data/raw_data/aged_CASIN/02FABl6CASIN/2FABl6CASIN-05.czi,aged_CASIN,3.76472333193726,614067168,14.640502166748,255,0,02FABl6CASIN,2024,25,Microscopist 2,HSC,F
607,0.2,0.0131530567956349,0.0131530567956349,38,1024,1024,1,../data/raw_data/aged_CASIN/02FABl6CASIN/2FABl6CASIN-06.czi,aged_CASIN,3.75130251539885,639509063,16.0495623287402,255,0,02FABl6CASIN,2024,25,Microscopist 2,HSC,F
608,0.2,0.0131530567956349,0.0131530567956349,38,1024,1024,1,../data/raw_data/aged_CASIN/02FABl6CASIN/2FABl6CASIN-08.czi,aged_CASIN,3.97655680676271,968805556,24.3138151670757,255,0,02FABl6CASIN,2024,25,Microscopist 2,HSC,F
609,0.2,0.0131530567956349,0.0131530567956349,39,1024,1024,1,../data/raw_data/aged_CASIN/02FABl6CASIN/2FABl6CASIN-09.czi,aged_CASIN,3.65637828999268,969944983,23.7182466311333,255,0,02FABl6CASIN,2024,25,Microscopist 2,HSC,F
610,0.2,0.0131530567956349,0.0131530567956349,39,1024,1024,1,../data/raw_data/aged_CASIN/02FABl6CASIN/2FABl6CASIN-10.czi,aged_CASIN,3.7439535696858,868398568,21.2351130950145,255,0,02FABl6CASIN,2024,25,Microscopist 2,HSC,F
611,0.2,0.0131530567956349,0.0131530567956349,34,1024,1024,1,../data/raw_data/aged_CASIN/02FABl6CASIN/2FABl6CASIN-11.czi,aged_CASIN,3.57550513718016,523157411,14.6741701855379,255,0,02FABl6CASIN,2024,25,Microscopist 2,HSC,F
612,0.2,0.0131530567956349,0.0131530567956349,40,1024,1024,1,../data/raw_data/aged_CASIN/02FABl6CASIN/2FABl6CASIN-12.czi,aged_CASIN,3.65623203856608,578435009,13.790965294838,255,0,02FABl6CASIN,2024,25,Microscopist 2,HSC,F
613,0.2,0.0131530567956349,0.0131530567956349,40,1024,1024,1,../data/raw_data/aged_CASIN/02FABl6CASIN/2FABl6CASIN-14.czi,aged_CASIN,3.67889256898329,580348250,13.8365805149078,255,0,02FABl6CASIN,2024,25,Microscopist 2,HSC,F
614,0.2,0.0131530567956349,0.0131530567956349,40,1024,1024,1,../data/raw_data/aged_CASIN/02FABl6CASIN/2FABl6CASIN-15.czi,aged_CASIN,3.85445925747487,914594991,21.8056438207626,255,0,02FABl6CASIN,2024,25,Microscopist 2,HSC,F
615,0.2,0.0131530567956349,0.0131530567956349,35,1024,1024,1,../data/raw_data/aged_CASIN/02FABl6CASIN/2FABl6CASIN-16.czi,aged_CASIN,3.96204435471483,977704927,26.6403450829642,255,0,02FABl6CASIN,2024,25,Microscopist 2,HSC,F
616,0.2,0.0131530567956349,0.0131530567956349,38,1024,1024,1,../data/raw_data/aged_CASIN/02FABl6CASIN/2FABl6CASIN-17.czi,aged_CASIN,3.79112014833708,928535848,23.3031786868447,255,0,02FABl6CASIN,2024,25,Microscopist 2,HSC,F
617,0.2,0.0131530567956349,0.0131530567956349,51,1024,1024,1,../data/raw_data/aged_CASIN/02FABl6CASIN/2FABl6CASIN-18.czi,aged_CASIN,3.64056613788266,670618236,12.5402232899385,255,0,02FABl6CASIN,2024,25,Microscopist 2,HSC,F
618,0.2,0.0131530567956349,0.0131530567956349,41,1024,1024,1,../data/raw_data/aged_CASIN/02FABl6CASIN/2FABl6CASIN-19.czi,aged_CASIN,3.77442442527028,878383263,20.4315014118102,255,0,02FABl6CASIN,2024,25,Microscopist 2,HSC,F
619,0.2,0.0131530567956349,0.0131530567956349,39,1024,1024,1,../data/raw_data/aged_CASIN/02FABl6CASIN/2FABl6CASIN-20.czi,aged_CASIN,3.67895438210937,711939167,17.4091820105528,255,0,02FABl6CASIN,2024,25,Microscopist 2,HSC,F
620,0.2,0.0131530567956349,0.0131530567956349,42,1024,1024,1,../data/raw_data/aged_CASIN/02FABl6CASIN/2FABl6CASIN-21.czi,aged_CASIN,3.73712781655304,658357035,14.949004650116,255,0,02FABl6CASIN,2024,25,Microscopist 2,HSC,F
621,0.2,0.0131530567956349,0.0131530567956349,46,1024,1024,1,../data/raw_data/aged_CASIN/02FABl6CASIN/2FABl6CASIN-22.czi,aged_CASIN,3.74275487070139,662644350,13.7379760327546,255,0,02FABl6CASIN,2024,25,Microscopist 2,HSC,F
622,0.2,0.0131530567956349,0.0131530567956349,41,1024,1024,1,../data/raw_data/aged_CASIN/02FABl6CASIN/2FABl6CASIN-23.czi,aged_CASIN,4.05526931373073,717271861,16.6839939443077,255,0,02FABl6CASIN,2024,25,Microscopist 2,HSC,F
623,0.2,0.0131530567956349,0.0131530567956349,48,1024,1024,1,../data/raw_data/aged_CASIN/02FABl6CASIN/2FABl6CASIN-24.czi,aged_CASIN,4.15871855865994,833383696,16.5578463872274,254,0,02FABl6CASIN,2024,25,Microscopist 2,HSC,F
624,0.2,0.0131530567956349,0.0131530567956349,40,1024,1024,1,../data/raw_data/aged_CASIN/02FABl6CASIN/2FABl6CASIN-25.czi,aged_CASIN,3.79467099494145,654360838,15.6011781215668,255,0,02FABl6CASIN,2024,25,Microscopist 2,HSC,F
625,0.2,0.0131530567956349,0.0131530567956349,30,1024,1024,1,../data/raw_data/aged_CASIN/02FABl6CASIN/2FABl6CASIN-26.czi,aged_CASIN,3.77114951874189,575862308,18.3061697642008,255,0,02FABl6CASIN,2024,25,Microscopist 2,HSC,F
626,0.2,0.0131530567956349,0.0131530567956349,43,1024,1024,1,../data/raw_data/aged_CASIN/03FABL6CASIN/Exp3ABl6Casin-01.czi,aged_CASIN,2.53632495542535,729086130,16.1700166657914,255,0,03FABL6CASIN,2024,48,Microscopist 2,HSC,F
627,0.2,0.0131530567956349,0.0131530567956349,49,1024,1024,1,../data/raw_data/aged_CASIN/03FABL6CASIN/Exp3ABl6Casin-02.czi,aged_CASIN,2.83674090715286,845298013,16.4518164225987,255,0,03FABL6CASIN,2024,48,Microscopist 2,HSC,F
628,0.2,0.0131530567956349,0.0131530567956349,46,1024,1024,1,../data/raw_data/aged_CASIN/03FABL6CASIN/Exp3ABl6Casin-03.czi,aged_CASIN,2.88798152498881,393827355,8.16484855568927,179,0,03FABL6CASIN,2024,48,Microscopist 2,HSC,F
629,0.2,0.0131530567956349,0.0131530567956349,49,1024,1024,1,../data/raw_data/aged_CASIN/03FABL6CASIN/Exp3ABl6Casin-04.czi,aged_CASIN,2.68860085744448,386605664,7.52440596599968,192,0,03FABL6CASIN,2024,48,Microscopist 2,HSC,F
630,0.2,0.0131530567956349,0.0131530567956349,44,1024,1024,1,../data/raw_data/aged_CASIN/03FABL6CASIN/Exp3ABl6Casin-05.czi,aged_CASIN,2.76376251780813,397530456,8.61624058810148,236,0,03FABL6CASIN,2024,48,Microscopist 2,HSC,F
631,0.2,0.0131530567956349,0.0131530567956349,26,1024,1024,1,../data/raw_data/aged_CASIN/03FABL6CASIN/Exp3ABl6Casin-06.czi,aged_CASIN,2.97059919454047,424392292,15.566616498507,239,0,03FABL6CASIN,2024,48,Microscopist 2,HSC,F
632,0.2,0.0131530567956349,0.0131530567956349,26,1024,1024,1,../data/raw_data/aged_CASIN/03FABL6CASIN/Exp3ABl6Casin-07.czi,aged_CASIN,2.96887730297576,366947097,13.4595393034128,210,0,03FABL6CASIN,2024,48,Microscopist 2,HSC,F
633,0.2,0.0131530567956349,0.0131530567956349,44,1024,1024,1,../data/raw_data/aged_CASIN/03FABL6CASIN/Exp3ABl6Casin-08.czi,aged_CASIN,2.81023702727809,414822530,8.99103619835594,227,0,03FABL6CASIN,2024,48,Microscopist 2,HSC,F
634,0.2,0.0131530567956349,0.0131530567956349,25,1024,1024,1,../data/raw_data/aged_CASIN/03FABL6CASIN/Exp3ABl6Casin-09.czi,aged_CASIN,2.81305055435227,326437668,12.452608795166,215,0,03FABL6CASIN,2024,48,Microscopist 2,HSC,F
635,0.2,0.0131530567956349,0.0131530567956349,28,1024,1024,1,../data/raw_data/aged_CASIN/03FABL6CASIN/Exp3ABl6Casin-10.czi,aged_CASIN,3.07656946369067,396020976,13.4883940560477,233,0,03FABL6CASIN,2024,48,Microscopist 2,HSC,F
636,0.2,0.0131530567956349,0.0131530567956349,26,1024,1024,1,../data/raw_data/aged_CASIN/03FABL6CASIN/Exp3ABl6Casin-11.czi,aged_CASIN,2.99302903523057,361414470,13.2566037544837,240,0,03FABL6CASIN,2024,48,Microscopist 2,HSC,F
637,0.2,0.0131530567956349,0.0131530567956349,44,1024,1024,1,../data/raw_data/aged_CASIN/03FABL6CASIN/Exp3ABl6Casin-12.czi,aged_CASIN,2.9251545074539,459556756,9.96062443473122,199,0,03FABL6CASIN,2024,48,Microscopist 2,HSC,F
638,0.2,0.0131530567956349,0.0131530567956349,44,1024,1024,1,../data/raw_data/aged_CASIN/03FABL6CASIN/Exp3ABl6Casin-13.czi,aged_CASIN,1.94983662741717,254583175,5.51794171333313,151,0,03FABL6CASIN,2024,48,Microscopist 2,HSC,F
639,0.2,0.0131530567956349,0.0131530567956349,52,1024,1024,1,../data/raw_data/aged_CASIN/03FABL6CASIN/Exp3ABl6Casin-14.czi,aged_CASIN,2.35025804094447,288713767,5.29497893039997,139,0,03FABL6CASIN,2024,48,Microscopist 2,HSC,F
640,0.2,0.0131530567956349,0.0131530567956349,51,1024,1024,1,../data/raw_data/aged_CASIN/03FABL6CASIN/Exp3ABl6Casin-15.czi,aged_CASIN,2.0746858906531,288057537,5.38653087615967,140,0,03FABL6CASIN,2024,48,Microscopist 2,HSC,F
641,0.2,0.0131530567956349,0.0131530567956349,31,1024,1024,1,../data/raw_data/aged_CASIN/03FABL6CASIN/Exp3ABl6Casin-16.czi,aged_CASIN,2.13481190638858,215950607,6.64343701639483,117,0,03FABL6CASIN,2024,48,Microscopist 2,HSC,F
642,0.2,0.0131530567956349,0.0131530567956349,47,1024,1024,1,../data/raw_data/aged_CASIN/03FABL6CASIN/Exp3ABl6Casin-17.czi,aged_CASIN,2.36294153795269,234961758,4.76759561579278,80,0,03FABL6CASIN,2024,48,Microscopist 2,HSC,F
643,0.2,0.0131530567956349,0.0131530567956349,49,1024,1024,1,../data/raw_data/aged_CASIN/03FABL6CASIN/Exp3ABl6Casin-18.czi,aged_CASIN,2.27790990765499,256147593,4.9853342990486,107,0,03FABL6CASIN,2024,48,Microscopist 2,HSC,F
644,0.2,0.0131530567956349,0.0131530567956349,48,1024,1024,1,../data/raw_data/aged_CASIN/03FABL6CASIN/Exp3ABl6Casin-19.czi,aged_CASIN,2.34618400175981,236692829,4.70266399780909,116,0,03FABL6CASIN,2024,48,Microscopist 2,HSC,F
645,0.2,0.0131530567956349,0.0131530567956349,40,1024,1024,1,../data/raw_data/aged_CASIN/03FABL6CASIN/Exp3ABl6Casin-20.czi,aged_CASIN,1.89074043406507,168525778,4.01796765327454,96,0,03FABL6CASIN,2024,48,Microscopist 2,HSC,F
646,0.2,0.0131530567956349,0.0131530567956349,51,1024,1024,1,../data/raw_data/aged_CASIN/03FABL6CASIN/Exp3ABl6Casin-21.czi,aged_CASIN,2.15219969863671,215132739,4.022873878479,80,0,03FABL6CASIN,2024,48,Microscopist 2,HSC,F
647,0.2,0.0131530567956349,0.0131530567956349,49,1024,1024,1,../data/raw_data/aged_CASIN/03FABL6CASIN/Exp3ABl6Casin-22.czi,aged_CASIN,2.16137759938943,209312362,4.07379232134138,81,0,03FABL6CASIN,2024,48,Microscopist 2,HSC,F
648,0.2,0.0131530567956349,0.0131530567956349,56,1024,1024,1,../data/raw_data/aged_CASIN/03FABL6CASIN/Exp3ABl6Casin-23.czi,aged_CASIN,2.40660252034848,333890475,5.68612090178898,91,0,03FABL6CASIN,2024,48,Microscopist 2,HSC,F
649,0.2,0.0131530567956349,0.0131530567956349,47,1024,1024,1,../data/raw_data/aged_CASIN/03FABL6CASIN/Exp3ABl6Casin-24.czi,aged_CASIN,2.1656823283012,208014625,4.22081287871016,87,0,03FABL6CASIN,2024,48,Microscopist 2,HSC,F
650,0.2,0.0131530567956349,0.0131530567956349,55,1024,1024,1,../data/raw_data/aged_CASIN/03FABL6CASIN/Exp3ABl6Casin-25.czi,aged_CASIN,2.12586469536297,225104472,3.90320642644709,86,0,03FABL6CASIN,2024,48,Microscopist 2,HSC,F
651,0.2,0.0131530567956349,0.0131530567956349,53,1024,1024,1,../data/raw_data/aged_CASIN/03FABL6CASIN/Exp3ABl6Casin-26.czi,aged_CASIN,2.11324301148084,221767611,3.99045424191457,94,0,03FABL6CASIN,2024,48,Microscopist 2,HSC,F
652,0.2,0.0131530567956349,0.0131530567956349,62,1024,1024,1,../data/raw_data/aged_CASIN/03FABL6CASIN/Exp3ABl6Casin-27.czi,aged_CASIN,2.1821473616409,298121847,4.58566368779828,84,0,03FABL6CASIN,2024,48,Microscopist 2,HSC,F
653,0.2,0.0131530567956349,0.0131530567956349,53,1024,1024,1,../data/raw_data/aged_CASIN/03FABL6CASIN/Exp3ABl6Casin-28.czi,aged_CASIN,2.04341590241234,220010585,3.95883857079272,106,0,03FABL6CASIN,2024,48,Microscopist 2,HSC,F
654,0.2,0.0131530567956349,0.0131530567956349,44,1024,1024,1,../data/raw_data/aged_CASIN/03FABL6CASIN/Exp3ABl6Casin-29.czi,aged_CASIN,1.73123921258505,178457287,3.86795752698725,93,0,03FABL6CASIN,2024,48,Microscopist 2,HSC,F
655,0.2,0.0131530567956349,0.0131530567956349,52,1024,1024,1,../data/raw_data/aged_CASIN/03FABL6CASIN/Exp3ABl6Casin-30.czi,aged_CASIN,1.84317428908565,243647671,4.46847165547885,90,0,03FABL6CASIN,2024,48,Microscopist 2,HSC,F
656,0.2,0.0131530567956349,0.0131530567956349,45,1024,1024,1,../data/raw_data/aged_CASIN/03FABL6CASIN/Exp3ABl6Casin-31.czi,aged_CASIN,1.57747210872832,169066556,3.58298738267687,100,0,03FABL6CASIN,2024,48,Microscopist 2,HSC,F
657,0.2,0.0131530567956349,0.0131530567956349,49,1024,1024,1,../data/raw_data/aged_CASIN/03FABL6CASIN/Exp3ABl6Casin-32.czi,aged_CASIN,2.106355445222,235756077,4.58845950146111,108,0,03FABL6CASIN,2024,48,Microscopist 2,HSC,F
658,0.2,0.0131530567956349,0.0131530567956349,45,1024,1024,1,../data/raw_data/aged_CASIN/03FABL6CASIN/Exp3ABl6Casin-33.czi,aged_CASIN,1.69996922434429,182177896,3.86085289849175,95,0,03FABL6CASIN,2024,48,Microscopist 2,HSC,F
659,0.2,0.0131530567956349,0.0131530567956349,42,1024,1024,1,../data/raw_data/aged_CASIN/03FABL6CASIN/Exp3ABl6Casin-34.czi,aged_CASIN,1.71930959788424,174364051,3.95920278912499,87,0,03FABL6CASIN,2024,48,Microscopist 2,HSC,F
660,0.2,0.0131530567956349,0.0131530567956349,51,1024,1024,1,../data/raw_data/aged_CASIN/03FABL6CASIN/Exp3ABl6Casin-35.czi,aged_CASIN,2.08926015582706,215701841,4.03351579927931,91,0,03FABL6CASIN,2024,48,Microscopist 2,HSC,F
661,0.2,0.0131530567956349,0.0131530567956349,48,1024,1024,1,../data/raw_data/aged_CASIN/03FABL6CASIN/Exp3ABl6Casin-36.czi,aged_CASIN,2.21686113301108,212820577,4.22836496432622,82,0,03FABL6CASIN,2024,48,Microscopist 2,HSC,F
662,0.2,0.0131530567956349,0.0131530567956349,52,1024,1024,1,../data/raw_data/aged_CASIN/03FABL6CASIN/Exp3ABl6Casin-37.czi,aged_CASIN,2.13590354189804,221313353,4.05886270449712,109,0,03FABL6CASIN,2024,48,Microscopist 2,HSC,F
663,0.2,0.0131530567956349,0.0131530567956349,44,1024,1024,1,../data/raw_data/aged_CASIN/03FABL6CASIN/Exp3ABl6Casin-38.czi,aged_CASIN,1.75969567375163,180624302,3.9149263121865,96,0,03FABL6CASIN,2024,48,Microscopist 2,HSC,F
664,0.2,0.0131530567956349,0.0131530567956349,48,1024,1024,1,../data/raw_data/aged_CASIN/03FABL6CASIN/Exp3ABl6Casin-39.czi,aged_CASIN,2.19930446416192,217625808,4.32383632659912,99,0,03FABL6CASIN,2024,48,Microscopist 2,HSC,F
665,0.2,0.0131530567956349,0.0131530567956349,47,1024,1024,1,../data/raw_data/aged_CASIN/03FABL6CASIN/Exp3ABl6Casin-40.czi,aged_CASIN,2.15001642761778,210507384,4.27139330924825,88,0,03FABL6CASIN,2024,48,Microscopist 2,HSC,F
666,0.2,0.0131530567956349,0.0131530567956349,42,1024,1024,1,../data/raw_data/aged_CASIN/03FABL6CASIN/Exp3ABl6Casin-43.czi,aged_CASIN,2.20400875940183,185511375,4.21231985092163,95,0,03FABL6CASIN,2024,48,Microscopist 2,HSC,F
667,0.2,0.0131530567956349,0.0131530567956349,45,1024,1024,1,../data/raw_data/aged_CASIN/03FABL6CASIN/Exp3ABl6Casin-44.czi,aged_CASIN,1.55991543987916,159228824,3.37449866400825,92,0,03FABL6CASIN,2024,48,Microscopist 2,HSC,F
668,0.2,0.0131530567956349,0.0131530567956349,42,1024,1024,1,../data/raw_data/aged_CASIN/03FABL6CASIN/Exp3ABl6Casin-45.czi,aged_CASIN,1.67512542290815,156739142,3.55900224049886,101,0,03FABL6CASIN,2024,48,Microscopist 2,HSC,F
669,0.2,0.0131530567956349,0.0131530567956349,47,1024,1024,1,../data/raw_data/aged_CASIN/03FABL6CASIN/Exp3ABl6Casin-46.czi,aged_CASIN,1.76290876715394,177025144,3.59200708916847,88,0,03FABL6CASIN,2024,48,Microscopist 2,HSC,F
670,0.2,0.0131530567956349,0.0131530567956349,44,1024,1024,1,../data/raw_data/aged_CASIN/03FABL6CASIN/Exp3ABl6Casin-47.czi,aged_CASIN,1.61791999772179,147434487,3.19555644555525,76,0,03FABL6CASIN,2024,48,Microscopist 2,HSC,F
671,0.2,0.0131530567956349,0.0131530567956349,48,1024,1024,1,../data/raw_data/aged_CASIN/03FABL6CASIN/Exp3ABl6Casin-48.czi,aged_CASIN,2.0427856463571,173460157,3.44634368022283,72,0,03FABL6CASIN,2024,48,Microscopist 2,HSC,F
672,0.2,0.0131530567956349,0.0131530567956349,43,1024,1024,1,../data/raw_data/aged_CASIN/03FABL6CASIN/Exp3ABl6Casin-49.czi,aged_CASIN,1.99843259477998,160986370,3.57043177582497,77,0,03FABL6CASIN,2024,48,Microscopist 2,HSC,F
673,0.2,0.0131530567956349,0.0131530567956349,44,1024,1024,1,../data/raw_data/aged_CASIN/03FABL6CASIN/Exp3ABl6Casin-50.czi,aged_CASIN,2.13888594557325,178628922,3.8716776154258,80,0,03FABL6CASIN,2024,48,Microscopist 2,HSC,F
714,0.2,0.0131530567956349,0.0131530567956349,47,1024,1024,1,../data/raw_data/aged_DMSO/01FABl6DMSO/FABl6DMSO-01.czi,aged_DMSO,3.01810352639382,480256936,9.74486606679064,255,0,01FABl6DMSO,2024,46,Microscopist 2,HSC,F
715,0.2,0.0131530567956349,0.0131530567956349,47,1024,1024,1,../data/raw_data/aged_DMSO/01FABl6DMSO/FABl6DMSO-02.czi,aged_DMSO,3.22987518809318,470859135,9.55417582329283,192,0,01FABl6DMSO,2024,46,Microscopist 2,HSC,F
716,0.2,0.0131530567956349,0.0131530567956349,40,1024,1024,1,../data/raw_data/aged_DMSO/01FABl6DMSO/FABl6DMSO-03.czi,aged_DMSO,3.18816678698921,372096582,8.8714738368988,193,0,01FABl6DMSO,2024,46,Microscopist 2,HSC,F
717,0.2,0.0131530567956349,0.0131530567956349,42,1024,1024,1,../data/raw_data/aged_DMSO/01FABl6DMSO/FABl6DMSO-06.czi,aged_DMSO,3.20572345583837,382830971,8.6927634420849,194,0,01FABl6DMSO,2024,46,Microscopist 2,HSC,F
718,0.2,0.0131530567956349,0.0131530567956349,39,1024,1024,1,../data/raw_data/aged_DMSO/01FABl6DMSO/FABl6DMSO-07.czi,aged_DMSO,3.20893654924068,431196611,10.5441316213363,213,0,01FABl6DMSO,2024,46,Microscopist 2,HSC,F
719,0.2,0.0131530567956349,0.0131530567956349,41,1024,1024,1,../data/raw_data/aged_DMSO/01FABl6DMSO/FABl6DMSO-08.czi,aged_DMSO,3.23378035067682,430672640,10.0175959889482,194,0,01FABl6DMSO,2024,46,Microscopist 2,HSC,F
720,0.2,0.0131530567956349,0.0131530567956349,43,1024,1024,1,../data/raw_data/aged_DMSO/01FABl6DMSO/FABl6DMSO-09.czi,aged_DMSO,3.13377488887703,484356673,10.7422911400019,223,0,01FABl6DMSO,2024,46,Microscopist 2,HSC,F
721,0.2,0.0131530567956349,0.0131530567956349,39,1024,1024,1,../data/raw_data/aged_DMSO/01FABl6DMSO/FABl6DMSO-10.czi,aged_DMSO,3.19459297379384,406438499,9.93871686397455,195,0,01FABl6DMSO,2024,46,Microscopist 2,HSC,F
722,0.2,0.0131530567956349,0.0131530567956349,44,1024,1024,1,../data/raw_data/aged_DMSO/01FABl6DMSO/FABl6DMSO-11.czi,aged_DMSO,3.05563082483817,413764758,8.96810960769653,221,0,01FABl6DMSO,2024,46,Microscopist 2,HSC,F
723,0.2,0.0131530567956349,0.0131530567956349,39,1024,1024,1,../data/raw_data/aged_DMSO/01FABl6DMSO/FABl6DMSO-12.czi,aged_DMSO,3.15729636507659,402143891,9.8337000088814,185,0,01FABl6DMSO,2024,46,Microscopist 2,HSC,F
724,0.2,0.0131530567956349,0.0131530567956349,36,1024,1024,1,../data/raw_data/aged_DMSO/01FABl6DMSO/FABl6DMSO-13.czi,aged_DMSO,3.90616125476505,646797958,17.1342944569058,255,0,01FABl6DMSO,2024,46,Microscopist 2,HSC,F
725,0.2,0.0131530567956349,0.0131530567956349,35,1024,1024,1,../data/raw_data/aged_DMSO/01FABl6DMSO/FABl6DMSO-14.czi,aged_DMSO,3.60005643576311,585350513,15.9495357240949,255,0,01FABl6DMSO,2024,46,Microscopist 2,HSC,F
726,0.2,0.0131530567956349,0.0131530567956349,35,1024,1024,1,../data/raw_data/aged_DMSO/01FABl6DMSO/FABl6DMSO-15.czi,aged_DMSO,3.59627489943164,571927846,15.5837970733643,255,0,01FABl6DMSO,2024,46,Microscopist 2,HSC,F
727,0.2,0.0131530567956349,0.0131530567956349,34,1024,1024,1,../data/raw_data/aged_DMSO/01FABl6DMSO/FABl6DMSO-16.czi,aged_DMSO,3.70419774987365,598344238,16.7831038867726,255,0,01FABl6DMSO,2024,46,Microscopist 2,HSC,F
728,0.2,0.0131530567956349,0.0131530567956349,36,1024,1024,1,../data/raw_data/aged_DMSO/01FABl6DMSO/FABl6DMSO-17.czi,aged_DMSO,3.89066423068266,615477870,16.3045954704285,255,0,01FABl6DMSO,2024,46,Microscopist 2,HSC,F
729,0.2,0.0131530567956349,0.0131530567956349,39,1024,1024,1,../data/raw_data/aged_DMSO/01FABl6DMSO/FABl6DMSO-18.czi,aged_DMSO,3.58749656500705,646548007,15.8101597076807,255,0,01FABl6DMSO,2024,46,Microscopist 2,HSC,F
730,0.2,0.0131530567956349,0.0131530567956349,36,1024,1024,1,../data/raw_data/aged_DMSO/01FABl6DMSO/FABl6DMSO-19.czi,aged_DMSO,3.82709443181775,659183984,17.4624120924208,255,0,01FABl6DMSO,2024,46,Microscopist 2,HSC,F
731,0.2,0.0131530567956349,0.0131530567956349,38,1024,1024,1,../data/raw_data/aged_DMSO/01FABl6DMSO/FABl6DMSO-20.czi,aged_DMSO,3.6943277799396,595518923,14.9455553105003,255,0,01FABl6DMSO,2024,46,Microscopist 2,HSC,F
732,0.2,0.0131530567956349,0.0131530567956349,39,1024,1024,1,../data/raw_data/aged_DMSO/01FABl6DMSO/FABl6DMSO-21.czi,aged_DMSO,3.70919454796675,640433513,15.6606408388187,253,0,01FABl6DMSO,2024,46,Microscopist 2,HSC,F
733,0.2,0.0131530567956349,0.0131530567956349,40,1024,1024,1,../data/raw_data/aged_DMSO/01FABl6DMSO/FABl6DMSO-22.czi,aged_DMSO,3.70333680409129,616411364,14.6963921546936,255,0,01FABl6DMSO,2024,46,Microscopist 2,HSC,F
734,0.2,0.0131530567956349,0.0131530567956349,41,1024,1024,1,../data/raw_data/aged_DMSO/01FABl6DMSO/FABl6DMSO-23.czi,aged_DMSO,3.37486395752533,579364041,13.4762098963668,255,0,01FABl6DMSO,2024,46,Microscopist 2,HSC,F
735,0.2,0.0131530567956349,0.0131530567956349,36,1024,1024,1,../data/raw_data/aged_DMSO/01FABl6DMSO/FABl6DMSO-24.czi,aged_DMSO,3.51577868777282,557373793,14.7653630839454,255,0,01FABl6DMSO,2024,46,Microscopist 2,HSC,F
736,0.2,0.0131530567956349,0.0131530567956349,42,1024,1024,1,../data/raw_data/aged_DMSO/01FABl6DMSO/FABl6DMSO-25.czi,aged_DMSO,3.48560033504152,619178607,14.0593984467643,255,0,01FABl6DMSO,2024,46,Microscopist 2,HSC,F
737,0.2,0.0131530567956349,0.0131530567956349,41,1024,1024,1,../data/raw_data/aged_DMSO/01FABl6DMSO/FABl6DMSO-26.czi,aged_DMSO,3.24146704959194,556583869,12.9463351412517,255,0,01FABl6DMSO,2024,46,Microscopist 2,HSC,F
738,0.2,0.0131530567956349,0.0131530567956349,39,1024,1024,1,../data/raw_data/aged_DMSO/01FABl6DMSO/FABl6DMSO-27.czi,aged_DMSO,3.43085412095007,603183987,14.7497711915236,251,0,01FABl6DMSO,2024,46,Microscopist 2,HSC,F
739,0.2,0.0131530567956349,0.0131530567956349,37,1024,1024,1,../data/raw_data/aged_DMSO/01FABl6DMSO/FABl6DMSO-28.czi,aged_DMSO,3.30951045396964,559643485,14.424800486178,254,0,01FABl6DMSO,2024,46,Microscopist 2,HSC,F
740,0.2,0.0131530567956349,0.0131530567956349,38,1024,1024,1,../data/raw_data/aged_DMSO/01FABl6DMSO/FABl6DMSO-29.czi,aged_DMSO,3.6013169478736,557151356,13.9826562781083,252,0,01FABl6DMSO,2024,46,Microscopist 2,HSC,F
741,0.2,0.0131530567956349,0.0131530567956349,42,1024,1024,1,../data/raw_data/aged_DMSO/01FABl6DMSO/FABl6DMSO-30.czi,aged_DMSO,3.53224372111251,608461607,13.8160525503613,255,0,01FABl6DMSO,2024,46,Microscopist 2,HSC,F
742,0.2,0.0131530567956349,0.0131530567956349,42,1024,1024,1,../data/raw_data/aged_DMSO/01FABl6DMSO/FABl6DMSO-31.czi,aged_DMSO,3.45166307115318,572313672,12.9952583312988,252,0,01FABl6DMSO,2024,46,Microscopist 2,HSC,F
743,0.2,0.0131530567956349,0.0131530567956349,44,1024,1024,1,../data/raw_data/aged_DMSO/01FABl6DMSO/FABl6DMSO-32.czi,aged_DMSO,3.6170446616831,624722825,13.5405025698922,255,0,01FABl6DMSO,2024,46,Microscopist 2,HSC,F
744,0.2,0.0131530567956349,0.0131530567956349,41,1024,1024,1,../data/raw_data/aged_DMSO/01FABl6DMSO/FABl6DMSO-33.czi,aged_DMSO,3.46086359708033,563233683,13.101012136878,255,0,01FABl6DMSO,2024,46,Microscopist 2,HSC,F
745,0.2,0.0131530567956349,0.0131530567956349,36,1024,1024,1,../data/raw_data/aged_DMSO/01FABl6DMSO/FABl6DMSO-35.czi,aged_DMSO,3.72662759056374,534700381,14.1647227870093,245,0,01FABl6DMSO,2024,46,Microscopist 2,HSC,F
746,0.2,0.0131530567956349,0.0131530567956349,36,1024,1024,1,../data/raw_data/aged_DMSO/01FABl6DMSO/FABl6DMSO-36.czi,aged_DMSO,3.60223970678204,483554095,12.8098089165158,226,0,01FABl6DMSO,2024,46,Microscopist 2,HSC,F
747,0.2,0.0131530567956349,0.0131530567956349,39,1024,1024,1,../data/raw_data/aged_DMSO/01FABl6DMSO/FABl6DMSO-37.czi,aged_DMSO,3.30549822791105,614385743,15.0236898324428,255,0,01FABl6DMSO,2024,46,Microscopist 2,HSC,F
748,0.2,0.0131530567956349,0.0131530567956349,39,1024,1024,1,../data/raw_data/aged_DMSO/01FABl6DMSO/FABl6DMSO-38.czi,aged_DMSO,3.44979492816188,544403726,13.3124064421042,254,0,01FABl6DMSO,2024,46,Microscopist 2,HSC,F
749,0.2,0.0131530567956349,0.0131530567956349,38,1024,1024,1,../data/raw_data/aged_DMSO/01FABl6DMSO/FABl6DMSO-39.czi,aged_DMSO,3.40010732528961,490002854,12.2974509690937,238,0,01FABl6DMSO,2024,46,Microscopist 2,HSC,F
750,0.2,0.0131530567956349,0.0131530567956349,37,1024,1024,1,../data/raw_data/aged_DMSO/01FABl6DMSO/FABl6DMSO-40.czi,aged_DMSO,3.42908697903649,521360474,13.438056584951,254,0,01FABl6DMSO,2024,46,Microscopist 2,HSC,F
751,0.2,0.0131530567956349,0.0131530567956349,40,1024,1024,1,../data/raw_data/aged_DMSO/01FABl6DMSO/FABl6DMSO-41.czi,aged_DMSO,3.59007940235412,545967537,13.016880440712,241,0,01FABl6DMSO,2024,46,Microscopist 2,HSC,F
752,0.2,0.0131530567956349,0.0131530567956349,35,1024,1024,1,../data/raw_data/aged_DMSO/01FABl6DMSO/FABl6DMSO-42.czi,aged_DMSO,3.3237922162904,478903617,13.0490879876273,253,0,01FABl6DMSO,2024,46,Microscopist 2,HSC,F
753,0.2,0.0131530567956349,0.0131530567956349,41,1024,1024,1,../data/raw_data/aged_DMSO/01FABl6DMSO/FABl6DMSO-43.czi,aged_DMSO,3.38748564140747,522260984,12.1479728512648,242,0,01FABl6DMSO,2024,46,Microscopist 2,HSC,F
754,0.2,0.0131530567956349,0.0131530567956349,39,1024,1024,1,../data/raw_data/aged_DMSO/01FABl6DMSO/FABl6DMSO-44.czi,aged_DMSO,3.54870875445221,552252823,13.5043418835371,249,0,01FABl6DMSO,2024,46,Microscopist 2,HSC,F
755,0.2,0.0131530567956349,0.0131530567956349,39,1024,1024,1,../data/raw_data/aged_DMSO/01FABl6DMSO/FABl6DMSO-45.czi,aged_DMSO,3.32500747805203,523539829,12.8022176546928,237,0,01FABl6DMSO,2024,46,Microscopist 2,HSC,F
756,0.2,0.0131530567956349,0.0131530567956349,39,1024,1024,1,../data/raw_data/aged_DMSO/01FABl6DMSO/FABl6DMSO-46.czi,aged_DMSO,3.33853535806539,524351968,12.8220770420172,253,0,01FABl6DMSO,2024,46,Microscopist 2,HSC,F
757,0.2,0.0131530567956349,0.0131530567956349,42,1024,1024,1,../data/raw_data/aged_DMSO/01FABl6DMSO/FABl6DMSO-47.czi,aged_DMSO,3.4577123168041,564028758,12.8071366718837,255,0,01FABl6DMSO,2024,46,Microscopist 2,HSC,F
758,0.2,0.0131530567956349,0.0131530567956349,38,1024,1024,1,../data/raw_data/aged_DMSO/01FABl6DMSO/FABl6DMSO-48.czi,aged_DMSO,3.32494566492595,532930218,13.3747858248259,253,0,01FABl6DMSO,2024,46,Microscopist 2,HSC,F
759,0.2,0.0131530567956349,0.0131530567956349,37,1024,1024,1,../data/raw_data/aged_DMSO/01FABl6DMSO/FABl6DMSO-49.czi,aged_DMSO,3.18707515147975,564170536,14.5414851420635,255,0,01FABl6DMSO,2024,46,Microscopist 2,HSC,F
760,0.2,0.0131530567956349,0.0131530567956349,29,1024,1024,1,../data/raw_data/aged_DMSO/02FABl6DMSO/2FABl6DMSO-01.czi,aged_DMSO,2.0018763779094,308504359,10.1452649544025,186,0,02FABl6DMSO,2024,30,Microscopist 2,HSC,F
761,0.2,0.0131530567956349,0.0131530567956349,21,1024,1024,1,../data/raw_data/aged_DMSO/02FABl6DMSO/2FABl6DMSO-02.czi,aged_DMSO,3.18127922073038,266803613,12.1163692020235,155,0,02FABl6DMSO,2024,30,Microscopist 2,HSC,F
762,0.2,0.0131530567956349,0.0131530567956349,24,1024,1024,1,../data/raw_data/aged_DMSO/02FABl6DMSO/2FABl6DMSO-03.czi,aged_DMSO,3.73102503916464,354030772,14.0679189364115,166,0,02FABl6DMSO,2024,30,Microscopist 2,HSC,F
763,0.2,0.0131530567956349,0.0131530567956349,30,1024,1024,1,../data/raw_data/aged_DMSO/02FABl6DMSO/2FABl6DMSO-04.czi,aged_DMSO,4.14122370293687,924311919,29.3830845832825,255,0,02FABl6DMSO,2024,30,Microscopist 2,HSC,F
764,0.2,0.0131530567956349,0.0131530567956349,30,1024,1024,1,../data/raw_data/aged_DMSO/02FABl6DMSO/2FABl6DMSO-05.czi,aged_DMSO,4.09107472061038,863513055,27.4503407478333,255,0,02FABl6DMSO,2024,30,Microscopist 2,HSC,F
765,0.2,0.0131530567956349,0.0131530567956349,31,1024,1024,1,../data/raw_data/aged_DMSO/02FABl6DMSO/2FABl6DMSO-06.czi,aged_DMSO,4.05854422025912,849632974,26.1378434088922,255,0,02FABl6DMSO,2024,30,Microscopist 2,HSC,F
766,0.2,0.0131530567956349,0.0131530567956349,27,1024,1024,1,../data/raw_data/aged_DMSO/02FABl6DMSO/2FABl6DMSO-07.czi,aged_DMSO,3.57745771847198,633396660,22.372375064426,255,0,02FABl6DMSO,2024,30,Microscopist 2,HSC,F
767,0.2,0.0131530567956349,0.0131530567956349,31,1024,1024,1,../data/raw_data/aged_DMSO/02FABl6DMSO/2FABl6DMSO-08.czi,aged_DMSO,3.8456809230503,673125643,20.7078270143078,255,0,02FABl6DMSO,2024,30,Microscopist 2,HSC,F
768,0.2,0.0131530567956349,0.0131530567956349,25,1024,1024,1,../data/raw_data/aged_DMSO/02FABl6DMSO/2FABl6DMSO-09.czi,aged_DMSO,3.63546227631461,428867054,16.3599797821045,225,0,02FABl6DMSO,2024,30,Microscopist 2,HSC,F
769,0.2,0.0131530567956349,0.0131530567956349,27,1024,1024,1,../data/raw_data/aged_DMSO/02FABl6DMSO/2FABl6DMSO-10.czi,aged_DMSO,3.79857615752509,565161933,19.9622377819485,255,0,02FABl6DMSO,2024,30,Microscopist 2,HSC,F
770,0.2,0.0131530567956349,0.0131530567956349,25,1024,1024,1,../data/raw_data/aged_DMSO/02FABl6DMSO/2FABl6DMSO-11.czi,aged_DMSO,3.76501583479046,493726921,18.8341873550415,249,0,02FABl6DMSO,2024,30,Microscopist 2,HSC,F
771,0.2,0.0131530567956349,0.0131530567956349,27,1024,1024,1,../data/raw_data/aged_DMSO/02FABl6DMSO/2FABl6DMSO-12.czi,aged_DMSO,3.6537110143451,461982211,16.3177988617509,226,0,02FABl6DMSO,2024,30,Microscopist 2,HSC,F
772,0.2,0.0131530567956349,0.0131530567956349,26,1024,1024,1,../data/raw_data/aged_DMSO/02FABl6DMSO/2FABl6DMSO-13.czi,aged_DMSO,4.07719252461775,444621879,16.3086333274841,208,0,02FABl6DMSO,2024,30,Microscopist 2,HSC,F
773,0.2,0.0131530567956349,0.0131530567956349,30,1024,1024,1,../data/raw_data/aged_DMSO/02FABl6DMSO/2FABl6DMSO-14.czi,aged_DMSO,4.21575510724528,607416315,19.3092446327209,185,0,02FABl6DMSO,2024,30,Microscopist 2,HSC,F
774,0.2,0.0131530567956349,0.0131530567956349,28,1024,1024,1,../data/raw_data/aged_DMSO/02FABl6DMSO/2FABl6DMSO-15.czi,aged_DMSO,4.08338802169526,495895225,16.8900907039642,237,0,02FABl6DMSO,2024,30,Microscopist 2,HSC,F
775,0.2,0.0131530567956349,0.0131530567956349,24,1024,1024,1,../data/raw_data/aged_DMSO/02FABl6DMSO/2FABl6DMSO-16.czi,aged_DMSO,3.42930110598638,362757368,14.4146827061971,189,0,02FABl6DMSO,2024,30,Microscopist 2,HSC,F
776,0.2,0.0131530567956349,0.0131530567956349,23,1024,1024,1,../data/raw_data/aged_DMSO/02FABl6DMSO/2FABl6DMSO-17.czi,aged_DMSO,3.77528537105264,397548254,16.4839808422586,172,0,02FABl6DMSO,2024,30,Microscopist 2,HSC,F
777,0.2,0.0131530567956349,0.0131530567956349,28,1024,1024,1,../data/raw_data/aged_DMSO/02FABl6DMSO/2FABl6DMSO-18.czi,aged_DMSO,3.81831609739318,444325100,15.1336227144514,215,0,02FABl6DMSO,2024,30,Microscopist 2,HSC,F
778,0.2,0.0131530567956349,0.0131530567956349,26,1024,1024,1,../data/raw_data/aged_DMSO/02FABl6DMSO/2FABl6DMSO-19.czi,aged_DMSO,3.66650157482826,407277144,14.9388366112342,205,0,02FABl6DMSO,2024,30,Microscopist 2,HSC,F
779,0.2,0.0131530567956349,0.0131530567956349,26,1024,1024,1,../data/raw_data/aged_DMSO/02FABl6DMSO/2FABl6DMSO-20.czi,aged_DMSO,3.82358883556225,413573294,15.1697780168973,200,0,02FABl6DMSO,2024,30,Microscopist 2,HSC,F
780,0.2,0.0131530567956349,0.0131530567956349,29,1024,1024,1,../data/raw_data/aged_DMSO/02FABl6DMSO/2FABl6DMSO-21.czi,aged_DMSO,3.59070965840936,405827163,13.3457566294177,179,0,02FABl6DMSO,2024,30,Microscopist 2,HSC,F
781,0.2,0.0131530567956349,0.0131530567956349,33,1024,1024,1,../data/raw_data/aged_DMSO/02FABl6DMSO/2FABl6DMSO-22.czi,aged_DMSO,3.55364373941923,434194958,12.5478963562936,194,0,02FABl6DMSO,2024,30,Microscopist 2,HSC,F
782,0.2,0.0131530567956349,0.0131530567956349,21,1024,1024,1,../data/raw_data/aged_DMSO/02FABl6DMSO/2FABl6DMSO-23.czi,aged_DMSO,3.68641039129738,335288928,15.2264971051897,175,0,02FABl6DMSO,2024,30,Microscopist 2,HSC,F
783,0.2,0.0131530567956349,0.0131530567956349,23,1024,1024,1,../data/raw_data/aged_DMSO/02FABl6DMSO/2FABl6DMSO-24.czi,aged_DMSO,3.74527589492237,357233749,14.8123761467312,158,0,02FABl6DMSO,2024,30,Microscopist 2,HSC,F
784,0.2,0.0131530567956349,0.0131530567956349,25,1024,1024,1,../data/raw_data/aged_DMSO/02FABl6DMSO/2FABl6DMSO-25.czi,aged_DMSO,3.55106090207216,358968944,13.6935784912109,171,0,02FABl6DMSO,2024,30,Microscopist 2,HSC,F
785,0.2,0.0131530567956349,0.0131530567956349,36,1024,1024,1,../data/raw_data/aged_DMSO/02FABl6DMSO/2FABl6DMSO-26.czi,aged_DMSO,3.61721353828413,434619634,11.5134883986579,168,0,02FABl6DMSO,2024,30,Microscopist 2,HSC,F
786,0.2,0.0131530567956349,0.0131530567956349,23,1024,1024,1,../data/raw_data/aged_DMSO/02FABl6DMSO/2FABl6DMSO-27.czi,aged_DMSO,3.65514040305662,341525380,14.1610427524733,177,0,02FABl6DMSO,2024,30,Microscopist 2,HSC,F
787,0.2,0.0131530567956349,0.0131530567956349,24,1024,1024,1,../data/raw_data/aged_DMSO/02FABl6DMSO/2FABl6DMSO-28.czi,aged_DMSO,3.38874615351796,325820836,12.9469567934672,213,0,02FABl6DMSO,2024,30,Microscopist 2,HSC,F
788,0.2,0.0131530567956349,0.0131530567956349,22,1024,1024,1,../data/raw_data/aged_DMSO/02FABl6DMSO/2FABl6DMSO-29.czi,aged_DMSO,3.84366652863239,454308464,19.6937415383079,254,0,02FABl6DMSO,2024,30,Microscopist 2,HSC,F
789,0.2,0.0131530567956349,0.0131530567956349,21,1024,1024,1,../data/raw_data/aged_DMSO/02FABl6DMSO/2FABl6DMSO-30.czi,aged_DMSO,3.46138678966063,329262154,14.9528028397333,179,0,02FABl6DMSO,2024,30,Microscopist 2,HSC,F
790,0.2,0.0131530567956349,0.0131530567956349,43,1024,1024,1,../data/raw_data/aged_DMSO/03FABL6DMSO/Exp3ABl6DMSO-01.czi,aged_DMSO,2.36271084822558,461267136,10.2302004791969,255,0,03FABL6DMSO,2024,50,Microscopist 2,HSC,F
791,0.2,0.0131530567956349,0.0131530567956349,41,1024,1024,1,../data/raw_data/aged_DMSO/03FABL6DMSO/Exp3ABl6DMSO-02.czi,aged_DMSO,2.53632495542535,307738468,7.15810422199528,181,0,03FABL6DMSO,2024,50,Microscopist 2,HSC,F
792,0.2,0.0131530567956349,0.0131530567956349,45,1024,1024,1,../data/raw_data/aged_DMSO/03FABL6DMSO/Exp3ABl6DMSO-03.czi,aged_DMSO,2.39799306252493,290668508,6.16006868150499,166,0,03FABL6DMSO,2024,50,Microscopist 2,HSC,F
793,0.2,0.0131530567956349,0.0131530567956349,44,1024,1024,1,../data/raw_data/aged_DMSO/03FABL6DMSO/Exp3ABl6DMSO-04.czi,aged_DMSO,1.96630166075687,253471014,5.49383627284657,176,0,03FABL6DMSO,2024,50,Microscopist 2,HSC,F
794,0.2,0.0131530567956349,0.0131530567956349,49,1024,1024,1,../data/raw_data/aged_DMSO/03FABL6DMSO/Exp3ABl6DMSO-05.czi,aged_DMSO,2.33591446549763,268818045,5.23193602659264,130,0,03FABL6DMSO,2024,50,Microscopist 2,HSC,F
795,0.2,0.0131530567956349,0.0131530567956349,42,1024,1024,1,../data/raw_data/aged_DMSO/03FABL6DMSO/Exp3ABl6DMSO-06.czi,aged_DMSO,1.82803158098253,215188303,4.88617994671776,143,0,03FABL6DMSO,2024,50,Microscopist 2,HSC,F
796,0.2,0.0131530567956349,0.0131530567956349,37,1024,1024,1,../data/raw_data/aged_DMSO/03FABL6DMSO/Exp3ABl6DMSO-07.czi,aged_DMSO,1.80249571036507,209517132,5.40030020636481,159,0,03FABL6DMSO,2024,50,Microscopist 2,HSC,F
797,0.2,0.0131530567956349,0.0131530567956349,38,1024,1024,1,../data/raw_data/aged_DMSO/03FABL6DMSO/Exp3ABl6DMSO-08.czi,aged_DMSO,1.84810927405267,211221539,5.30096202147634,131,0,03FABL6DMSO,2024,50,Microscopist 2,HSC,F
798,0.2,0.0131530567956349,0.0131530567956349,41,1024,1024,1,../data/raw_data/aged_DMSO/03FABL6DMSO/Exp3ABl6DMSO-09.czi,aged_DMSO,1.71196065217118,179502876,4.17529957468917,111,0,03FABL6DMSO,2024,50,Microscopist 2,HSC,F
799,0.2,0.0131530567956349,0.0131530567956349,50,1024,1024,1,../data/raw_data/aged_DMSO/03FABL6DMSO/Exp3ABl6DMSO-10.czi,aged_DMSO,1.91942758495877,351677209,6.70771043777466,162,0,03FABL6DMSO,2024,50,Microscopist 2,HSC,F
800,0.2,0.0131530567956349,0.0131530567956349,47,1024,1024,1,../data/raw_data/aged_DMSO/03FABL6DMSO/Exp3ABl6DMSO-11.czi,aged_DMSO,1.88431424726045,315474335,6.40127171861364,164,0,03FABL6DMSO,2024,50,Microscopist 2,HSC,F
801,0.2,0.0131530567956349,0.0131530567956349,45,1024,1024,1,../data/raw_data/aged_DMSO/03FABL6DMSO/Exp3ABl6DMSO-12.czi,aged_DMSO,1.72458233605332,221625265,4.69685162438287,169,0,03FABL6DMSO,2024,50,Microscopist 2,HSC,F
802,0.2,0.0131530567956349,0.0131530567956349,45,1024,1024,1,../data/raw_data/aged_DMSO/03FABL6DMSO/Exp3ABl6DMSO-13.czi,aged_DMSO,2.12069902066884,234261439,4.96464705997043,124,0,03FABL6DMSO,2024,50,Microscopist 2,HSC,F
803,0.2,0.0131530567956349,0.0131530567956349,42,1024,1024,1,../data/raw_data/aged_DMSO/03FABL6DMSO/Exp3ABl6DMSO-14.czi,aged_DMSO,1.81988350261319,198096710,4.49808915456136,135,0,03FABL6DMSO,2024,50,Microscopist 2,HSC,F
804,0.2,0.0131530567956349,0.0131530567956349,38,1024,1024,1,../data/raw_data/aged_DMSO/03FABL6DMSO/Exp3ABl6DMSO-15.czi,aged_DMSO,1.5847592413153,189622361,4.75889409215827,182,0,03FABL6DMSO,2024,50,Microscopist 2,HSC,F
805,0.2,0.0131530567956349,0.0131530567956349,41,1024,1024,1,../data/raw_data/aged_DMSO/03FABL6DMSO/Exp3ABl6DMSO-16.czi,aged_DMSO,2.04639830608754,195006502,4.53591932901522,121,0,03FABL6DMSO,2024,50,Microscopist 2,HSC,F
806,0.2,0.0131530567956349,0.0131530567956349,52,1024,1024,1,../data/raw_data/aged_DMSO/03FABL6DMSO/Exp3ABl6DMSO-17.czi,aged_DMSO,2.11811618332178,250531084,4.59471269754263,100,0,03FABL6DMSO,2024,50,Microscopist 2,HSC,F
807,0.2,0.0131530567956349,0.0131530567956349,42,1024,1024,1,../data/raw_data/aged_DMSO/03FABL6DMSO/Exp3ABl6DMSO-19.czi,aged_DMSO,1.75969567375163,182195853,4.13703584671021,135,0,03FABL6DMSO,2024,50,Microscopist 2,HSC,F
808,0.2,0.0131530567956349,0.0131530567956349,49,1024,1024,1,../data/raw_data/aged_DMSO/03FABL6DMSO/Exp3ABl6DMSO-20.czi,aged_DMSO,1.65114256725437,224447184,4.36835744429608,161,0,03FABL6DMSO,2024,50,Microscopist 2,HSC,F
809,0.2,0.0131530567956349,0.0131530567956349,42,1024,1024,1,../data/raw_data/aged_DMSO/03FABL6DMSO/Exp3ABl6DMSO-21.czi,aged_DMSO,1.70639541114891,196503130,4.46190448034377,142,0,03FABL6DMSO,2024,50,Microscopist 2,HSC,F
810,0.2,0.0131530567956349,0.0131530567956349,44,1024,1024,1,../data/raw_data/aged_DMSO/03FABL6DMSO/Exp3ABl6DMSO-22.czi,aged_DMSO,1.65372540460144,192954193,4.1821695024317,149,0,03FABL6DMSO,2024,50,Microscopist 2,HSC,F
811,0.2,0.0131530567956349,0.0131530567956349,41,1024,1024,1,../data/raw_data/aged_DMSO/03FABL6DMSO/Exp3ABl6DMSO-23.czi,aged_DMSO,1.67810782658336,186538049,4.33894015521538,134,0,03FABL6DMSO,2024,50,Microscopist 2,HSC,F
812,0.2,0.0131530567956349,0.0131530567956349,44,1024,1024,1,../data/raw_data/aged_DMSO/03FABL6DMSO/Exp3ABl6DMSO-24.czi,aged_DMSO,2.07829855038355,203816321,4.41759978641163,124,0,03FABL6DMSO,2024,50,Microscopist 2,HSC,F
813,0.2,0.0131530567956349,0.0131530567956349,42,1024,1024,1,../data/raw_data/aged_DMSO/03FABL6DMSO/Exp3ABl6DMSO-25.czi,aged_DMSO,1.71431279979114,185169386,4.20455446697417,134,0,03FABL6DMSO,2024,50,Microscopist 2,HSC,F
814,0.2,0.0131530567956349,0.0131530567956349,48,1024,1024,1,../data/raw_data/aged_DMSO/03FABL6DMSO/Exp3ABl6DMSO-26.czi,aged_DMSO,1.65647711854953,184787549,3.67139873902003,126,0,03FABL6DMSO,2024,50,Microscopist 2,HSC,F
815,0.2,0.0131530567956349,0.0131530567956349,56,1024,1024,1,../data/raw_data/aged_DMSO/03FABL6DMSO/Exp3ABl6DMSO-27.czi,aged_DMSO,1.97554137463566,245427006,4.17959700311933,134,0,03FABL6DMSO,2024,50,Microscopist 2,HSC,F
816,0.2,0.0131530567956349,0.0131530567956349,46,1024,1024,1,../data/raw_data/aged_DMSO/03FABL6DMSO/Exp3ABl6DMSO-28.czi,aged_DMSO,1.71172996244407,197214244,4.08865563765816,140,0,03FABL6DMSO,2024,50,Microscopist 2,HSC,F
817,0.2,0.0131530567956349,0.0131530567956349,43,1024,1024,1,../data/raw_data/aged_DMSO/03FABL6DMSO/Exp3ABl6DMSO-29.czi,aged_DMSO,1.72073898659576,188289966,4.17598382816758,125,0,03FABL6DMSO,2024,50,Microscopist 2,HSC,F
818,0.2,0.0131530567956349,0.0131530567956349,42,1024,1024,1,../data/raw_data/aged_DMSO/03FABL6DMSO/Exp3ABl6DMSO-30.czi,aged_DMSO,2.25260472676464,212681189,4.82925208409627,121,0,03FABL6DMSO,2024,50,Microscopist 2,HSC,F
819,0.2,0.0131530567956349,0.0131530567956349,43,1024,1024,1,../data/raw_data/aged_DMSO/03FABL6DMSO/Exp3ABl6DMSO-31.czi,aged_DMSO,2.70059228527137,653780099,14.4998439300892,255,0,03FABL6DMSO,2024,50,Microscopist 2,HSC,F
820,0.2,0.0131530567956349,0.0131530567956349,49,1024,1024,1,../data/raw_data/aged_DMSO/03FABL6DMSO/Exp3ABl6DMSO-32.czi,aged_DMSO,2.74293094243058,747359678,14.5456679597193,255,0,03FABL6DMSO,2024,50,Microscopist 2,HSC,F
821,0.2,0.0131530567956349,0.0131530567956349,37,1024,1024,1,../data/raw_data/aged_DMSO/03FABL6DMSO/Exp3ABl6DMSO-33.czi,aged_DMSO,1.58883328049996,166467575,4.29069867005219,116,0,03FABL6DMSO,2024,50,Microscopist 2,HSC,F
822,0.2,0.0131530567956349,0.0131530567956349,39,1024,1024,1,../data/raw_data/aged_DMSO/03FABL6DMSO/Exp3ABl6DMSO-34.czi,aged_DMSO,1.62136378085121,164994773,4.03464813721486,114,0,03FABL6DMSO,2024,50,Microscopist 2,HSC,F
823,0.2,0.0131530567956349,0.0131530567956349,46,1024,1024,1,../data/raw_data/aged_DMSO/03FABL6DMSO/Exp3ABl6DMSO-35.czi,aged_DMSO,1.67489473318104,160829222,3.33431952932607,105,0,03FABL6DMSO,2024,50,Microscopist 2,HSC,F
824,0.2,0.0131530567956349,0.0131530567956349,43,1024,1024,1,../data/raw_data/aged_DMSO/03FABL6DMSO/Exp3ABl6DMSO-36.czi,aged_DMSO,1.98345876327789,190026337,4.21449388459671,108,0,03FABL6DMSO,2024,50,Microscopist 2,HSC,F
825,0.2,0.0131530567956349,0.0131530567956349,47,1024,1024,1,../data/raw_data/aged_DMSO/03FABL6DMSO/Exp3ABl6DMSO-37.czi,aged_DMSO,1.55027615967222,194838989,3.95346680093319,147,0,03FABL6DMSO,2024,50,Microscopist 2,HSC,F
826,0.2,0.0131530567956349,0.0131530567956349,46,1024,1024,1,../data/raw_data/aged_DMSO/03FABL6DMSO/Exp3ABl6DMSO-38.czi,aged_DMSO,1.60983373247854,175064499,3.62944600893104,105,0,03FABL6DMSO,2024,50,Microscopist 2,HSC,F
827,0.2,0.0131530567956349,0.0131530567956349,43,1024,1024,1,../data/raw_data/aged_DMSO/03FABL6DMSO/Exp3ABl6DMSO-39.czi,aged_DMSO,1.60702020540437,176664831,3.91815609155699,131,0,03FABL6DMSO,2024,50,Microscopist 2,HSC,F
828,0.2,0.0131530567956349,0.0131530567956349,48,1024,1024,1,../data/raw_data/aged_DMSO/03FABL6DMSO/Exp3ABl6DMSO-40.czi,aged_DMSO,1.7348518723155,223730962,4.44513483842214,97,0,03FABL6DMSO,2024,50,Microscopist 2,HSC,F
829,0.2,0.0131530567956349,0.0131530567956349,43,1024,1024,1,../data/raw_data/aged_DMSO/03FABL6DMSO/Exp3ABl6DMSO-41.czi,aged_DMSO,1.66634708848357,175733970,3.89751101649085,99,0,03FABL6DMSO,2024,50,Microscopist 2,HSC,F
830,0.2,0.0131530567956349,0.0131530567956349,44,1024,1024,1,../data/raw_data/aged_DMSO/03FABL6DMSO/Exp3ABl6DMSO-42.czi,aged_DMSO,1.62423912105147,168751534,3.65759099613536,97,0,03FABL6DMSO,2024,50,Microscopist 2,HSC,F
831,0.2,0.0131530567956349,0.0131530567956349,42,1024,1024,1,../data/raw_data/aged_DMSO/03FABL6DMSO/Exp3ABl6DMSO-43.czi,aged_DMSO,1.6742644771258,160181966,3.63717683156331,108,0,03FABL6DMSO,2024,50,Microscopist 2,HSC,F
832,0.2,0.0131530567956349,0.0131530567956349,41,1024,1024,1,../data/raw_data/aged_DMSO/03FABL6DMSO/Exp3ABl6DMSO-44.czi,aged_DMSO,1.57942469002014,160754789,3.73921252460015,97,0,03FABL6DMSO,2024,50,Microscopist 2,HSC,F
833,0.2,0.0131530567956349,0.0131530567956349,45,1024,1024,1,../data/raw_data/aged_DMSO/03FABL6DMSO/Exp3ABl6DMSO-45.czi,aged_DMSO,1.56760213879428,174176112,3.69127298990885,105,0,03FABL6DMSO,2024,50,Microscopist 2,HSC,F
834,0.2,0.0131530567956349,0.0131530567956349,42,1024,1024,1,../data/raw_data/aged_DMSO/03FABL6DMSO/Exp3ABl6DMSO-46.czi,aged_DMSO,1.66078184746131,165957943,3.7683292343503,94,0,03FABL6DMSO,2024,50,Microscopist 2,HSC,F
835,0.2,0.0131530567956349,0.0131530567956349,45,1024,1024,1,../data/raw_data/aged_DMSO/03FABL6DMSO/Exp3ABl6DMSO-47.czi,aged_DMSO,1.54149782524765,154135972,3.26656706068251,101,0,03FABL6DMSO,2024,50,Microscopist 2,HSC,F
836,0.2,0.0131530567956349,0.0131530567956349,45,1024,1024,1,../data/raw_data/aged_DMSO/03FABL6DMSO/Exp3ABl6DMSO-48.czi,aged_DMSO,1.53358043660542,171994672,3.64504224989149,115,0,03FABL6DMSO,2024,50,Microscopist 2,HSC,F
837,0.2,0.0131530567956349,0.0131530567956349,44,1024,1024,1,../data/raw_data/aged_DMSO/03FABL6DMSO/Exp3ABl6DMSO-49.czi,aged_DMSO,1.61752043139366,172530803,3.73950444568287,111,0,03FABL6DMSO,2024,50,Microscopist 2,HSC,F
838,0.2,0.0131530567956349,0.0131530567956349,45,1024,1024,1,../data/raw_data/aged_DMSO/03FABL6DMSO/Exp3ABl6DMSO-50.czi,aged_DMSO,1.49031902053777,159527876,3.38083640204536,120,0,03FABL6DMSO,2024,50,Microscopist 2,HSC,F
839,0.2,0.0131530567956349,0.0131530567956349,44,1024,1024,1,../data/raw_data/aged_DMSO/03FABL6DMSO/Exp3ABl6DMSO-51.czi,aged_DMSO,1.56955472008609,165921560,3.59625296159224,100,0,03FABL6DMSO,2024,50,Microscopist 2,HSC,F
840,0.2,0.0131530567956349,0.0131530567956349,43,1024,1024,1,../data/raw_data/aged_IOX/02FABl6IOX/2FABl6IOX-01.czi,aged_IOX,4.11144491653371,897074697,19.8957464750423,255,0,02FABl6IOX,2024,48,Microscopist 2,HSC,F
841,0.2,0.0131530567956349,0.0131530567956349,43,1024,1024,1,../data/raw_data/aged_IOX/02FABl6IOX/2FABl6IOX-03.czi,aged_IOX,4.03909678324423,868368610,19.2590893146604,255,0,02FABl6IOX,2024,48,Microscopist 2,HSC,F
842,0.2,0.0131530567956349,0.0131530567956349,44,1024,1024,1,../data/raw_data/aged_IOX/02FABl6IOX/2FABl6IOX-04.czi,aged_IOX,3.69588079490329,860546665,18.6518466472626,255,0,02FABl6IOX,2024,48,Microscopist 2,HSC,F
843,0.2,0.0131530567956349,0.0131530567956349,45,1024,1024,1,../data/raw_data/aged_IOX/02FABl6IOX/2FABl6IOX-05.czi,aged_IOX,3.68250522871374,843400302,17.8739823659261,255,0,02FABl6IOX,2024,48,Microscopist 2,HSC,F
844,0.2,0.0131530567956349,0.0131530567956349,44,1024,1024,1,../data/raw_data/aged_IOX/02FABl6IOX/2FABl6IOX-06.czi,aged_IOX,4.11827066966647,788080656,17.0811882019043,255,0,02FABl6IOX,2024,48,Microscopist 2,HSC,F
845,0.2,0.0131530567956349,0.0131530567956349,42,1024,1024,1,../data/raw_data/aged_IOX/02FABl6IOX/2FABl6IOX-07.czi,aged_IOX,3.82875451025638,690627717,15.6817599024091,255,0,02FABl6IOX,2024,48,Microscopist 2,HSC,F
846,0.2,0.0131530567956349,0.0131530567956349,39,1024,1024,1,../data/raw_data/aged_IOX/02FABl6IOX/2FABl6IOX-08.czi,aged_IOX,3.67693998769147,826728639,20.2161505038922,255,0,02FABl6IOX,2024,48,Microscopist 2,HSC,F
847,0.2,0.0131530567956349,0.0131530567956349,46,1024,1024,1,../data/raw_data/aged_IOX/02FABl6IOX/2FABl6IOX-09.czi,aged_IOX,4.07248822937784,909662292,18.8591644452966,255,0,02FABl6IOX,2024,48,Microscopist 2,HSC,F
848,0.2,0.0131530567956349,0.0131530567956349,46,1024,1024,1,../data/raw_data/aged_IOX/02FABl6IOX/2FABl6IOX-10.czi,aged_IOX,4.09882323265157,831201170,17.2325045129527,255,0,02FABl6IOX,2024,48,Microscopist 2,HSC,F
849,0.2,0.0131530567956349,0.0131530567956349,47,1024,1024,1,../data/raw_data/aged_IOX/02FABl6IOX/2FABl6IOX-11.czi,aged_IOX,3.96456537893582,950392361,19.2843571317957,255,0,02FABl6IOX,2024,48,Microscopist 2,HSC,F
850,0.2,0.0131530567956349,0.0131530567956349,43,1024,1024,1,../data/raw_data/aged_IOX/02FABl6IOX/2FABl6IOX-15.czi,aged_IOX,3.69926276490662,905741690,20.08796714073,255,0,02FABl6IOX,2024,48,Microscopist 2,HSC,F
851,0.2,0.0131530567956349,0.0131530567956349,47,1024,1024,1,../data/raw_data/aged_IOX/02FABl6IOX/2FABl6IOX-16.czi,aged_IOX,3.83064527842212,877318614,17.8016219037644,255,0,02FABl6IOX,2024,48,Microscopist 2,HSC,F
852,0.2,0.0131530567956349,0.0131530567956349,47,1024,1024,1,../data/raw_data/aged_IOX/02FABl6IOX/2FABl6IOX-18.czi,aged_IOX,3.40199809345534,934849639,18.968980647148,255,0,02FABl6IOX,2024,48,Microscopist 2,HSC,F
853,0.2,0.0131530567956349,0.0131530567956349,46,1024,1024,1,../data/raw_data/aged_IOX/02FABl6IOX/2FABl6IOX-19.czi,aged_IOX,3.6183051737936,881741428,18.2803076868472,255,0,02FABl6IOX,2024,48,Microscopist 2,HSC,F
854,0.2,0.0131530567956349,0.0131530567956349,48,1024,1024,1,../data/raw_data/aged_IOX/02FABl6IOX/2FABl6IOX-20.czi,aged_IOX,3.83156803733056,965228527,19.1773678263028,255,0,02FABl6IOX,2024,48,Microscopist 2,HSC,F
855,0.2,0.0131530567956349,0.0131530567956349,45,1024,1024,1,../data/raw_data/aged_IOX/02FABl6IOX/2FABl6IOX-21.czi,aged_IOX,3.72043209348623,771163612,16.3430873446994,255,0,02FABl6IOX,2024,48,Microscopist 2,HSC,F
856,0.2,0.0131530567956349,0.0131530567956349,46,1024,1024,1,../data/raw_data/aged_IOX/02FABl6IOX/2FABl6IOX-22.czi,aged_IOX,3.70092284334526,748757228,15.5232725558074,255,0,02FABl6IOX,2024,48,Microscopist 2,HSC,F
857,0.2,0.0131530567956349,0.0131530567956349,47,1024,1024,1,../data/raw_data/aged_IOX/02FABl6IOX/2FABl6IOX-23.czi,aged_IOX,3.54400445921229,928560363,18.8413653069354,255,0,02FABl6IOX,2024,48,Microscopist 2,HSC,F
858,0.2,0.0131530567956349,0.0131530567956349,37,1024,1024,1,../data/raw_data/aged_IOX/02FABl6IOX/2FABl6IOX-28.czi,aged_IOX,4.0561468222903,878473403,22.6426357320837,255,0,02FABl6IOX,2024,48,Microscopist 2,HSC,F
859,0.2,0.0131530567956349,0.0131530567956349,41,1024,1024,1,../data/raw_data/aged_IOX/02FABl6IOX/2FABl6IOX-29.czi,aged_IOX,3.74057159968246,913332849,21.244440985889,255,0,02FABl6IOX,2024,48,Microscopist 2,HSC,F
860,0.2,0.0131530567956349,0.0131530567956349,41,1024,1024,1,../data/raw_data/aged_IOX/02FABl6IOX/2FABl6IOX-30.czi,aged_IOX,3.62754488767239,908408118,21.1298900232082,255,0,02FABl6IOX,2024,48,Microscopist 2,HSC,F
861,0.2,0.0131530567956349,0.0131530567956349,40,1024,1024,1,../data/raw_data/aged_IOX/02FABl6IOX/2FABl6IOX-32.czi,aged_IOX,3.39781699079573,934597565,22.282542347908,255,0,02FABl6IOX,2024,48,Microscopist 2,HSC,F
862,0.2,0.0131530567956349,0.0131530567956349,42,1024,1024,1,../data/raw_data/aged_IOX/02FABl6IOX/2FABl6IOX-33.czi,aged_IOX,3.93783080933394,917489685,20.8330082893372,255,0,02FABl6IOX,2024,48,Microscopist 2,HSC,F
863,0.2,0.0131530567956349,0.0131530567956349,46,1024,1024,1,../data/raw_data/aged_IOX/02FABl6IOX/2FABl6IOX-34.czi,aged_IOX,4.15000203736145,956225633,19.8245179756828,255,0,02FABl6IOX,2024,48,Microscopist 2,HSC,F
864,0.2,0.0131530567956349,0.0131530567956349,47,1024,1024,1,../data/raw_data/aged_IOX/02FABl6IOX/2FABl6IOX-35.czi,aged_IOX,3.92468593287151,870153439,17.6562337469547,255,0,02FABl6IOX,2024,48,Microscopist 2,HSC,F
865,0.2,0.0131530567956349,0.0131530567956349,49,1024,1024,1,../data/raw_data/aged_IOX/02FABl6IOX/2FABl6IOX-36.czi,aged_IOX,3.63764554733354,891531690,17.3516505105155,255,0,02FABl6IOX,2024,48,Microscopist 2,HSC,F
866,0.2,0.0131530567956349,0.0131530567956349,52,1024,1024,1,../data/raw_data/aged_IOX/02FABl6IOX/2FABl6IOX-37.czi,aged_IOX,3.78171155785726,931292917,17.0798103075761,255,0,02FABl6IOX,2024,48,Microscopist 2,HSC,F
867,0.2,0.0131530567956349,0.0131530567956349,44,1024,1024,1,../data/raw_data/aged_IOX/02FABl6IOX/2FABl6IOX-38.czi,aged_IOX,3.77998966629255,853396362,18.4968680034984,255,0,02FABl6IOX,2024,48,Microscopist 2,HSC,F
868,0.2,0.0131530567956349,0.0131530567956349,46,1024,1024,1,../data/raw_data/aged_IOX/02FABl6IOX/2FABl6IOX-41.czi,aged_IOX,4.21042055595012,955398114,19.8073618101037,255,0,02FABl6IOX,2024,48,Microscopist 2,HSC,F
869,0.2,0.0131530567956349,0.0131530567956349,42,1024,1024,1,../data/raw_data/aged_IOX/02FABl6IOX/2FABl6IOX-44.czi,aged_IOX,4.1067406212938,761689554,17.2953277315412,255,0,02FABl6IOX,2024,48,Microscopist 2,HSC,F
870,0.2,0.0131530567956349,0.0131530567956349,47,1024,1024,1,../data/raw_data/aged_IOX/02FABl6IOX/2FABl6IOX-49.czi,aged_IOX,3.85733459767513,948751846,19.2510695356004,255,0,02FABl6IOX,2024,48,Microscopist 2,HSC,F
871,0.2,0.0131530567956349,0.0131530567956349,45,1024,1024,1,../data/raw_data/aged_UNC/02FABl6UNC/2FABl6UNC-03.czi,aged_UNC,3.82669486548962,915865924,19.4097290886773,255,0,02FABl6UNC,2024,51,Microscopist 2,HSC,F
872,0.2,0.0131530567956349,0.0131530567956349,49,1024,1024,1,../data/raw_data/aged_UNC/02FABl6UNC/2FABl6UNC-04.czi,aged_UNC,3.18747471780789,830094251,16.155909538269,255,0,02FABl6UNC,2024,51,Microscopist 2,HSC,F
873,0.2,0.0131530567956349,0.0131530567956349,44,1024,1024,1,../data/raw_data/aged_UNC/02FABl6UNC/2FABl6UNC-05.czi,aged_UNC,3.65560178251084,723032661,15.6713108799674,255,0,02FABl6UNC,2024,51,Microscopist 2,HSC,F
874,0.2,0.0131530567956349,0.0131530567956349,44,1024,1024,1,../data/raw_data/aged_UNC/02FABl6UNC/2FABl6UNC-06.czi,aged_UNC,3.38840840031591,634535646,13.7531897371466,255,0,02FABl6UNC,2024,51,Microscopist 2,HSC,F
875,0.2,0.0131530567956349,0.0131530567956349,44,1024,1024,1,../data/raw_data/aged_UNC/02FABl6UNC/2FABl6UNC-07.czi,aged_UNC,3.46483057279005,834584473,18.0891312902624,255,0,02FABl6UNC,2024,51,Microscopist 2,HSC,F
876,0.2,0.0131530567956349,0.0131530567956349,45,1024,1024,1,../data/raw_data/aged_UNC/02FABl6UNC/2FABl6UNC-08.czi,aged_UNC,3.36803820439257,790628273,16.7555972841051,255,0,02FABl6UNC,2024,51,Microscopist 2,HSC,F
877,0.2,0.0131530567956349,0.0131530567956349,43,1024,1024,1,../data/raw_data/aged_UNC/02FABl6UNC/2FABl6UNC-09.czi,aged_UNC,3.38725495168036,847181375,18.7891888064007,255,0,02FABl6UNC,2024,51,Microscopist 2,HSC,F
878,0.2,0.0131530567956349,0.0131530567956349,42,1024,1024,1,../data/raw_data/aged_UNC/02FABl6UNC/2FABl6UNC-10.czi,aged_UNC,3.50803017573162,867849755,19.7058576629275,255,0,02FABl6UNC,2024,51,Microscopist 2,HSC,F
879,0.2,0.0131530567956349,0.0131530567956349,43,1024,1024,1,../data/raw_data/aged_UNC/02FABl6UNC/2FABl6UNC-11.czi,aged_UNC,3.32374696594154,730380862,16.1987318438153,255,0,02FABl6UNC,2024,51,Microscopist 2,HSC,F
880,0.2,0.0131530567956349,0.0131530567956349,42,1024,1024,1,../data/raw_data/aged_UNC/02FABl6UNC/2FABl6UNC-12.czi,aged_UNC,3.46539901571922,774878117,17.5947942506699,255,0,02FABl6UNC,2024,51,Microscopist 2,HSC,F
881,0.2,0.0131530567956349,0.0131530567956349,41,1024,1024,1,../data/raw_data/aged_UNC/02FABl6UNC/2FABl6UNC-13.czi,aged_UNC,3.27061557993985,710808902,16.5336632612275,255,0,02FABl6UNC,2024,51,Microscopist 2,HSC,F
882,0.2,0.0131530567956349,0.0131530567956349,53,1024,1024,1,../data/raw_data/aged_UNC/02FABl6UNC/2FABl6UNC-14.czi,aged_UNC,3.23871533564384,638563366,11.4902166330589,255,0,02FABl6UNC,2024,51,Microscopist 2,HSC,F
883,0.2,0.0131530567956349,0.0131530567956349,51,1024,1024,1,../data/raw_data/aged_UNC/02FABl6UNC/2FABl6UNC-15.czi,aged_UNC,3.19005755515495,759466106,14.2016337151621,255,0,02FABl6UNC,2024,51,Microscopist 2,HSC,F
884,0.2,0.0131530567956349,0.0131530567956349,45,1024,1024,1,../data/raw_data/aged_UNC/02FABl6UNC/2FABl6UNC-16.czi,aged_UNC,3.24892305877994,682409733,14.4621474583944,255,0,02FABl6UNC,2024,51,Microscopist 2,HSC,F
885,0.2,0.0131530567956349,0.0131530567956349,43,1024,1024,1,../data/raw_data/aged_UNC/02FABl6UNC/2FABl6UNC-17.czi,aged_UNC,3.16349186215411,651518214,14.4496787758761,255,0,02FABl6UNC,2024,51,Microscopist 2,HSC,F
886,0.2,0.0131530567956349,0.0131530567956349,45,1024,1024,1,../data/raw_data/aged_UNC/02FABl6UNC/2FABl6UNC-19.czi,aged_UNC,3.19522322984908,703106463,14.9007683436076,255,0,02FABl6UNC,2024,51,Microscopist 2,HSC,F
887,0.2,0.0131530567956349,0.0131530567956349,44,1024,1024,1,../data/raw_data/aged_UNC/02FABl6UNC/2FABl6UNC-20.czi,aged_UNC,3.4577123168041,751672993,16.292073358189,255,0,02FABl6UNC,2024,51,Microscopist 2,HSC,F
888,0.2,0.0131530567956349,0.0131530567956349,49,1024,1024,1,../data/raw_data/aged_UNC/02FABl6UNC/2FABl6UNC-21.czi,aged_UNC,3.41365176808018,785917138,15.296101823145,255,0,02FABl6UNC,2024,51,Microscopist 2,HSC,F
889,0.2,0.0131530567956349,0.0131530567956349,48,1024,1024,1,../data/raw_data/aged_UNC/02FABl6UNC/2FABl6UNC-22.czi,aged_UNC,3.15557447351188,739058645,14.6837760011355,255,0,02FABl6UNC,2024,51,Microscopist 2,HSC,F
890,0.2,0.0131530567956349,0.0131530567956349,45,1024,1024,1,../data/raw_data/aged_UNC/02FABl6UNC/2FABl6UNC-23.czi,aged_UNC,3.29798040559697,646503972,13.7012051900228,255,0,02FABl6UNC,2024,51,Microscopist 2,HSC,F
891,0.2,0.0131530567956349,0.0131530567956349,45,1024,1024,1,../data/raw_data/aged_UNC/02FABl6UNC/2FABl6UNC-24.czi,aged_UNC,3.27485849572554,645415288,13.6781329684787,255,0,02FABl6UNC,2024,51,Microscopist 2,HSC,F
892,0.2,0.0131530567956349,0.0131530567956349,39,1024,1024,1,../data/raw_data/aged_UNC/02FABl6UNC/2FABl6UNC-25.czi,aged_UNC,3.65377282747118,869566849,21.2636812894772,255,0,02FABl6UNC,2024,51,Microscopist 2,HSC,F
893,0.2,0.0131530567956349,0.0131530567956349,47,1024,1024,1,../data/raw_data/aged_UNC/02FABl6UNC/2FABl6UNC-26.czi,aged_UNC,3.33418537880475,693344104,14.0686056258831,255,0,02FABl6UNC,2024,51,Microscopist 2,HSC,F
894,0.2,0.0131530567956349,0.0131530567956349,41,1024,1024,1,../data/raw_data/aged_UNC/02FABl6UNC/2FABl6UNC-27.czi,aged_UNC,3.45088656367134,601255452,13.9854117602837,255,0,02FABl6UNC,2024,51,Microscopist 2,HSC,F
895,0.2,0.0131530567956349,0.0131530567956349,49,1024,1024,1,../data/raw_data/aged_UNC/02FABl6UNC/2FABl6UNC-28.czi,aged_UNC,3.26395870340812,594626561,11.5730628383403,255,0,02FABl6UNC,2024,51,Microscopist 2,HSC,F
896,0.2,0.0131530567956349,0.0131530567956349,43,1024,1024,1,../data/raw_data/aged_UNC/02FABl6UNC/2FABl6UNC-29.czi,aged_UNC,3.33286305356818,643440540,14.2705283054086,255,0,02FABl6UNC,2024,51,Microscopist 2,HSC,F
897,0.2,0.0131530567956349,0.0131530567956349,44,1024,1024,1,../data/raw_data/aged_UNC/02FABl6UNC/2FABl6UNC-30.czi,aged_UNC,3.36247296337031,610071188,13.222936890342,255,0,02FABl6UNC,2024,51,Microscopist 2,HSC,F
898,0.2,0.0131530567956349,0.0131530567956349,48,1024,1024,1,../data/raw_data/aged_UNC/02FABl6UNC/2FABl6UNC-31.czi,aged_UNC,3.28960163750053,638846803,12.6927455862363,255,0,02FABl6UNC,2024,51,Microscopist 2,HSC,F
899,0.2,0.0131530567956349,0.0131530567956349,38,1024,1024,1,../data/raw_data/aged_UNC/02FABl6UNC/2FABl6UNC-32.czi,aged_UNC,3.59306180602932,757497415,19.0106797218323,255,0,02FABl6UNC,2024,51,Microscopist 2,HSC,F
900,0.2,0.0131530567956349,0.0131530567956349,43,1024,1024,1,../data/raw_data/aged_UNC/02FABl6UNC/2FABl6UNC-33.czi,aged_UNC,3.20078847087135,594590334,13.1871053562608,255,0,02FABl6UNC,2024,51,Microscopist 2,HSC,F
901,0.2,0.0131530567956349,0.0131530567956349,50,1024,1024,1,../data/raw_data/aged_UNC/02FABl6UNC/2FABl6UNC-34.czi,aged_UNC,3.27101514626798,765135734,14.5938059616089,255,0,02FABl6UNC,2024,51,Microscopist 2,HSC,F
902,0.2,0.0131530567956349,0.0131530567956349,45,1024,1024,1,../data/raw_data/aged_UNC/02FABl6UNC/2FABl6UNC-37.czi,aged_UNC,3.999279150306,924938267,19.6019970999824,255,0,02FABl6UNC,2024,51,Microscopist 2,HSC,F
903,0.2,0.0131530567956349,0.0131530567956349,44,1024,1024,1,../data/raw_data/aged_UNC/02FABl6UNC/2FABl6UNC-38.czi,aged_UNC,3.98768728880724,929784330,20.1525326208635,255,0,02FABl6UNC,2024,51,Microscopist 2,HSC,F
904,0.2,0.0131530567956349,0.0131530567956349,47,1024,1024,1,../data/raw_data/aged_UNC/02FABl6UNC/2FABl6UNC-39.czi,aged_UNC,3.64016657155453,872941967,17.7128156093841,255,0,02FABl6UNC,2024,51,Microscopist 2,HSC,F
905,0.2,0.0131530567956349,0.0131530567956349,43,1024,1024,1,../data/raw_data/aged_UNC/02FABl6UNC/2FABl6UNC-40.czi,aged_UNC,3.61681397195599,762479536,16.9106314015943,255,0,02FABl6UNC,2024,51,Microscopist 2,HSC,F
906,0.2,0.0131530567956349,0.0131530567956349,45,1024,1024,1,../data/raw_data/aged_UNC/02FABl6UNC/2FABl6UNC-41.czi,aged_UNC,3.77700726261735,675857529,14.3232881546021,255,0,02FABl6UNC,2024,51,Microscopist 2,HSC,F
907,0.2,0.0131530567956349,0.0131530567956349,43,1024,1024,1,../data/raw_data/aged_UNC/02FABl6UNC/2FABl6UNC-42.czi,aged_UNC,3.85147685379968,678814876,15.0550770426905,255,0,02FABl6UNC,2024,51,Microscopist 2,HSC,F
908,0.2,0.0131530567956349,0.0131530567956349,45,1024,1024,1,../data/raw_data/aged_UNC/02FABl6UNC/2FABl6UNC-43.czi,aged_UNC,3.8140113684814,749632575,15.8867851893107,255,0,02FABl6UNC,2024,51,Microscopist 2,HSC,F
909,0.2,0.0131530567956349,0.0131530567956349,43,1024,1024,1,../data/raw_data/aged_UNC/02FABl6UNC/2FABl6UNC-44.czi,aged_UNC,3.92136577599425,785220641,17.414994372878,255,0,02FABl6UNC,2024,51,Microscopist 2,HSC,F
910,0.2,0.0131530567956349,0.0131530567956349,49,1024,1024,1,../data/raw_data/aged_UNC/02FABl6UNC/2FABl6UNC-45.czi,aged_UNC,3.76329394322574,822301506,16.0042413594771,255,0,02FABl6UNC,2024,51,Microscopist 2,HSC,F
911,0.2,0.0131530567956349,0.0131530567956349,48,1024,1024,1,../data/raw_data/aged_UNC/02FABl6UNC/2FABl6UNC-46.czi,aged_UNC,3.90868227898603,741645007,14.7351623972257,255,0,02FABl6UNC,2024,51,Microscopist 2,HSC,F
912,0.2,0.0131530567956349,0.0131530567956349,58,1024,1024,1,../data/raw_data/aged_UNC/02FABl6UNC/2FABl6UNC-47.czi,aged_UNC,3.76690660295619,774167329,12.7293706597953,255,0,02FABl6UNC,2024,51,Microscopist 2,HSC,F
913,0.2,0.0131530567956349,0.0131530567956349,47,1024,1024,1,../data/raw_data/aged_UNC/02FABl6UNC/2FABl6UNC-48.czi,aged_UNC,3.68130652972933,822209204,16.6834000120772,255,0,02FABl6UNC,2024,51,Microscopist 2,HSC,F
914,0.2,0.0131530567956349,0.0131530567956349,48,1024,1024,1,../data/raw_data/aged_UNC/02FABl6UNC/2FABl6UNC-49.czi,aged_UNC,3.92371792361421,706416980,14.0352443854014,255,0,02FABl6UNC,2024,51,Microscopist 2,HSC,F
915,0.2,0.0131530567956349,0.0131530567956349,47,1024,1024,1,../data/raw_data/aged_UNC/02FABl6UNC/2FABl6UNC-50.czi,aged_UNC,3.70396706014654,822579771,16.6909191659156,255,0,02FABl6UNC,2024,51,Microscopist 2,HSC,F
916,0.2,0.0131530567956349,0.0131530567956349,43,1024,1024,1,../data/raw_data/aged_UNC/02FABl6UNC/2FABl6UNC-51.czi,aged_UNC,3.78773817833374,650327471,14.4232699150263,254,0,02FABl6UNC,2024,51,Microscopist 2,HSC,F
917,0.4,0.0131788225549815,0.0131788225549815,25,1024,1024,2,../data/raw_data/aged_treated_RhoAi/20201026expAged1+RhoAi100uM/Image 22.czi,aged_treated_RhoAi,1.99160684164722,111984465,4.27186832427979,215,0,20201026expAged1+RhoAi100uM,2020,11,Microscopist 1,HSC,unknown
918,0.4,0.0131788225549815,0.0131788225549815,24,1024,1024,2,../data/raw_data/aged_treated_RhoAi/20201026expAged1+RhoAi100uM/Image 23.czi,aged_treated_RhoAi,2.19551464644184,115474924,4.58856121699015,226,0,20201026expAged1+RhoAi100uM,2020,11,Microscopist 1,HSC,unknown
919,0.4,0.0131788225549815,0.0131788225549815,23,1024,1024,2,../data/raw_data/aged_treated_RhoAi/20201026expAged1+RhoAi100uM/Image 24.czi,aged_treated_RhoAi,2.04169401084763,114057281,4.7292825864709,206,0,20201026expAged1+RhoAi100uM,2020,11,Microscopist 1,HSC,unknown
920,0.4,0.0131788225549815,0.0131788225549815,25,1024,1024,2,../data/raw_data/aged_treated_RhoAi/20201026expAged1+RhoAi100uM/Image 25.czi,aged_treated_RhoAi,2.17979521402094,125026791,4.76939357757568,235,0,20201026expAged1+RhoAi100uM,2020,11,Microscopist 1,HSC,unknown
921,0.4,0.0131788225549815,0.0131788225549815,26,1024,1024,2,../data/raw_data/aged_treated_RhoAi/20201026expAged1+RhoAi100uM/Image 26.czi,aged_treated_RhoAi,2.16522094884698,119191064,4.37190217238206,208,0,20201026expAged1+RhoAi100uM,2020,11,Microscopist 1,HSC,unknown
922,0.4,0.0131788225549815,0.0131788225549815,24,1024,1024,2,../data/raw_data/aged_treated_RhoAi/20201026expAged1+RhoAi100uM/Image 27.czi,aged_treated_RhoAi,2.11662498148418,115189295,4.57721134026845,212,0,20201026expAged1+RhoAi100uM,2020,11,Microscopist 1,HSC,unknown
923,0.4,0.0131788225549815,0.0131788225549815,25,1024,1024,2,../data/raw_data/aged_treated_RhoAi/20201026expAged1+RhoAi100uM/Image 28.czi,aged_treated_RhoAi,2.07124210752368,113890628,4.34458267211914,206,0,20201026expAged1+RhoAi100uM,2020,11,Microscopist 1,HSC,unknown
924,0.4,0.0131788225549815,0.0131788225549815,24,1024,1024,2,../data/raw_data/aged_treated_RhoAi/20201026expAged1+RhoAi100uM/Image 29.czi,aged_treated_RhoAi,2.08111207745772,122925305,4.88461275895437,252,0,20201026expAged1+RhoAi100uM,2020,11,Microscopist 1,HSC,unknown
925,0.4,0.0131788225549815,0.0131788225549815,29,1024,1024,2,../data/raw_data/aged_treated_RhoAi/20201026expAged1+RhoAi100uM/Image 30.czi,aged_treated_RhoAi,1.90468444318378,121925787,4.009568674811,219,0,20201026expAged1+RhoAi100uM,2020,11,Microscopist 1,HSC,unknown
926,0.4,0.0131788225549815,0.0131788225549815,25,1024,1024,2,../data/raw_data/aged_treated_RhoAi/20201026expAged1+RhoAi100uM/Image 31.czi,aged_treated_RhoAi,2.08111207745772,123942542,4.72803276062012,222,0,20201026expAged1+RhoAi100uM,2020,11,Microscopist 1,HSC,unknown
927,0.4,0.0131788225549815,0.0131788225549815,25,1024,1024,2,../data/raw_data/aged_treated_RhoAi/20201026expAged1+RhoAi100uM/Image 32.czi,aged_treated_RhoAi,2.13033830087578,116898040,4.45930633544922,226,0,20201026expAged1+RhoAi100uM,2020,11,Microscopist 1,HSC,unknown
928,0.4,0.0131788225549815,0.0131788225549815,21,1024,1024,2,../data/raw_data/aged_treated_RhoAi/20201026expAged2TreatedRhoAiSlide8TazCy3/Image 11.czi,aged_treated_RhoAi,4.56453633660849,283900110,12.8927734919957,255,0,20201026expAged2TreatedRhoAiSlide8TazCy3,2020,10,Microscopist 1,HSC,unknown
929,0.4,0.0131788225549815,0.0131788225549815,21,1024,1024,2,../data/raw_data/aged_treated_RhoAi/20201026expAged2TreatedRhoAiSlide8TazCy3/Image 12.czi,aged_treated_RhoAi,4.46568432344424,278086651,12.6287665140061,255,0,20201026expAged2TreatedRhoAiSlide8TazCy3,2020,10,Microscopist 1,HSC,unknown
930,0.4,0.0131788225549815,0.0131788225549815,22,1024,1024,2,../data/raw_data/aged_treated_RhoAi/20201026expAged2TreatedRhoAiSlide8TazCy3/Image 13.czi,aged_treated_RhoAi,4.92261909297657,271831877,11.7835945216092,255,0,20201026expAged2TreatedRhoAiSlide8TazCy3,2020,10,Microscopist 1,HSC,unknown
931,0.4,0.0131788225549815,0.0131788225549815,21,1024,1024,2,../data/raw_data/aged_treated_RhoAi/20201026expAged2TreatedRhoAiSlide8TazCy3/Image 14.czi,aged_treated_RhoAi,4.75043437448833,283233782,12.8625134967622,255,0,20201026expAged2TreatedRhoAiSlide8TazCy3,2020,10,Microscopist 1,HSC,unknown
932,0.4,0.0131788225549815,0.0131788225549815,21,1024,1024,2,../data/raw_data/aged_treated_RhoAi/20201026expAged2TreatedRhoAiSlide8TazCy3/Image 15.czi,aged_treated_RhoAi,4.32844406605328,263242057,11.9546280361357,255,0,20201026expAged2TreatedRhoAiSlide8TazCy3,2020,10,Microscopist 1,HSC,unknown
933,0.4,0.0131788225549815,0.0131788225549815,22,1024,1024,2,../data/raw_data/aged_treated_RhoAi/20201026expAged2TreatedRhoAiSlide8TazCy3/Image 16.czi,aged_treated_RhoAi,4.72943392250975,262303088,11.3705326427113,255,0,20201026expAged2TreatedRhoAiSlide8TazCy3,2020,10,Microscopist 1,HSC,unknown
934,0.4,0.0131788225549815,0.0131788225549815,23,1024,1024,2,../data/raw_data/aged_treated_RhoAi/20201026expAged2TreatedRhoAiSlide8TazCy3/Image 17.czi,aged_treated_RhoAi,4.31908072592233,268765257,11.144109684488,255,0,20201026expAged2TreatedRhoAiSlide8TazCy3,2020,10,Microscopist 1,HSC,unknown
935,0.4,0.0131788225549815,0.0131788225549815,21,1024,1024,2,../data/raw_data/aged_treated_RhoAi/20201026expAged2TreatedRhoAiSlide8TazCy3/Image 18.czi,aged_treated_RhoAi,4.59574451172316,270899339,12.3023686636062,255,0,20201026expAged2TreatedRhoAiSlide8TazCy3,2020,10,Microscopist 1,HSC,unknown
936,0.4,0.0131788225549815,0.0131788225549815,22,1024,1024,2,../data/raw_data/aged_treated_RhoAi/20201026expAged2TreatedRhoAiSlide8TazCy3/Image 19.czi,aged_treated_RhoAi,4.56711917395555,243337884,10.5484131899747,255,0,20201026expAged2TreatedRhoAiSlide8TazCy3,2020,10,Microscopist 1,HSC,unknown
937,0.4,0.0131788225549815,0.0131788225549815,21,1024,1024,2,../data/raw_data/aged_treated_RhoAi/20201026expAged2TreatedRhoAiSlide8TazCy3/Image 20.czi,aged_treated_RhoAi,4.57486768599675,264217066,11.9989061809721,255,0,20201026expAged2TreatedRhoAiSlide8TazCy3,2020,10,Microscopist 1,HSC,unknown
938,0.4,0.0131788225549815,0.0131788225549815,21,1024,1024,3,../data/raw_data/aged_treated_RhoAi/20201026expRhoAAF488Aged2treatedSlide10/Image 51.czi,aged_treated_RhoAi,2.01386780573629,134068702,6.08847036815825,255,0,20201026expRhoAAF488Aged2treatedSlide10,2020,14,Microscopist 1,HSC,unknown
939,0.4,0.0131788225549815,0.0131788225549815,22,1024,1024,3,../data/raw_data/aged_treated_RhoAi/20201026expRhoAAF488Aged2treatedSlide10/Image 52.czi,aged_treated_RhoAi,2.0731946888155,120238260,5.21218820051713,245,0,20201026expRhoAAF488Aged2treatedSlide10,2020,14,Microscopist 1,HSC,unknown
940,0.4,0.0131788225549815,0.0131788225549815,19,1024,1024,2,../data/raw_data/aged_treated_RhoAi/20201026expRhoAAF488Aged2treatedSlide10/Image 53.czi,aged_treated_RhoAi,1.98047635960269,106334953,5.33731124275609,255,0,20201026expRhoAAF488Aged2treatedSlide10,2020,14,Microscopist 1,HSC,unknown
941,0.4,0.0131788225549815,0.0131788225549815,21,1024,1024,2,../data/raw_data/aged_treated_RhoAi/20201026expRhoAAF488Aged2treatedSlide10/Image 54.czi,aged_treated_RhoAi,1.85243056574166,104999665,4.76835636865525,229,0,20201026expRhoAAF488Aged2treatedSlide10,2020,14,Microscopist 1,HSC,unknown
942,0.4,0.0131788225549815,0.0131788225549815,20,1024,1024,2,../data/raw_data/aged_treated_RhoAi/20201026expRhoAAF488Aged2treatedSlide10/Image 55.czi,aged_treated_RhoAi,2.09594793892183,113079274,5.39203996658325,232,0,20201026expRhoAAF488Aged2treatedSlide10,2020,14,Microscopist 1,HSC,unknown
943,0.4,0.0131788225549815,0.0131788225549815,20,1024,1024,2,../data/raw_data/aged_treated_RhoAi/20201026expRhoAAF488Aged2treatedSlide10/Image 56.czi,aged_treated_RhoAi,2.01519013097286,96665221,4.6093569278717,199,0,20201026expRhoAAF488Aged2treatedSlide10,2020,14,Microscopist 1,HSC,unknown
944,0.4,0.0131788225549815,0.0131788225549815,20,1024,1024,2,../data/raw_data/aged_treated_RhoAi/20201026expRhoAAF488Aged2treatedSlide10/Image 57.czi,aged_treated_RhoAi,1.93566192857135,96087552,4.5818115234375,214,0,20201026expRhoAAF488Aged2treatedSlide10,2020,14,Microscopist 1,HSC,unknown
945,0.4,0.0131788225549815,0.0131788225549815,20,1024,1024,2,../data/raw_data/aged_treated_RhoAi/20201026expRhoAAF488Aged2treatedSlide10/Image 58.czi,aged_treated_RhoAi,2.00422852552936,98070915,4.67638564109802,226,0,20201026expRhoAAF488Aged2treatedSlide10,2020,14,Microscopist 1,HSC,unknown
946,0.4,0.0131788225549815,0.0131788225549815,21,1024,1024,2,../data/raw_data/aged_treated_RhoAi/20201026expRhoAAF488Aged2treatedSlide10/Image 59.czi,aged_treated_RhoAi,1.79997468614408,91061887,4.13539918263753,209,0,20201026expRhoAAF488Aged2treatedSlide10,2020,14,Microscopist 1,HSC,unknown
947,0.4,0.0131788225549815,0.0131788225549815,23,1024,1024,2,../data/raw_data/aged_treated_RhoAi/20201026expRhoAAF488Aged2treatedSlide10/Image 60.czi,aged_treated_RhoAi,1.8076613850592,99274033,4.11630850252898,230,0,20201026expRhoAAF488Aged2treatedSlide10,2020,14,Microscopist 1,HSC,unknown
948,0.4,0.0131788225549815,0.0131788225549815,20,1024,1024,2,../data/raw_data/aged_treated_RhoAi/20201026expRhoAAF488Aged2treatedSlide10/Image 61.czi,aged_treated_RhoAi,1.93118832305855,104650227,4.99011168479919,242,0,20201026expRhoAAF488Aged2treatedSlide10,2020,14,Microscopist 1,HSC,unknown
949,0.4,0.0131788225549815,0.0131788225549815,20,1024,1024,2,../data/raw_data/aged_treated_RhoAi/20201026expRhoAAF488Aged2treatedSlide10/Image 62.czi,aged_treated_RhoAi,2.06206420677096,107078550,5.10590314865112,235,0,20201026expRhoAAF488Aged2treatedSlide10,2020,14,Microscopist 1,HSC,unknown
950,0.4,0.0131788225549815,0.0131788225549815,21,1024,1024,2,../data/raw_data/aged_treated_RhoAi/20201026expRhoAAF488Aged2treatedSlide10/Image 63.czi,aged_treated_RhoAi,1.90336211794721,107141893,4.86564150310698,232,0,20201026expRhoAAF488Aged2treatedSlide10,2020,14,Microscopist 1,HSC,unknown
951,0.4,0.0131788225549815,0.0131788225549815,21,1024,1024,2,../data/raw_data/aged_treated_RhoAi/20201026expRhoAAF488Aged2treatedSlide10/Image 64.czi,aged_treated_RhoAi,1.84386635826698,101529052,4.61074520292736,236,0,20201026expRhoAAF488Aged2treatedSlide10,2020,14,Microscopist 1,HSC,unknown
952,0.4,0.0131788225549815,0.0131788225549815,24,1024,1024,2,../data/raw_data/aged_treated_RhoAi/20201119expAgedTreatedTAZaf488/Image 1.czi,aged_treated_RhoAi,4.97327470510615,266107104,10.574146270752,255,0,20201119expAgedTreatedTAZaf488,2020,12,Microscopist 1,HSC,unknown
953,0.4,0.0131788225549815,0.0131788225549815,25,1024,1024,2,../data/raw_data/aged_treated_RhoAi/20201119expAgedTreatedTAZaf488/Image 10.czi,aged_treated_RhoAi,4.78359513089483,254735023,9.71736995697022,255,0,20201119expAgedTreatedTAZaf488,2020,12,Microscopist 1,HSC,unknown
954,0.4,0.0131788225549815,0.0131788225549815,27,1024,1024,2,../data/raw_data/aged_treated_RhoAi/20201119expAgedTreatedTAZaf488/Image 11.czi,aged_treated_RhoAi,4.71704292835472,295776507,10.4472021526761,255,0,20201119expAgedTreatedTAZaf488,2020,12,Microscopist 1,HSC,unknown
955,0.4,0.0131788225549815,0.0131788225549815,27,1024,1024,2,../data/raw_data/aged_treated_RhoAi/20201119expAgedTreatedTAZaf488/Image 12.czi,aged_treated_RhoAi,4.66735532548245,281995627,9.96044395588062,255,0,20201119expAgedTreatedTAZaf488,2020,12,Microscopist 1,HSC,unknown
956,0.4,0.0131788225549815,0.0131788225549815,25,1024,1024,2,../data/raw_data/aged_treated_RhoAi/20201119expAgedTreatedTAZaf488/Image 2.czi,aged_treated_RhoAi,5.00173116627273,324340279,12.3725997543335,255,0,20201119expAgedTreatedTAZaf488,2020,12,Microscopist 1,HSC,unknown
957,0.4,0.0131788225549815,0.0131788225549815,25,1024,1024,2,../data/raw_data/aged_treated_RhoAi/20201119expAgedTreatedTAZaf488/Image 3.czi,aged_treated_RhoAi,4.83804884213309,304685103,11.6228142929077,255,0,20201119expAgedTreatedTAZaf488,2020,12,Microscopist 1,HSC,unknown
958,0.4,0.0131788225549815,0.0131788225549815,26,1024,1024,2,../data/raw_data/aged_treated_RhoAi/20201119expAgedTreatedTAZaf488/Image 4.czi,aged_treated_RhoAi,5.51679411989986,294824120,10.8140842731182,255,0,20201119expAgedTreatedTAZaf488,2020,12,Microscopist 1,HSC,unknown
959,0.4,0.0131788225549815,0.0131788225549815,25,1024,1024,2,../data/raw_data/aged_treated_RhoAi/20201119expAgedTreatedTAZaf488/Image 5.czi,aged_treated_RhoAi,4.72592832625425,299396715,11.4210783004761,255,0,20201119expAgedTreatedTAZaf488,2020,12,Microscopist 1,HSC,unknown
960,0.4,0.0131788225549815,0.0131788225549815,27,1024,1024,2,../data/raw_data/aged_treated_RhoAi/20201119expAgedTreatedTAZaf488/Image 6.czi,aged_treated_RhoAi,5.338183214607,303719466,10.7277575598823,255,0,20201119expAgedTreatedTAZaf488,2020,12,Microscopist 1,HSC,unknown
961,0.4,0.0131788225549815,0.0131788225549815,26,1024,1024,2,../data/raw_data/aged_treated_RhoAi/20201119expAgedTreatedTAZaf488/Image 7.czi,aged_treated_RhoAi,4.83454324587759,275627667,10.1099625734183,255,0,20201119expAgedTreatedTAZaf488,2020,12,Microscopist 1,HSC,unknown
962,0.4,0.0131788225549815,0.0131788225549815,27,1024,1024,2,../data/raw_data/aged_treated_RhoAi/20201119expAgedTreatedTAZaf488/Image 8.czi,aged_treated_RhoAi,5.00586701858348,301083025,10.6346351129037,255,0,20201119expAgedTreatedTAZaf488,2020,12,Microscopist 1,HSC,unknown
963,0.4,0.0131788225549815,0.0131788225549815,25,1024,1024,2,../data/raw_data/aged_treated_RhoAi/20201119expAgedTreatedTAZaf488/Image 9.czi,aged_treated_RhoAi,4.75835176313055,264244709,10.0801356887817,255,0,20201119expAgedTreatedTAZaf488,2020,12,Microscopist 1,HSC,unknown
964,0.4,0.0131788225549815,0.0131788225549815,20,1024,1024,3,../data/raw_data/aged_treated_RhoAi/20201119expRhoAAF488AgedTreatedRhoAiRFPcellsSlide11/Image 79.czi,aged_treated_RhoAi,1.77576114076319,66154547,3.15449461936951,154,0,20201119expRhoAAF488AgedTreatedRhoAiRFPcellsSlide11,2020,11,Microscopist 1,HSC,unknown
965,0.4,0.0131788225549815,0.0131788225549815,18,1024,1024,3,../data/raw_data/aged_treated_RhoAi/20201119expRhoAAF488AgedTreatedRhoAiRFPcellsSlide11/Image 80.czi,aged_treated_RhoAi,1.72607353789092,63526579,3.36575926674737,157,0,20201119expRhoAAF488AgedTreatedRhoAiRFPcellsSlide11,2020,11,Microscopist 1,HSC,unknown
966,0.4,0.0131788225549815,0.0131788225549815,22,1024,1024,3,../data/raw_data/aged_treated_RhoAi/20201119expRhoAAF488AgedTreatedRhoAiRFPcellsSlide11/Image 81.czi,aged_treated_RhoAi,1.84426592459511,92184615,3.99609544060447,210,0,20201119expRhoAAF488AgedTreatedRhoAiRFPcellsSlide11,2020,11,Microscopist 1,HSC,unknown
967,0.4,0.0131788225549815,0.0131788225549815,20,1024,1024,3,../data/raw_data/aged_treated_RhoAi/20201119expRhoAAF488AgedTreatedRhoAiRFPcellsSlide11/Image 82.czi,aged_treated_RhoAi,1.8467869488161,76481662,3.64692983627319,156,0,20201119expRhoAAF488AgedTreatedRhoAiRFPcellsSlide11,2020,11,Microscopist 1,HSC,unknown
968,0.4,0.0131788225549815,0.0131788225549815,21,1024,1024,3,../data/raw_data/aged_treated_RhoAi/20201119expRhoAAF488AgedTreatedRhoAiRFPcellsSlide11/Image 83.czi,aged_treated_RhoAi,1.6740503501759,82328566,3.73879232860747,171,0,20201119expRhoAAF488AgedTreatedRhoAiRFPcellsSlide11,2020,11,Microscopist 1,HSC,unknown
969,0.4,0.0131788225549815,0.0131788225549815,21,1024,1024,3,../data/raw_data/aged_treated_RhoAi/20201119expRhoAAF488AgedTreatedRhoAiRFPcellsSlide11/Image 84.czi,aged_treated_RhoAi,1.64448569072264,77874354,3.53651291983468,182,0,20201119expRhoAAF488AgedTreatedRhoAiRFPcellsSlide11,2020,11,Microscopist 1,HSC,unknown
970,0.4,0.0131788225549815,0.0131788225549815,19,1024,1024,3,../data/raw_data/aged_treated_RhoAi/20201119expRhoAAF488AgedTreatedRhoAiRFPcellsSlide11/Image 85.czi,aged_treated_RhoAi,1.71861752870291,72046252,3.61624526977539,152,0,20201119expRhoAAF488AgedTreatedRhoAiRFPcellsSlide11,2020,11,Microscopist 1,HSC,unknown
971,0.4,0.0131788225549815,0.0131788225549815,21,1024,1024,3,../data/raw_data/aged_treated_RhoAi/20201119expRhoAAF488AgedTreatedRhoAiRFPcellsSlide11/Image 86.czi,aged_treated_RhoAi,1.59588972335983,73481675,3.33702791304815,168,0,20201119expRhoAAF488AgedTreatedRhoAiRFPcellsSlide11,2020,11,Microscopist 1,HSC,unknown
972,0.4,0.0131788225549815,0.0131788225549815,19,1024,1024,3,../data/raw_data/aged_treated_RhoAi/20201119expRhoAAF488AgedTreatedRhoAiRFPcellsSlide11/Image 87.czi,aged_treated_RhoAi,1.80530923743924,87754185,4.40467959956119,186,0,20201119expRhoAAF488AgedTreatedRhoAiRFPcellsSlide11,2020,11,Microscopist 1,HSC,unknown
973,0.4,0.0131788225549815,0.0131788225549815,22,1024,1024,3,../data/raw_data/aged_treated_RhoAi/20201119expRhoAAF488AgedTreatedRhoAiRFPcellsSlide11/Image 88.czi,aged_treated_RhoAi,1.87960995202054,103740845,4.49704451994462,155,0,20201119expRhoAAF488AgedTreatedRhoAiRFPcellsSlide11,2020,11,Microscopist 1,HSC,unknown
974,0.4,0.0131788225549815,0.0131788225549815,18,1024,1024,3,../data/raw_data/aged_treated_RhoAi/20201119expRhoAAF488AgedTreatedRhoAiRFPcellsSlide11/Image 89.czi,aged_treated_RhoAi,1.65584686249428,58880192,3.11958482530382,143,0,20201119expRhoAAF488AgedTreatedRhoAiRFPcellsSlide11,2020,11,Microscopist 1,HSC,unknown
975,0.4,0.0131788225549815,0.0131788225549815,26,1024,1024,3,../data/raw_data/aged_treated_RhoAi/202011218expSlide12A2+RiTazCy3/Image 31.czi,aged_treated_RhoAi,5.19084229755489,479941055,17.6041329824008,255,0,202011218expSlide12A2+RiTazCy3,2020,10,Microscopist 1,HSC,unknown
976,0.4,0.0131788225549815,0.0131788225549815,22,1024,1024,3,../data/raw_data/aged_treated_RhoAi/202011218expSlide12A2+RiTazCy3/Image 32.czi,aged_treated_RhoAi,5.22567969517723,440520489,19.0960489186374,255,0,202011218expSlide12A2+RiTazCy3,2020,10,Microscopist 1,HSC,unknown
977,0.4,0.0131788225549815,0.0131788225549815,23,1024,1024,3,../data/raw_data/aged_treated_RhoAi/202011218expSlide12A2+RiTazCy3/Image 33.czi,aged_treated_RhoAi,5.03312478076566,471140048,19.5353984003482,255,0,202011218expSlide12A2+RiTazCy3,2020,10,Microscopist 1,HSC,unknown
978,0.4,0.0131788225549815,0.0131788225549815,25,1024,1024,3,../data/raw_data/aged_treated_RhoAi/202011218expSlide12A2+RiTazCy3/Image 35.czi,aged_treated_RhoAi,4.88549136086036,418830571,15.9771183395386,255,0,202011218expSlide12A2+RiTazCy3,2020,10,Microscopist 1,HSC,unknown
979,0.4,0.0131788225549815,0.0131788225549815,26,1024,1024,3,../data/raw_data/aged_treated_RhoAi/202011218expSlide12A2+RiTazCy3/Image 36.czi,aged_treated_RhoAi,5.22005264102888,453887185,16.6484827261705,255,0,202011218expSlide12A2+RiTazCy3,2020,10,Microscopist 1,HSC,unknown
980,0.4,0.0131788225549815,0.0131788225549815,24,1024,1024,3,../data/raw_data/aged_treated_RhoAi/202011218expSlide12A2+RiTazCy3/Image 38.czi,aged_treated_RhoAi,5.05664625696522,462034389,18.3595970869064,255,0,202011218expSlide12A2+RiTazCy3,2020,10,Microscopist 1,HSC,unknown
981,0.4,0.0131788225549815,0.0131788225549815,23,1024,1024,3,../data/raw_data/aged_treated_RhoAi/202011218expSlide12A2+RiTazCy3/Image 39.czi,aged_treated_RhoAi,4.51077469455155,356172600,14.7683765577233,255,0,202011218expSlide12A2+RiTazCy3,2020,10,Microscopist 1,HSC,unknown
982,0.4,0.0131788225549815,0.0131788225549815,23,1024,1024,3,../data/raw_data/aged_treated_RhoAi/202011218expSlide12A2+RiTazCy3/Image 40.czi,aged_treated_RhoAi,5.08407289574842,397046770,16.4631872591765,255,0,202011218expSlide12A2+RiTazCy3,2020,10,Microscopist 1,HSC,unknown
983,0.4,0.0131788225549815,0.0131788225549815,24,1024,1024,3,../data/raw_data/aged_treated_RhoAi/202011218expSlide12A2+RiTazCy3/Image 41.czi,aged_treated_RhoAi,5.37995342883704,406885550,16.1681791146596,255,0,202011218expSlide12A2+RiTazCy3,2020,10,Microscopist 1,HSC,unknown
984,0.4,0.0131788225549815,0.0131788225549815,24,1024,1024,3,../data/raw_data/aged_treated_RhoAi/202011218expSlide12A2+RiTazCy3/Image 42.czi,aged_treated_RhoAi,4.93782361420578,384635669,15.2840482791265,255,0,202011218expSlide12A2+RiTazCy3,2020,10,Microscopist 1,HSC,unknown
985,0.4,0.0131788225549815,0.0131788225549815,23,1024,1024,3,../data/raw_data/aged_treated_RhoAi/20201218expAg1+RiJag2AF488/Image 1.czi,aged_treated_RhoAi,3.50137329919989,201301692,8.34679363084876,255,0,20201218expAg1+RiJag2AF488,2020,5,Microscopist 1,HSC,unknown
986,0.4,0.0131788225549815,0.0131788225549815,22,1024,1024,3,../data/raw_data/aged_treated_RhoAi/20201218expAg1+RiJag2AF488/Image 2.czi,aged_treated_RhoAi,4.13887155531691,197320925,8.55363173918291,255,0,20201218expAg1+RiJag2AF488,2020,5,Microscopist 1,HSC,unknown
987,0.4,0.0131788225549815,0.0131788225549815,20,1024,1024,3,../data/raw_data/aged_treated_RhoAi/20201218expAg1+RiJag2AF488/Image 3.czi,aged_treated_RhoAi,4.33480843973183,193005207,9.20320544242859,255,0,20201218expAg1+RiJag2AF488,2020,5,Microscopist 1,HSC,unknown
988,0.4,0.0131788225549815,0.0131788225549815,21,1024,1024,3,../data/raw_data/aged_treated_RhoAi/20201218expAg1+RiJag2AF488/Image 4.czi,aged_treated_RhoAi,3.98579652064151,199652725,9.0668417158581,255,0,20201218expAg1+RiJag2AF488,2020,5,Microscopist 1,HSC,unknown
989,0.4,0.0131788225549815,0.0131788225549815,21,1024,1024,3,../data/raw_data/aged_treated_RhoAi/20201218expAg1+RiJag2AF488/Image 5.czi,aged_treated_RhoAi,4.01190083418814,188166562,8.54521987551735,255,0,20201218expAg1+RiJag2AF488,2020,5,Microscopist 1,HSC,unknown
990,0.4,0.0131788225549815,0.0131788225549815,18,1024,1024,3,../data/raw_data/aged_treated_RhoAi/20201218expAg1+RiRhoAAF488/Image 24.czi,aged_treated_RhoAi,2.04106375479238,85253858,4.51691193050808,174,0,20201218expAg1+RiRhoAAF488,2020,4,Microscopist 1,HSC,unknown
991,0.4,0.0131788225549815,0.0131788225549815,19,1024,1024,3,../data/raw_data/aged_treated_RhoAi/20201218expAg1+RiRhoAAF488/Image 25.czi,aged_treated_RhoAi,1.84065326486467,83592919,4.19581157282779,181,0,20201218expAg1+RiRhoAAF488,2020,4,Microscopist 1,HSC,unknown
992,0.4,0.0131788225549815,0.0131788225549815,21,1024,1024,3,../data/raw_data/aged_treated_RhoAi/20201218expAg1+RiRhoAAF488/Image 26.czi,aged_treated_RhoAi,1.86589663262894,91533472,4.15681530180432,177,0,20201218expAg1+RiRhoAAF488,2020,4,Microscopist 1,HSC,unknown
993,0.4,0.0131788225549815,0.0131788225549815,20,1024,1024,3,../data/raw_data/aged_treated_RhoAi/20201218expAg1+RiRhoAAF488/Image 27.czi,aged_treated_RhoAi,2.03761997166296,88791710,4.2339186668396,174,0,20201218expAg1+RiRhoAAF488,2020,4,Microscopist 1,HSC,unknown
994,0.4,0.0131788225549815,0.0131788225549815,19,1024,1024,3,../data/raw_data/aged_treated_RhoAi/20201218expAg1+RiRhoAAF488_2/Image 12.czi,aged_treated_RhoAi,2.7571056412764,174712591,8.76941635734157,255,0,20201218expAg1+RiRhoAAF488_2,2020,7,Microscopist 1,HSC,unknown
995,0.4,0.0131788225549815,0.0131788225549815,19,1024,1024,3,../data/raw_data/aged_treated_RhoAi/20201218expAg1+RiRhoAAF488_2/Image 13.czi,aged_treated_RhoAi,2.78344064455014,173123472,8.68965309544613,255,0,20201218expAg1+RiRhoAAF488_2,2020,7,Microscopist 1,HSC,unknown
996,0.4,0.0131788225549815,0.0131788225549815,21,1024,1024,3,../data/raw_data/aged_treated_RhoAi/20201218expAg1+RiRhoAAF488_2/Image 14.czi,aged_treated_RhoAi,2.75130971052702,200119757,9.08805106935047,255,0,20201218expAg1+RiRhoAAF488_2,2020,7,Microscopist 1,HSC,unknown
997,0.4,0.0131788225549815,0.0131788225549815,22,1024,1024,3,../data/raw_data/aged_treated_RhoAi/20201218expAg1+RiRhoAAF488_2/Image 15.czi,aged_treated_RhoAi,2.84402803973984,196456702,8.51616868105802,255,0,20201218expAg1+RiRhoAAF488_2,2020,7,Microscopist 1,HSC,unknown
998,0.4,0.0131788225549815,0.0131788225549815,24,1024,1024,3,../data/raw_data/aged_treated_RhoAi/20201218expAg1+RiRhoAAF488_2/Image 16.czi,aged_treated_RhoAi,2.82434991299783,214386444,8.51895189285278,255,0,20201218expAg1+RiRhoAAF488_2,2020,7,Microscopist 1,HSC,unknown
999,0.4,0.0131788225549815,0.0131788225549815,21,1024,1024,3,../data/raw_data/aged_treated_RhoAi/20201218expAg1+RiRhoAAF488_2/Image 17.czi,aged_treated_RhoAi,2.65646992342136,193935121,8.8071878069923,255,0,20201218expAg1+RiRhoAAF488_2,2020,7,Microscopist 1,HSC,unknown
1000,0.4,0.0131788225549815,0.0131788225549815,20,1024,1024,3,../data/raw_data/aged_treated_RhoAi/20201218expAg1+RiRhoAAF488_2/Image 18.czi,aged_treated_RhoAi,2.9086894741142,207806244,9.90897388458252,255,0,20201218expAg1+RiRhoAAF488_2,2020,7,Microscopist 1,HSC,unknown
1001,0.4,0.0131788225549815,0.0131788225549815,21,1024,1024,3,../data/raw_data/aged_treated_RhoAi/20201218expAg2+Ri RhoAAF488/Image 36.czi,aged_treated_RhoAi,1.87937926229343,237736454,10.7963404882522,255,0,20201218expAg2+Ri RhoAAF488,2020,6,Microscopist 1,HSC,unknown
1002,0.4,0.0131788225549815,0.0131788225549815,20,1024,1024,3,../data/raw_data/aged_treated_RhoAi/20201218expAg2+Ri RhoAAF488/Image 37.czi,aged_treated_RhoAi,2.0839256045319,198387916,9.45987300872803,255,0,20201218expAg2+Ri RhoAAF488,2020,6,Microscopist 1,HSC,unknown
1003,0.4,0.0131788225549815,0.0131788225549815,23,1024,1024,3,../data/raw_data/aged_treated_RhoAi/20201218expAg2+Ri RhoAAF488/Image 38.czi,aged_treated_RhoAi,1.81471782791906,203783164,8.44968563577403,255,0,20201218expAg2+Ri RhoAAF488,2020,6,Microscopist 1,HSC,unknown
1004,0.4,0.0131788225549815,0.0131788225549815,20,1024,1024,3,../data/raw_data/aged_treated_RhoAi/20201218expAg2+Ri RhoAAF488/Image 39.czi,aged_treated_RhoAi,1.96716260653922,179315445,8.55042672157288,255,0,20201218expAg2+Ri RhoAAF488,2020,6,Microscopist 1,HSC,unknown
1005,0.4,0.0131788225549815,0.0131788225549815,22,1024,1024,3,../data/raw_data/aged_treated_RhoAi/20201218expAg2+Ri RhoAAF488/Image 40.czi,aged_treated_RhoAi,1.99223709770247,204254978,8.85421484166926,255,0,20201218expAg2+Ri RhoAAF488,2020,6,Microscopist 1,HSC,unknown
1006,0.4,0.0131788225549815,0.0131788225549815,23,1024,1024,3,../data/raw_data/aged_treated_RhoAi/20201218expAg2+Ri RhoAAF488/Image 41.czi,aged_treated_RhoAi,1.72309113421572,190702358,7.90730177837869,255,0,20201218expAg2+Ri RhoAAF488,2020,6,Microscopist 1,HSC,unknown
1007,0.4,0.0131788225549815,0.0131788225549815,22,1024,1024,3,../data/raw_data/aged_treated_RhoAi/20201218expAg2+Ri RhoAAF488_2/Image 10.czi,aged_treated_RhoAi,2.15455184625667,224091837,9.71411952105436,255,0,20201218expAg2+Ri RhoAAF488_2,2020,6,Microscopist 1,HSC,unknown
1008,0.4,0.0131788225549815,0.0131788225549815,22,1024,1024,3,../data/raw_data/aged_treated_RhoAi/20201218expAg2+Ri RhoAAF488_2/Image 11.czi,aged_treated_RhoAi,2.02798069145603,210461671,9.12326773730191,255,0,20201218expAg2+Ri RhoAAF488_2,2020,6,Microscopist 1,HSC,unknown
1009,0.4,0.0131788225549815,0.0131788225549815,25,1024,1024,3,../data/raw_data/aged_treated_RhoAi/20201218expAg2+Ri RhoAAF488_2/Image 6.czi,aged_treated_RhoAi,2.00979376655163,228549368,8.71846649169922,255,0,20201218expAg2+Ri RhoAAF488_2,2020,6,Microscopist 1,HSC,unknown
1010,0.4,0.0131788225549815,0.0131788225549815,23,1024,1024,3,../data/raw_data/aged_treated_RhoAi/20201218expAg2+Ri RhoAAF488_2/Image 7.czi,aged_treated_RhoAi,1.84707945166929,208522402,8.6461938775104,255,0,20201218expAg2+Ri RhoAAF488_2,2020,6,Microscopist 1,HSC,unknown
1011,0.4,0.0131788225549815,0.0131788225549815,23,1024,1024,3,../data/raw_data/aged_treated_RhoAi/20201218expAg2+Ri RhoAAF488_2/Image 8.czi,aged_treated_RhoAi,1.87616616889112,213995717,8.8731399619061,255,0,20201218expAg2+Ri RhoAAF488_2,2020,6,Microscopist 1,HSC,unknown
1012,0.4,0.0131788225549815,0.0131788225549815,22,1024,1024,3,../data/raw_data/aged_treated_RhoAi/20201218expAg2+Ri RhoAAF488_2/Image 9.czi,aged_treated_RhoAi,2.0746858906531,210838694,9.13961124420166,255,0,20201218expAg2+Ri RhoAAF488_2,2020,6,Microscopist 1,HSC,unknown
1013,0.4,0.0131788225549815,0.0131788225549815,24,1024,1024,3,../data/raw_data/aged_treated_RhoAi/20201218expSlide9A1+RiTazCy3/Image 31.czi,aged_treated_RhoAi,4.87872742085368,314519424,12.4978790283203,255,0,20201218expSlide9A1+RiTazCy3,2020,12,Microscopist 1,HSC,unknown
1014,0.4,0.0131788225549815,0.0131788225549815,24,1024,1024,3,../data/raw_data/aged_treated_RhoAi/20201218expSlide9A1+RiTazCy3/Image 32.czi,aged_treated_RhoAi,4.82003079382972,293258935,11.6530630985896,255,0,20201218expSlide9A1+RiTazCy3,2020,12,Microscopist 1,HSC,unknown
1015,0.4,0.0131788225549815,0.0131788225549815,25,1024,1024,3,../data/raw_data/aged_treated_RhoAi/20201218expSlide9A1+RiTazCy3/Image 33.czi,aged_treated_RhoAi,4.66132870500597,334066553,12.7436276626587,255,0,20201218expSlide9A1+RiTazCy3,2020,12,Microscopist 1,HSC,unknown
1016,0.4,0.0131788225549815,0.0131788225549815,28,1024,1024,3,../data/raw_data/aged_treated_RhoAi/20201218expSlide9A1+RiTazCy3/Image 34.czi,aged_treated_RhoAi,5.48816878213225,479949152,16.3469706944057,255,0,20201218expSlide9A1+RiTazCy3,2020,12,Microscopist 1,HSC,unknown
1017,0.4,0.0131788225549815,0.0131788225549815,24,1024,1024,3,../data/raw_data/aged_treated_RhoAi/20201218expSlide9A1+RiTazCy3/Image 35.czi,aged_treated_RhoAi,4.77028137783136,300824947,11.9537094036738,255,0,20201218expSlide9A1+RiTazCy3,2020,12,Microscopist 1,HSC,unknown
1018,0.4,0.0131788225549815,0.0131788225549815,24,1024,1024,3,../data/raw_data/aged_treated_RhoAi/20201218expSlide9A1+RiTazCy3/Image 36.czi,aged_treated_RhoAi,4.6939210184833,289680282,11.5108602046967,255,0,20201218expSlide9A1+RiTazCy3,2020,12,Microscopist 1,HSC,unknown
1019,0.4,0.0131788225549815,0.0131788225549815,23,1024,1024,3,../data/raw_data/aged_treated_RhoAi/20201218expSlide9A1+RiTazCy3/Image 37.czi,aged_treated_RhoAi,4.61737521975699,302034201,12.5235765291297,255,0,20201218expSlide9A1+RiTazCy3,2020,12,Microscopist 1,HSC,unknown
1020,0.4,0.0131788225549815,0.0131788225549815,23,1024,1024,3,../data/raw_data/aged_treated_RhoAi/20201218expSlide9A1+RiTazCy3/Image 38.czi,aged_treated_RhoAi,4.49987490223412,316212634,13.1114725029987,255,0,20201218expSlide9A1+RiTazCy3,2020,12,Microscopist 1,HSC,unknown
1021,0.4,0.0131788225549815,0.0131788225549815,24,1024,1024,3,../data/raw_data/aged_treated_RhoAi/20201218expSlide9A1+RiTazCy3/Image 39.czi,aged_treated_RhoAi,4.93242724978453,287832435,11.4374333620071,255,0,20201218expSlide9A1+RiTazCy3,2020,12,Microscopist 1,HSC,unknown
1022,0.4,0.0131788225549815,0.0131788225549815,24,1024,1024,3,../data/raw_data/aged_treated_RhoAi/20201218expSlide9A1+RiTazCy3/Image 41.czi,aged_treated_RhoAi,4.50713112825806,257516563,10.2327888409297,255,0,20201218expSlide9A1+RiTazCy3,2020,12,Microscopist 1,HSC,unknown
1023,0.4,0.0131788225549815,0.0131788225549815,22,1024,1024,3,../data/raw_data/aged_treated_RhoAi/20201218expSlide9A1+RiTazCy3/Image 42.czi,aged_treated_RhoAi,5.09148971698478,269454147,11.680522701957,255,0,20201218expSlide9A1+RiTazCy3,2020,12,Microscopist 1,HSC,unknown
1024,0.4,0.0131788225549815,0.0131788225549815,20,1024,1024,3,../data/raw_data/aged_treated_RhoAi/20201218expSlide9A1+RiTazCy3/Image 43.czi,aged_treated_RhoAi,4.92961372271036,233932246,11.1547587394714,255,0,20201218expSlide9A1+RiTazCy3,2020,12,Microscopist 1,HSC,unknown
1025,0.4,0.0131788225549815,0.0131788225549815,24,1024,1024,2,../data/raw_data/aged_treated_RhoAi/20210712expAgRiPhalloidinAF48820210928/Image 28.czi,aged_treated_RhoAi,1.84191377697516,103143801,4.09856641292572,244,0,20210712expAgRiPhalloidinAF48820210928,2021,10,Microscopist 1,HSC,unknown
1026,0.4,0.0131788225549815,0.0131788225549815,25,1024,1024,2,../data/raw_data/aged_treated_RhoAi/20210712expAgRiPhalloidinAF48820210928/Image 29.czi,aged_treated_RhoAi,1.86417474106423,111918607,4.26935604095459,238,0,20210712expAgRiPhalloidinAF48820210928,2021,10,Microscopist 1,HSC,unknown
1027,0.4,0.0131788225549815,0.0131788225549815,25,1024,1024,2,../data/raw_data/aged_treated_RhoAi/20210712expAgRiPhalloidinAF48820210928/Image 30.czi,aged_treated_RhoAi,1.80530923743924,100683837,3.84078357696533,210,0,20210712expAgRiPhalloidinAF48820210928,2021,10,Microscopist 1,HSC,unknown
1028,0.4,0.0131788225549815,0.0131788225549815,23,1024,1024,2,../data/raw_data/aged_treated_RhoAi/20210712expAgRiPhalloidinAF48820210928/Image 31.czi,aged_treated_RhoAi,1.68132091998567,106155603,4.40164661407471,244,0,20210712expAgRiPhalloidinAF48820210928,2021,10,Microscopist 1,HSC,unknown
1029,0.4,0.0131788225549815,0.0131788225549815,25,1024,1024,2,../data/raw_data/aged_treated_RhoAi/20210712expAgRiPhalloidinAF48820210928/Image 32.czi,aged_treated_RhoAi,1.61200872210886,87045080,3.32050628662109,192,0,20210712expAgRiPhalloidinAF48820210928,2021,10,Microscopist 1,HSC,unknown
1030,0.4,0.0131788225549815,0.0131788225549815,23,1024,1024,2,../data/raw_data/aged_treated_RhoAi/20210712expAgRiPhalloidinAF48820210928/Image 33.czi,aged_treated_RhoAi,1.70272093829238,88961739,3.68871850552766,220,0,20210712expAgRiPhalloidinAF48820210928,2021,10,Microscopist 1,HSC,unknown
1031,0.4,0.0131788225549815,0.0131788225549815,23,1024,1024,2,../data/raw_data/aged_treated_RhoAi/20210712expAgRiPhalloidinAF48820210928/Image 34.czi,aged_treated_RhoAi,1.84449661432222,92789756,3.84744378794795,203,0,20210712expAgRiPhalloidinAF48820210928,2021,10,Microscopist 1,HSC,unknown
1032,0.4,0.0131788225549815,0.0131788225549815,21,1024,1024,2,../data/raw_data/aged_treated_RhoAi/20210712expAgRiPhalloidinAF48820210928/Image 35.czi,aged_treated_RhoAi,1.72372139027096,85950039,3.90325450897217,227,0,20210712expAgRiPhalloidinAF48820210928,2021,10,Microscopist 1,HSC,unknown
1033,0.4,0.0131788225549815,0.0131788225549815,21,1024,1024,2,../data/raw_data/aged_treated_RhoAi/20210712expAgRiPhalloidinAF48820210928/Image 36.czi,aged_treated_RhoAi,1.78069612573021,85221003,3.87014675140381,203,0,20210712expAgRiPhalloidinAF48820210928,2021,10,Microscopist 1,HSC,unknown
1034,0.4,0.0131788225549815,0.0131788225549815,22,1024,1024,2,../data/raw_data/aged_treated_RhoAi/20210712expAgRiPhalloidinAF48820210928/Image 37.czi,aged_treated_RhoAi,2.00916351049638,92530446,4.01108681071888,195,0,20210712expAgRiPhalloidinAF48820210928,2021,10,Microscopist 1,HSC,unknown
1035,0.4,0.0131788225549815,0.0131788225549815,21,1024,1024,2,../data/raw_data/aged_treated_RhoAi/20211108expAgedRiLTHSCCdk8AF488/Image 15.czi,aged_treated_RhoAi,2.81212779544383,141608742,6.43088667733329,255,0,20211108expAgedRiLTHSCCdk8AF488,2021,7,Microscopist 1,HSC,unknown
1036,0.4,0.0131788225549815,0.0131788225549815,20,1024,1024,2,../data/raw_data/aged_treated_RhoAi/20211108expAgedRiLTHSCCdk8AF488/Image 16.czi,aged_treated_RhoAi,3.0695130208308,133403966,6.36119680404663,255,0,20211108expAgedRiLTHSCCdk8AF488,2021,7,Microscopist 1,HSC,unknown
1037,0.4,0.0131788225549815,0.0131788225549815,23,1024,1024,2,../data/raw_data/aged_treated_RhoAi/20211108expAgedRiLTHSCCdk8AF488/Image 17.czi,aged_treated_RhoAi,2.85217611810917,143902384,5.96678294306216,255,0,20211108expAgedRiLTHSCCdk8AF488,2021,7,Microscopist 1,HSC,unknown
1038,0.4,0.0131788225549815,0.0131788225549815,21,1024,1024,2,../data/raw_data/aged_treated_RhoAi/20211108expAgedRiLTHSCCdk8AF488/Image 18.czi,aged_treated_RhoAi,2.87059373274068,143227906,6.50441787356422,255,0,20211108expAgedRiLTHSCCdk8AF488,2021,7,Microscopist 1,HSC,unknown
1039,0.4,0.0131788225549815,0.0131788225549815,21,1024,1024,2,../data/raw_data/aged_treated_RhoAi/20211108expAgedRiLTHSCCdk8AF488/Image 19.czi,aged_treated_RhoAi,2.90994998622469,140288499,6.37093039921352,254,0,20211108expAgedRiLTHSCCdk8AF488,2021,7,Microscopist 1,HSC,unknown
1040,0.4,0.0131788225549815,0.0131788225549815,20,1024,1024,2,../data/raw_data/aged_treated_RhoAi/20211108expAgedRiLTHSCCdk8AF488/Image 20.czi,aged_treated_RhoAi,2.27854016371024,110243922,5.2568398475647,242,0,20211108expAgedRiLTHSCCdk8AF488,2021,7,Microscopist 1,HSC,unknown
1041,0.4,0.0131788225549815,0.0131788225549815,18,1024,1024,2,../data/raw_data/aged_treated_RhoAi/20211108expAgedRiLTHSCCdk8AF488/Image 22.czi,aged_treated_RhoAi,2.45811907826041,120599283,6.38957993189494,255,0,20211108expAgedRiLTHSCCdk8AF488,2021,7,Microscopist 1,HSC,unknown
1042,0.368961137123203,0.0131788225549815,0.0131788225549815,25,1024,1024,3,../data/raw_data/aged_treated_RhoAi/20220420_20220419exp_AgRiRhoAGTPCy3H4K16ac/Image 18_AgRi_220420.czi,aged_treated_RhoAi,1.31389138626383,126939109,4.84234272003174,236,0,20220420_20220419exp_AgRiRhoAGTPCy3H4K16ac,2022,8,Microscopist 1,HSC,unknown
1043,0.368961137123203,0.0131788225549815,0.0131788225549815,27,1024,1024,3,../data/raw_data/aged_treated_RhoAi/20220420_20220419exp_AgRiRhoAGTPCy3H4K16ac/Image 19_AgRi_220420.czi,aged_treated_RhoAi,1.1723463999611,129659396,4.57973466096101,247,0,20220420_20220419exp_AgRiRhoAGTPCy3H4K16ac,2022,8,Microscopist 1,HSC,unknown
1044,0.368961137123203,0.0131788225549815,0.0131788225549815,23,1024,1024,3,../data/raw_data/aged_treated_RhoAi/20220420_20220419exp_AgRiRhoAGTPCy3H4K16ac/Image 20_AgRi_220420.czi,aged_treated_RhoAi,1.3605965854609,127644503,5.29266452789307,250,0,20220420_20220419exp_AgRiRhoAGTPCy3H4K16ac,2022,8,Microscopist 1,HSC,unknown
1045,0.368961137123203,0.0131788225549815,0.0131788225549815,21,1024,1024,3,../data/raw_data/aged_treated_RhoAi/20220420_20220419exp_AgRiRhoAGTPCy3H4K16ac/Image 21_AgRi_220420.czi,aged_treated_RhoAi,1.40723997153189,123674686,5.61644626799084,230,0,20220420_20220419exp_AgRiRhoAGTPCy3H4K16ac,2022,8,Microscopist 1,HSC,unknown
1046,0.368961137123203,0.0131788225549815,0.0131788225549815,24,1024,1024,3,../data/raw_data/aged_treated_RhoAi/20220420_20220419exp_AgRiRhoAGTPCy3H4K16ac/Image 22_AgRi_220420.czi,aged_treated_RhoAi,1.3845176279886,126733824,5.03594970703125,236,0,20220420_20220419exp_AgRiRhoAGTPCy3H4K16ac,2022,8,Microscopist 1,HSC,unknown
1047,0.368961137123203,0.0131788225549815,0.0131788225549815,24,1024,1024,3,../data/raw_data/aged_treated_RhoAi/20220420_20220419exp_AgRiRhoAGTPCy3H4K16ac/Image 23_AgRi_220420.czi,aged_treated_RhoAi,1.37298757961593,125868134,5.00155027707418,232,0,20220420_20220419exp_AgRiRhoAGTPCy3H4K16ac,2022,8,Microscopist 1,HSC,unknown
1048,0.368961137123203,0.0131788225549815,0.0131788225549815,24,1024,1024,3,../data/raw_data/aged_treated_RhoAi/20220420_20220419exp_AgRiRhoAGTPCy3H4K16ac/Image 24_AgRi_220420.czi,aged_treated_RhoAi,1.39955327261678,129220685,5.1347686847051,246,0,20220420_20220419exp_AgRiRhoAGTPCy3H4K16ac,2022,8,Microscopist 1,HSC,unknown
1049,0.368961137123203,0.0131788225549815,0.0131788225549815,21,1024,1024,3,../data/raw_data/aged_treated_RhoAi/20220420_20220419exp_AgRiRhoAGTPCy3H4K16ac/Image 25_AgRi_220420.czi,aged_treated_RhoAi,1.41900070963167,125077993,5.68017473674956,245,0,20220420_20220419exp_AgRiRhoAGTPCy3H4K16ac,2022,8,Microscopist 1,HSC,unknown
1050,0.368961137123203,0.0131788225549815,0.0131788225549815,23,1024,1024,3,../data/raw_data/aged_treated_RhoAi/20220502_20220419exp_AgRiRhoAGTPCy3H4K16ac/Image 31_AgRi_220502.czi,aged_treated_RhoAi,1.47299304141572,114551689,4.74978276957636,207,0,20220502_20220419exp_AgRiRhoAGTPCy3H4K16ac,2022,4,Microscopist 1,HSC,unknown
1051,0.368961137123203,0.0131788225549815,0.0131788225549815,24,1024,1024,3,../data/raw_data/aged_treated_RhoAi/20220502_20220419exp_AgRiRhoAGTPCy3H4K16ac/Image 32_AgRi_220502.czi,aged_treated_RhoAi,1.47362329747097,106343100,4.22569513320923,213,0,20220502_20220419exp_AgRiRhoAGTPCy3H4K16ac,2022,4,Microscopist 1,HSC,unknown
1052,0.368961137123203,0.0131788225549815,0.0131788225549815,23,1024,1024,3,../data/raw_data/aged_treated_RhoAi/20220502_20220419exp_AgRiRhoAGTPCy3H4K16ac/Image 33_AgRi_220502.czi,aged_treated_RhoAi,1.49783684285186,110504655,4.58197614421015,201,0,20220502_20220419exp_AgRiRhoAGTPCy3H4K16ac,2022,4,Microscopist 1,HSC,unknown
1053,0.368961137123203,0.0131788225549815,0.0131788225549815,21,1024,1024,3,../data/raw_data/aged_treated_RhoAi/20220502_20220419exp_AgRiRhoAGTPCy3H4K16ac/Image 34_AgRi_220502.czi,aged_treated_RhoAi,1.61321570248188,107895257,4.89985406966436,210,0,20220502_20220419exp_AgRiRhoAGTPCy3H4K16ac,2022,4,Microscopist 1,HSC,unknown
1054,0.368961137123203,0.0131788225549815,0.0131788225549815,22,1024,1024,3,../data/raw_data/aged_treated_RhoAi/20220711exp_20220725_AgRiRhoGTPH4K16ac/Image 14_AgRi_20220711.czi,aged_treated_RhoAi,1.81942212315898,78135276,3.38707299665971,141,0,20220711exp_20220725_AgRiRhoGTPH4K16ac,2022,9,Microscopist 1,HSC,unknown
1055,0.368961137123203,0.0131788225549815,0.0131788225549815,25,1024,1024,3,../data/raw_data/aged_treated_RhoAi/20220711exp_20220725_AgRiRhoGTPH4K16ac/Image 15_AgRi_20220711.czi,aged_treated_RhoAi,1.75068664959994,90342131,3.44627880096436,135,0,20220711exp_20220725_AgRiRhoGTPH4K16ac,2022,9,Microscopist 1,HSC,unknown
1056,0.368961137123203,0.0131788225549815,0.0131788225549815,26,1024,1024,3,../data/raw_data/aged_treated_RhoAi/20220711exp_20220725_AgRiRhoGTPH4K16ac/Image 16_AgRi_20220711.czi,aged_treated_RhoAi,1.80146588798168,83536312,3.06409366314228,130,0,20220711exp_20220725_AgRiRhoGTPH4K16ac,2022,9,Microscopist 1,HSC,unknown
1057,0.368961137123203,0.0131788225549815,0.0131788225549815,24,1024,1024,3,../data/raw_data/aged_treated_RhoAi/20220711exp_20220725_AgRiRhoGTPH4K16ac/Image 17_AgRi_20220711.czi,aged_treated_RhoAi,1.88540588276992,85592733,3.40114963054657,121,0,20220711exp_20220725_AgRiRhoGTPH4K16ac,2022,9,Microscopist 1,HSC,unknown
1058,0.368961137123203,0.0131788225549815,0.0131788225549815,24,1024,1024,3,../data/raw_data/aged_treated_RhoAi/20220711exp_20220725_AgRiRhoGTPH4K16ac/Image 19_AgRi_20220711.czi,aged_treated_RhoAi,1.97272784756149,88849184,3.53054936726888,125,0,20220711exp_20220725_AgRiRhoGTPH4K16ac,2022,9,Microscopist 1,HSC,unknown
1059,0.368961137123203,0.0131788225549815,0.0131788225549815,25,1024,1024,3,../data/raw_data/aged_treated_RhoAi/20220711exp_20220725_AgRiRhoGTPH4K16ac/Image 20_AgRi_20220711.czi,aged_treated_RhoAi,1.86526637657369,88465759,3.3747008895874,139,0,20220711exp_20220725_AgRiRhoGTPH4K16ac,2022,9,Microscopist 1,HSC,unknown
1060,0.368961137123203,0.0131788225549815,0.0131788225549815,24,1024,1024,3,../data/raw_data/aged_treated_RhoAi/20220711exp_20220725_AgRiRhoGTPH4K16ac/Image 21_AgRi_20220711.czi,aged_treated_RhoAi,1.99051520613776,87603647,3.48105617364248,144,0,20220711exp_20220725_AgRiRhoGTPH4K16ac,2022,9,Microscopist 1,HSC,unknown
1061,0.368961137123203,0.0131788225549815,0.0131788225549815,19,1024,1024,3,../data/raw_data/aged_treated_RhoAi/20220711exp_20220725_AgRiRhoGTPH4K16ac/Image 22_AgRi_20220711.czi,aged_treated_RhoAi,1.90100997032726,85348037,4.28390688645212,156,0,20220711exp_20220725_AgRiRhoGTPH4K16ac,2022,9,Microscopist 1,HSC,unknown
1062,0.369,0.0131788225549815,0.0131788225549815,23,1024,1024,3,../data/raw_data/aged_treated_RhoAi/20230119exp_20230127_AgRiRhoA647PPL2A/Image 53.czi,aged_treated_RhoAi,2.45410685220182,277966923,11.5256484902423,255,0,20230119exp_20230127_AgRiRhoA647PPL2A,2023,12,Microscopist 1,HSC,unknown
1063,0.369,0.0131788225549815,0.0131788225549815,23,1024,1024,3,../data/raw_data/aged_treated_RhoAi/20230119exp_20230127_AgRiRhoA647PPL2A/Image 54.czi,aged_treated_RhoAi,0.867856409048926,105839506,4.38853993623153,229,0,20230119exp_20230127_AgRiRhoA647PPL2A,2023,12,Microscopist 1,HSC,unknown
1064,0.369,0.0131788225549815,0.0131788225549815,22,1024,1024,3,../data/raw_data/aged_treated_RhoAi/20230119exp_20230127_AgRiRhoA647PPL2A/Image 55.czi,aged_treated_RhoAi,0.956500699077073,106434042,4.61379146575928,206,0,20230119exp_20230127_AgRiRhoA647PPL2A,2023,12,Microscopist 1,HSC,unknown
1065,0.369,0.0131788225549815,0.0131788225549815,24,1024,1024,3,../data/raw_data/aged_treated_RhoAi/20230119exp_20230127_AgRiRhoA647PPL2A/Image 56.czi,aged_treated_RhoAi,0.949444256217204,106419083,4.22871442635854,209,0,20230119exp_20230127_AgRiRhoA647PPL2A,2023,12,Microscopist 1,HSC,unknown
1066,0.369,0.0131788225549815,0.0131788225549815,23,1024,1024,3,../data/raw_data/aged_treated_RhoAi/20230119exp_20230127_AgRiRhoA647PPL2A/Image 57.czi,aged_treated_RhoAi,0.870439246395991,103139490,4.27658620087997,203,0,20230119exp_20230127_AgRiRhoA647PPL2A,2023,12,Microscopist 1,HSC,unknown
1067,0.369,0.0131788225549815,0.0131788225549815,25,1024,1024,3,../data/raw_data/aged_treated_RhoAi/20230119exp_20230127_AgRiRhoA647PPL2A/Image 58.czi,aged_treated_RhoAi,0.883060930278128,102088884,3.89438186645508,226,0,20230119exp_20230127_AgRiRhoA647PPL2A,2023,12,Microscopist 1,HSC,unknown
1068,0.369,0.0131788225549815,0.0131788225549815,25,1024,1024,3,../data/raw_data/aged_treated_RhoAi/20230119exp_20230127_AgRiRhoA647PPL2A/Image 59.czi,aged_treated_RhoAi,0.872560704288838,103513300,3.9487190246582,218,0,20230119exp_20230127_AgRiRhoA647PPL2A,2023,12,Microscopist 1,HSC,unknown
1069,0.369,0.0131788225549815,0.0131788225549815,21,1024,1024,3,../data/raw_data/aged_treated_RhoAi/20230119exp_20230127_AgRiRhoA647PPL2A/Image 60.czi,aged_treated_RhoAi,0.840660459992833,99268411,4.50808257148379,217,0,20230119exp_20230127_AgRiRhoA647PPL2A,2023,12,Microscopist 1,HSC,unknown
1070,0.369,0.0131788225549815,0.0131788225549815,24,1024,1024,3,../data/raw_data/aged_treated_RhoAi/20230119exp_20230127_AgRiRhoA647PPL2A/Image 61.czi,aged_treated_RhoAi,0.858847384897238,93068325,3.69820296764374,177,0,20230119exp_20230127_AgRiRhoA647PPL2A,2023,12,Microscopist 1,HSC,unknown
1071,0.369,0.0131788225549815,0.0131788225549815,25,1024,1024,3,../data/raw_data/aged_treated_RhoAi/20230119exp_20230127_AgRiRhoA647PPL2A/Image 62.czi,aged_treated_RhoAi,0.82396473692603,91082519,3.47452236175537,182,0,20230119exp_20230127_AgRiRhoA647PPL2A,2023,12,Microscopist 1,HSC,unknown
1072,0.369,0.0131788225549815,0.0131788225549815,24,1024,1024,3,../data/raw_data/aged_treated_RhoAi/20230119exp_20230127_AgRiRhoA647PPL2A/Image 63.czi,aged_treated_RhoAi,0.843012607612789,82142933,3.26406689484914,176,0,20230119exp_20230127_AgRiRhoA647PPL2A,2023,12,Microscopist 1,HSC,unknown
1073,0.369,0.0131788225549815,0.0131788225549815,25,1024,1024,3,../data/raw_data/aged_treated_RhoAi/20230119exp_20230127_AgRiRhoA647PPL2A/Image 64.czi,aged_treated_RhoAi,0.781564266640735,80168595,3.05818920135498,171,0,20230119exp_20230127_AgRiRhoA647PPL2A,2023,12,Microscopist 1,HSC,unknown
1074,0.318961700873866,0.0131788225549815,0.0131788225549815,28,1024,1024,2,../data/raw_data/aged_treated_RhoAi/20230208exp_20230315agRi_KLF4cy3/Image 1.czi,aged_treated_RhoAi,3.19694512141379,221673064,7.55013956342425,249,0,20230208exp_20230315agRi_KLF4cy3,2023,6,Microscopist 1,HSC,unknown
1075,0.318961700873866,0.0131788225549815,0.0131788225549815,29,1024,1024,2,../data/raw_data/aged_treated_RhoAi/20230208exp_20230315agRi_KLF4cy3/Image 2.czi,aged_treated_RhoAi,3.12688732261819,235917211,7.75821327341014,235,0,20230208exp_20230315agRi_KLF4cy3,2023,6,Microscopist 1,HSC,unknown
1076,0.318961700873866,0.0131788225549815,0.0131788225549815,28,1024,1024,2,../data/raw_data/aged_treated_RhoAi/20230208exp_20230315agRi_KLF4cy3/Image 3.czi,aged_treated_RhoAi,3.18363136835033,218054802,7.42690229415894,242,0,20230208exp_20230315agRi_KLF4cy3,2023,6,Microscopist 1,HSC,unknown
1077,0.318961700873866,0.0131788225549815,0.0131788225549815,29,1024,1024,2,../data/raw_data/aged_treated_RhoAi/20230208exp_20230315agRi_KLF4cy3/Image 4.czi,aged_treated_RhoAi,2.97828589345559,212889880,7.00095209582099,224,0,20230208exp_20230315agRi_KLF4cy3,2023,6,Microscopist 1,HSC,unknown
1078,0.318961700873866,0.0131788225549815,0.0131788225549815,27,1024,1024,2,../data/raw_data/aged_treated_RhoAi/20230208exp_20230315agRi_KLF4cy3/Image 5.czi,aged_treated_RhoAi,2.95579423963941,199120787,7.03319927498146,215,0,20230208exp_20230315agRi_KLF4cy3,2023,6,Microscopist 1,HSC,unknown
1079,0.318961700873866,0.0131788225549815,0.0131788225549815,25,1024,1024,2,../data/raw_data/aged_treated_RhoAi/20230208exp_20230315agRi_KLF4cy3/Image 6.czi,aged_treated_RhoAi,3.14616588303206,200228757,7.63812091827393,227,0,20230208exp_20230315agRi_KLF4cy3,2023,6,Microscopist 1,HSC,unknown
1080,0.318961700873866,0.0131788225549815,0.0131788225549815,26,1024,1024,2,../data/raw_data/aged_treated_RhoAi/20230208exp_20230321agRi_KLF4cy3/Image 14.czi,aged_treated_RhoAi,2.61383876340896,141433717,5.18775782218346,164,0,20230208exp_20230321agRi_KLF4cy3,2023,8,Microscopist 1,HSC,unknown
1081,0.318961700873866,0.0131788225549815,0.0131788225549815,25,1024,1024,2,../data/raw_data/aged_treated_RhoAi/20230208exp_20230321agRi_KLF4cy3/Image 15.czi,aged_treated_RhoAi,2.43035468627515,132735358,5.06345207214356,161,0,20230208exp_20230321agRi_KLF4cy3,2023,8,Microscopist 1,HSC,unknown
1082,0.318961700873866,0.0131788225549815,0.0131788225549815,29,1024,1024,2,../data/raw_data/aged_treated_RhoAi/20230208exp_20230321agRi_KLF4cy3/Image 16.czi,aged_treated_RhoAi,2.41985446028586,146291595,4.8108460985381,187,0,20230208exp_20230321agRi_KLF4cy3,2023,8,Microscopist 1,HSC,unknown
1083,0.318961700873866,0.0131788225549815,0.0131788225549815,28,1024,1024,2,../data/raw_data/aged_treated_RhoAi/20230208exp_20230321agRi_KLF4cy3/Image 17.czi,aged_treated_RhoAi,2.79583163870516,155573731,5.29880969864982,188,0,20230208exp_20230321agRi_KLF4cy3,2023,8,Microscopist 1,HSC,unknown
1084,0.318961700873866,0.0131788225549815,0.0131788225549815,29,1024,1024,2,../data/raw_data/aged_treated_RhoAi/20230208exp_20230321agRi_KLF4cy3/Image 18.czi,aged_treated_RhoAi,2.58601255829762,151611937,4.98580725439664,166,0,20230208exp_20230321agRi_KLF4cy3,2023,8,Microscopist 1,HSC,unknown
1085,0.318961700873866,0.0131788225549815,0.0131788225549815,26,1024,1024,2,../data/raw_data/aged_treated_RhoAi/20230208exp_20230321agRi_KLF4cy3/Image 19.czi,aged_treated_RhoAi,2.67700899594572,144718619,5.30824730946468,169,0,20230208exp_20230321agRi_KLF4cy3,2023,8,Microscopist 1,HSC,unknown
1086,0.318961700873866,0.0131788225549815,0.0131788225549815,28,1024,1024,2,../data/raw_data/aged_treated_RhoAi/20230208exp_20230321agRi_KLF4cy3/Image 20.czi,aged_treated_RhoAi,2.8618153983161,166233868,5.66189180101667,186,0,20230208exp_20230321agRi_KLF4cy3,2023,8,Microscopist 1,HSC,unknown
1087,0.318961700873866,0.0131788225549815,0.0131788225549815,25,1024,1024,2,../data/raw_data/aged_treated_RhoAi/20230208exp_20230321agRi_KLF4cy3/Image 21.czi,aged_treated_RhoAi,2.76141037018817,159318710,6.07752647399902,193,0,20230208exp_20230321agRi_KLF4cy3,2023,8,Microscopist 1,HSC,unknown
1088,0.318961700873866,0.0131788225549815,0.0131788225549815,22,1024,1024,2,../data/raw_data/aged_treated_RhoAi/20230208exp_20230322agRi_KLF4cy3/Image 16.czi,aged_treated_RhoAi,3.0241301468703,164010586,7.10966743122448,204,0,20230208exp_20230322agRi_KLF4cy3,2023,3,Microscopist 1,HSC,unknown
1089,0.318961700873866,0.0131788225549815,0.0131788225549815,25,1024,1024,2,../data/raw_data/aged_treated_RhoAi/20230208exp_20230322agRi_KLF4cy3/Image 17.czi,aged_treated_RhoAi,2.68664827615266,158174125,6.03386402130127,203,0,20230208exp_20230322agRi_KLF4cy3,2023,3,Microscopist 1,HSC,unknown
1090,0.318961700873866,0.0131788225549815,0.0131788225549815,26,1024,1024,2,../data/raw_data/aged_treated_RhoAi/20230208exp_20230322agRi_KLF4cy3/Image 18.czi,aged_treated_RhoAi,2.67293495676106,156146895,5.72743397492629,207,0,20230208exp_20230322agRi_KLF4cy3,2023,3,Microscopist 1,HSC,unknown
1091,0.318961700873866,0.0131788225549815,0.0131788225549815,26,1024,1024,3,../data/raw_data/aged_treated_RhoAi/20230413exp_20230426AgRiKlf4Cy3H3K9me2AF488/Image 22.czi,aged_treated_RhoAi,2.38490999918857,264067594,9.68594162280743,255,0,20230413exp_20230426AgRiKlf4Cy3H3K9me2AF488,2023,8,Microscopist 1,HSC,unknown
1092,0.318961700873866,0.0131788225549815,0.0131788225549815,26,1024,1024,3,../data/raw_data/aged_treated_RhoAi/20230413exp_20230426AgRiKlf4Cy3H3K9me2AF488/Image 23.czi,aged_treated_RhoAi,2.40998449035182,262055056,9.61212216890775,255,0,20230413exp_20230426AgRiKlf4Cy3H3K9me2AF488,2023,8,Microscopist 1,HSC,unknown
1093,0.318961700873866,0.0131788225549815,0.0131788225549815,28,1024,1024,3,../data/raw_data/aged_treated_RhoAi/20230413exp_20230426AgRiKlf4Cy3H3K9me2AF488/Image 24.czi,aged_treated_RhoAi,2.38467930946146,293005672,9.97971371241978,255,0,20230413exp_20230426AgRiKlf4Cy3H3K9me2AF488,2023,8,Microscopist 1,HSC,unknown
1094,0.318961700873866,0.0131788225549815,0.0131788225549815,27,1024,1024,3,../data/raw_data/aged_treated_RhoAi/20230413exp_20230426AgRiKlf4Cy3H3K9me2AF488/Image 25.czi,aged_treated_RhoAi,2.38301923102284,282630021,9.98285155826145,255,0,20230413exp_20230426AgRiKlf4Cy3H3K9me2AF488,2023,8,Microscopist 1,HSC,unknown
1095,0.318961700873866,0.0131788225549815,0.0131788225549815,30,1024,1024,3,../data/raw_data/aged_treated_RhoAi/20230413exp_20230426AgRiKlf4Cy3H3K9me2AF488/Image 26.czi,aged_treated_RhoAi,2.90513862750983,568124230,18.0601828893026,255,0,20230413exp_20230426AgRiKlf4Cy3H3K9me2AF488,2023,8,Microscopist 1,HSC,unknown
1096,0.318961700873866,0.0131788225549815,0.0131788225549815,24,1024,1024,3,../data/raw_data/aged_treated_RhoAi/20230413exp_20230426AgRiKlf4Cy3H3K9me2AF488/Image 27.czi,aged_treated_RhoAi,2.42926305076569,273853460,10.8819588025411,255,0,20230413exp_20230426AgRiKlf4Cy3H3K9me2AF488,2023,8,Microscopist 1,HSC,unknown
1097,0.318961700873866,0.0131788225549815,0.0131788225549815,25,1024,1024,3,../data/raw_data/aged_treated_RhoAi/20230413exp_20230426AgRiKlf4Cy3H3K9me2AF488/Image 28.czi,aged_treated_RhoAi,2.4414233551936,296099969,11.2953174209595,255,0,20230413exp_20230426AgRiKlf4Cy3H3K9me2AF488,2023,8,Microscopist 1,HSC,unknown
1098,0.318961700873866,0.0131788225549815,0.0131788225549815,28,1024,1024,3,../data/raw_data/aged_treated_RhoAi/20230413exp_20230426AgRiKlf4Cy3H3K9me2AF488/Image 29.czi,aged_treated_RhoAi,2.52072086786801,301994496,10.2858712332589,255,0,20230413exp_20230426AgRiKlf4Cy3H3K9me2AF488,2023,8,Microscopist 1,HSC,unknown
1099,0.318961700873866,0.0131788225549815,0.0131788225549815,25,1024,1024,2,../data/raw_data/aged_treated_RhoAi/20230413exp_20230426AgRiLINE1Cy3/Image 55.czi,aged_treated_RhoAi,2.30315327541927,401729770,15.3247745513916,255,0,20230413exp_20230426AgRiLINE1Cy3,2023,2,Microscopist 1,HSC,unknown
1100,0.318961700873866,0.0131788225549815,0.0131788225549815,25,1024,1024,2,../data/raw_data/aged_treated_RhoAi/20230413exp_20230426AgRiLINE1Cy3/Image 56.czi,aged_treated_RhoAi,1.89223163590268,303946082,11.5946228790283,255,0,20230413exp_20230426AgRiLINE1Cy3,2023,2,Microscopist 1,HSC,unknown
1101,0.318961700873866,0.0131788225549815,0.0131788225549815,24,1024,1024,2,../data/raw_data/aged_treated_RhoAi/20230413exp_20230427AgRiLINE1Cy3/Image 1.czi,aged_treated_RhoAi,3.13251437676653,558653318,22.1988883813222,255,0,20230413exp_20230427AgRiLINE1Cy3,2023,12,Microscopist 1,HSC,unknown
1102,0.318961700873866,0.0131788225549815,0.0131788225549815,25,1024,1024,2,../data/raw_data/aged_treated_RhoAi/20230413exp_20230427AgRiLINE1Cy3/Image 10.czi,aged_treated_RhoAi,2.09636184903579,335656729,12.8042880630493,255,0,20230413exp_20230427AgRiLINE1Cy3,2023,12,Microscopist 1,HSC,unknown
1103,0.318961700873866,0.0131788225549815,0.0131788225549815,27,1024,1024,2,../data/raw_data/aged_treated_RhoAi/20230413exp_20230427AgRiLINE1Cy3/Image 11.czi,aged_treated_RhoAi,2.14239154182875,337006692,11.9035046895345,255,0,20230413exp_20230427AgRiLINE1Cy3,2023,12,Microscopist 1,HSC,unknown
1104,0.318961700873866,0.0131788225549815,0.0131788225549815,26,1024,1024,2,../data/raw_data/aged_treated_RhoAi/20230413exp_20230427AgRiLINE1Cy3/Image 12.czi,aged_treated_RhoAi,2.2990792362346,336969087,12.3599524497986,255,0,20230413exp_20230427AgRiLINE1Cy3,2023,12,Microscopist 1,HSC,unknown
1105,0.318961700873866,0.0131788225549815,0.0131788225549815,29,1024,1024,2,../data/raw_data/aged_treated_RhoAi/20230413exp_20230427AgRiLINE1Cy3/Image 2.czi,aged_treated_RhoAi,2.74253137610244,535663457,17.6154648682167,255,0,20230413exp_20230427AgRiLINE1Cy3,2023,12,Microscopist 1,HSC,unknown
1106,0.318961700873866,0.0131788225549815,0.0131788225549815,33,1024,1024,2,../data/raw_data/aged_treated_RhoAi/20230413exp_20230427AgRiLINE1Cy3/Image 3.czi,aged_treated_RhoAi,2.22431714219908,366129806,10.5808664379698,255,0,20230413exp_20230427AgRiLINE1Cy3,2023,12,Microscopist 1,HSC,unknown
1107,0.318961700873866,0.0131788225549815,0.0131788225549815,29,1024,1024,2,../data/raw_data/aged_treated_RhoAi/20230413exp_20230427AgRiLINE1Cy3/Image 4.czi,aged_treated_RhoAi,2.29202279337473,377988976,12.4302889067551,255,0,20230413exp_20230427AgRiLINE1Cy3,2023,12,Microscopist 1,HSC,unknown
1108,0.318961700873866,0.0131788225549815,0.0131788225549815,29,1024,1024,2,../data/raw_data/aged_treated_RhoAi/20230413exp_20230427AgRiLINE1Cy3/Image 5.czi,aged_treated_RhoAi,2.2594304798974,399189089,13.1274614334106,255,0,20230413exp_20230427AgRiLINE1Cy3,2023,12,Microscopist 1,HSC,unknown
1109,0.318961700873866,0.0131788225549815,0.0131788225549815,32,1024,1024,2,../data/raw_data/aged_treated_RhoAi/20230413exp_20230427AgRiLINE1Cy3/Image 6.czi,aged_treated_RhoAi,2.21749138906632,378562220,11.2820333242416,255,0,20230413exp_20230427AgRiLINE1Cy3,2023,12,Microscopist 1,HSC,unknown
1110,0.318961700873866,0.0131788225549815,0.0131788225549815,24,1024,1024,2,../data/raw_data/aged_treated_RhoAi/20230413exp_20230427AgRiLINE1Cy3/Image 7.czi,aged_treated_RhoAi,2.38749283653564,365389543,14.5192759434382,255,0,20230413exp_20230427AgRiLINE1Cy3,2023,12,Microscopist 1,HSC,unknown
1111,0.318961700873866,0.0131788225549815,0.0131788225549815,28,1024,1024,2,../data/raw_data/aged_treated_RhoAi/20230413exp_20230427AgRiLINE1Cy3/Image 8.czi,aged_treated_RhoAi,2.24107467839197,361226851,12.3033132212503,255,0,20230413exp_20230427AgRiLINE1Cy3,2023,12,Microscopist 1,HSC,unknown
1112,0.318961700873866,0.0131788225549815,0.0131788225549815,28,1024,1024,2,../data/raw_data/aged_treated_RhoAi/20230413exp_20230427AgRiLINE1Cy3/Image 9.czi,aged_treated_RhoAi,2.08879877637284,332781476,11.3344695227487,255,0,20230413exp_20230427AgRiLINE1Cy3,2023,12,Microscopist 1,HSC,unknown
1113,0.318961700873866,0.0131788225549815,0.0131788225549815,23,1024,1024,2,../data/raw_data/aged_treated_RhoAi/20230413exp_20230505AgRiLINE1Cy3/Image 16.czi,aged_treated_RhoAi,2.78579279217009,393645759,16.3221673965454,255,0,20230413exp_20230505AgRiLINE1Cy3,2023,4,Microscopist 1,HSC,unknown
1114,0.318961700873866,0.0131788225549815,0.0131788225549815,23,1024,1024,2,../data/raw_data/aged_treated_RhoAi/20230413exp_20230505AgRiLINE1Cy3/Image 17.czi,aged_treated_RhoAi,2.82317383918785,391182709,16.2200392432835,255,0,20230413exp_20230505AgRiLINE1Cy3,2023,4,Microscopist 1,HSC,unknown
1115,0.318961700873866,0.0131788225549815,0.0131788225549815,22,1024,1024,2,../data/raw_data/aged_treated_RhoAi/20230413exp_20230505AgRiLINE1Cy3/Image 18.czi,aged_treated_RhoAi,2.92326373928816,407855703,17.6800685795871,255,0,20230413exp_20230505AgRiLINE1Cy3,2023,4,Microscopist 1,HSC,unknown
1116,0.318961700873866,0.0131788225549815,0.0131788225549815,23,1024,1024,2,../data/raw_data/aged_treated_RhoAi/20230413exp_20230505AgRiLINE1Cy3/Image 19.czi,aged_treated_RhoAi,2.69393540873963,382032268,15.8406244360882,255,0,20230413exp_20230505AgRiLINE1Cy3,2023,4,Microscopist 1,HSC,unknown
1117,0.4,0.0131788225549815,0.0131788225549815,20,1024,1024,2,../data/raw_data/aged_treated_RhoAi/20201119expAg+RiH3K9AF488/Image 37.czi,aged_treated_RhoAi,1.77128753525039,89423114,4.26402635574341,203,0,20201119expAg+RiH3K9AF488,2020,10,Microscopist 1,HSC,unknown
1118,0.4,0.0131788225549815,0.0131788225549815,19,1024,1024,2,../data/raw_data/aged_treated_RhoAi/20201119expAg+RiH3K9AF488/Image 38.czi,aged_treated_RhoAi,1.66892992583064,92433940,4.63957234432823,244,0,20201119expAg+RiH3K9AF488,2020,10,Microscopist 1,HSC,unknown
1119,0.4,0.0131788225549815,0.0131788225549815,19,1024,1024,2,../data/raw_data/aged_treated_RhoAi/20201119expAg+RiH3K9AF488/Image 39.czi,aged_treated_RhoAi,1.57247531063522,77710443,3.90055018977115,218,0,20201119expAg+RiH3K9AF488,2020,10,Microscopist 1,HSC,unknown
1120,0.4,0.0131788225549815,0.0131788225549815,18,1024,1024,2,../data/raw_data/aged_treated_RhoAi/20201119expAg+RiH3K9AF488/Image 42.czi,aged_treated_RhoAi,1.70530377563945,73602112,3.89958021375868,182,0,20201119expAg+RiH3K9AF488,2020,10,Microscopist 1,HSC,unknown
1121,0.4,0.0131788225549815,0.0131788225549815,20,1024,1024,2,../data/raw_data/aged_treated_RhoAi/20201119expAg+RiH3K9AF488/Image 43.czi,aged_treated_RhoAi,1.62480756398063,77058135,3.67441821098328,231,0,20201119expAg+RiH3K9AF488,2020,10,Microscopist 1,HSC,unknown
1122,0.4,0.0131788225549815,0.0131788225549815,19,1024,1024,2,../data/raw_data/aged_treated_RhoAi/20201119expAg+RiH3K9AF488/Image 44.czi,aged_treated_RhoAi,1.53398000293356,76670045,3.84832909232692,201,0,20201119expAg+RiH3K9AF488,2020,10,Microscopist 1,HSC,unknown
1123,0.4,0.0131788225549815,0.0131788225549815,18,1024,1024,2,../data/raw_data/aged_treated_RhoAi/20201119expAg+RiH3K9AF488/Image 45.czi,aged_treated_RhoAi,1.67082069399638,78625848,4.16574732462565,219,0,20201119expAg+RiH3K9AF488,2020,10,Microscopist 1,HSC,unknown
1124,0.4,0.0131788225549815,0.0131788225549815,20,1024,1024,2,../data/raw_data/aged_treated_RhoAi/20201119expAg+RiH3K9AF488/Image 46.czi,aged_treated_RhoAi,1.60168565410921,80384513,3.83303227424622,221,0,20201119expAg+RiH3K9AF488,2020,10,Microscopist 1,HSC,unknown
1125,0.4,0.0131788225549815,0.0131788225549815,19,1024,1024,2,../data/raw_data/aged_treated_RhoAi/20201119expAg+RiH3K9AF488/Image 47.czi,aged_treated_RhoAi,1.77874354443839,82701707,4.15107862572921,223,0,20201119expAg+RiH3K9AF488,2020,10,Microscopist 1,HSC,unknown
1126,0.4,0.0131788225549815,0.0131788225549815,19,1024,1024,2,../data/raw_data/aged_treated_RhoAi/20201119expAg+RiH3K9AF488/Image 48.czi,aged_treated_RhoAi,1.54855426810752,80895535,4.06042073902331,207,0,20201119expAg+RiH3K9AF488,2020,10,Microscopist 1,HSC,unknown
1127,0.4,0.0131788225549815,0.0131788225549815,20,1024,1024,2,../data/raw_data/aged_treated_RhoAi/20201218expAg1+Ri H3K9me2AF488/Image 24.czi,aged_treated_RhoAi,3.58709699867892,273974375,13.0641162395477,255,0,20201218expAg1+Ri H3K9me2AF488,2020,5,Microscopist 1,HSC,unknown
1128,0.4,0.0131788225549815,0.0131788225549815,20,1024,1024,2,../data/raw_data/aged_treated_RhoAi/20201218expAg1+Ri H3K9me2AF488/Image 26.czi,aged_treated_RhoAi,3.73506817178627,264092102,12.592892742157,255,0,20201218expAg1+Ri H3K9me2AF488,2020,5,Microscopist 1,HSC,unknown
1129,0.4,0.0131788225549815,0.0131788225549815,21,1024,1024,2,../data/raw_data/aged_treated_RhoAi/20201218expAg1+Ri H3K9me2AF488/Image 27.czi,aged_treated_RhoAi,3.32517635465306,259293906,11.7753304072789,255,0,20201218expAg1+Ri H3K9me2AF488,2020,5,Microscopist 1,HSC,unknown
1130,0.4,0.0131788225549815,0.0131788225549815,23,1024,1024,2,../data/raw_data/aged_treated_RhoAi/20201218expAg1+Ri H3K9me2AF488/Image 28.czi,aged_treated_RhoAi,3.26608016130096,265178782,10.9953997238823,255,0,20201218expAg1+Ri H3K9me2AF488,2020,5,Microscopist 1,HSC,unknown
1131,0.4,0.0131788225549815,0.0131788225549815,23,1024,1024,2,../data/raw_data/aged_treated_RhoAi/20201218expAg1+Ri H3K9me2AF488/Image 29.czi,aged_treated_RhoAi,3.32017955655996,267143106,11.0768486520518,255,0,20201218expAg1+Ri H3K9me2AF488,2020,5,Microscopist 1,HSC,unknown
1132,0.4,0.0131788225549815,0.0131788225549815,19,1024,1024,2,../data/raw_data/aged_treated_RhoAi/20201218expAg1+RiH3K9me2_2/Image 31.czi,aged_treated_RhoAi,2.12993873454764,183477025,9.20933296805934,255,0,20201218expAg1+RiH3K9me2_2,2020,7,Microscopist 1,HSC,unknown
1133,0.4,0.0131788225549815,0.0131788225549815,22,1024,1024,2,../data/raw_data/aged_treated_RhoAi/20201218expAg1+RiH3K9me2_2/Image 32.czi,aged_treated_RhoAi,2.42031583974008,212493596,9.21134931390936,255,0,20201218expAg1+RiH3K9me2_2,2020,7,Microscopist 1,HSC,unknown
1134,0.4,0.0131788225549815,0.0131788225549815,19,1024,1024,1,../data/raw_data/aged_treated_RhoAi/20201218expAg1+RiH3K9me2_2/Image 33.czi,aged_treated_RhoAi,0.870838812724128,18737552,0.940501162880345,235,0,20201218expAg1+RiH3K9me2_2,2020,7,Microscopist 1,HSC,unknown
1135,0.4,0.0131788225549815,0.0131788225549815,19,1024,1024,2,../data/raw_data/aged_treated_RhoAi/20201218expAg1+RiH3K9me2_2/Image 34.czi,aged_treated_RhoAi,1.64660714861549,102109485,5.12522070031417,251,0,20201218expAg1+RiH3K9me2_2,2020,7,Microscopist 1,HSC,unknown
1136,0.368961137123203,0.0131788225549815,0.0131788225549815,20,1024,1024,3,../data/raw_data/aged_treated_RhoAi/20240118exp_20240124_Ag1RiH3K9me2488PLA2cy3/Image 33.czi,aged_treated_RhoAi,1.68304281155038,238129803,11.354913854599,255,0,20240118exp_20240124_Ag1RiH3K9me2488PLA2cy3,2024,13,Microscopist 1,HSC,unknown
1137,0.368961137123203,0.0131788225549815,0.0131788225549815,20,1024,1024,3,../data/raw_data/aged_treated_RhoAi/20240118exp_20240124_Ag1RiH3K9me2488PLA2cy3/Image 34.czi,aged_treated_RhoAi,1.74299995068483,233583728,11.1381401062012,255,0,20240118exp_20240124_Ag1RiH3K9me2488PLA2cy3,2024,13,Microscopist 1,HSC,unknown
1138,0.368961137123203,0.0131788225549815,0.0131788225549815,23,1024,1024,3,../data/raw_data/aged_treated_RhoAi/20240118exp_20240124_Ag1RiH3K9me2488PLA2cy3/Image 36.czi,aged_treated_RhoAi,1.59416783179512,251330227,10.4211818446284,255,0,20240118exp_20240124_Ag1RiH3K9me2488PLA2cy3,2024,13,Microscopist 1,HSC,unknown
1139,0.368961137123203,0.0131788225549815,0.0131788225549815,25,1024,1024,3,../data/raw_data/aged_treated_RhoAi/20240118exp_20240124_Ag1RiH3K9me2488PLA2cy3/Image 37.czi,aged_treated_RhoAi,2.00210706763651,510816243,19.4860932540894,255,0,20240118exp_20240124_Ag1RiH3K9me2488PLA2cy3,2024,13,Microscopist 1,HSC,unknown
1140,0.368961137123203,0.0131788225549815,0.0131788225549815,22,1024,1024,3,../data/raw_data/aged_treated_RhoAi/20240118exp_20240124_Ag1RiH3K9me2488PLA2cy3/Image 38.czi,aged_treated_RhoAi,1.73376023680603,249502782,10.8156543211503,255,0,20240118exp_20240124_Ag1RiH3K9me2488PLA2cy3,2024,13,Microscopist 1,HSC,unknown
1141,0.368961137123203,0.0131788225549815,0.0131788225549815,20,1024,1024,3,../data/raw_data/aged_treated_RhoAi/20240118exp_20240124_Ag1RiH3K9me2488PLA2cy3/Image 39.czi,aged_treated_RhoAi,1.86440543079134,238709926,11.3825762748718,255,0,20240118exp_20240124_Ag1RiH3K9me2488PLA2cy3,2024,13,Microscopist 1,HSC,unknown
1142,0.368961137123203,0.0131788225549815,0.0131788225549815,21,1024,1024,3,../data/raw_data/aged_treated_RhoAi/20240118exp_20240124_Ag1RiH3K9me2488PLA2cy3/Image 40.czi,aged_treated_RhoAi,1.64064234126508,248619859,11.2905892417544,255,0,20240118exp_20240124_Ag1RiH3K9me2488PLA2cy3,2024,13,Microscopist 1,HSC,unknown
1143,0.368961137123203,0.0131788225549815,0.0131788225549815,21,1024,1024,3,../data/raw_data/aged_treated_RhoAi/20240118exp_20240124_Ag1RiH3K9me2488PLA2cy3/Image 41.czi,aged_treated_RhoAi,1.71431279979114,245155193,11.1332481475103,255,0,20240118exp_20240124_Ag1RiH3K9me2488PLA2cy3,2024,13,Microscopist 1,HSC,unknown
1144,0.368961137123203,0.0131788225549815,0.0131788225549815,23,1024,1024,3,../data/raw_data/aged_treated_RhoAi/20240118exp_20240124_Ag1RiH3K9me2488PLA2cy3/Image 42.czi,aged_treated_RhoAi,1.65435566065668,248221078,10.2922637773597,255,0,20240118exp_20240124_Ag1RiH3K9me2488PLA2cy3,2024,13,Microscopist 1,HSC,unknown
1145,0.368961137123203,0.0131788225549815,0.0131788225549815,22,1024,1024,3,../data/raw_data/aged_treated_RhoAi/20240118exp_20240124_Ag1RiH3K9me2488PLA2cy3/Image 43.czi,aged_treated_RhoAi,1.75476068878461,250625099,10.864305452867,255,0,20240118exp_20240124_Ag1RiH3K9me2488PLA2cy3,2024,13,Microscopist 1,HSC,unknown
1146,0.368961137123203,0.0131788225549815,0.0131788225549815,19,1024,1024,3,../data/raw_data/aged_treated_RhoAi/20240118exp_20240124_Ag1RiH3K9me2488PLA2cy3/Image 44.czi,aged_treated_RhoAi,1.79354849933946,266580128,13.3805590177837,255,0,20240118exp_20240124_Ag1RiH3K9me2488PLA2cy3,2024,13,Microscopist 1,HSC,unknown
1147,0.368961137123203,0.0131788225549815,0.0131788225549815,25,1024,1024,3,../data/raw_data/aged_treated_RhoAi/20240118exp_20240124_Ag1RiH3K9me2488PLA2cy3/Image 45.czi,aged_treated_RhoAi,1.87639685861823,436166419,16.6384284591675,255,0,20240118exp_20240124_Ag1RiH3K9me2488PLA2cy3,2024,13,Microscopist 1,HSC,unknown
1148,0.368961137123203,0.0131788225549815,0.0131788225549815,21,1024,1024,3,../data/raw_data/aged_treated_RhoAi/20240118exp_20240124_Ag1RiH3K9me2488PLA2cy3/Image 46.czi,aged_treated_RhoAi,1.79825279457937,300818104,13.6610714140392,255,0,20240118exp_20240124_Ag1RiH3K9me2488PLA2cy3,2024,13,Microscopist 1,HSC,unknown
1149,0.368961137123203,0.0131788225549815,0.0131788225549815,20,1024,1024,3,../data/raw_data/aged_treated_RhoAi/20240118exp_20240126_Ag2RiH3K9me2488PLA2cy3/Image 70.czi,aged_treated_RhoAi,1.60874209696908,135939824,6.4821159362793,251,0,20240118exp_20240126_Ag2RiH3K9me2488PLA2cy3,2024,14,Microscopist 1,HSC,unknown
1150,0.368961137123203,0.0131788225549815,0.0131788225549815,21,1024,1024,3,../data/raw_data/aged_treated_RhoAi/20240118exp_20240126_Ag2RiH3K9me2488PLA2cy3/Image 71.czi,aged_treated_RhoAi,1.50873663516929,135444281,6.15093962351481,250,0,20240118exp_20240126_Ag2RiH3K9me2488PLA2cy3,2024,14,Microscopist 1,HSC,unknown
1151,0.368961137123203,0.0131788225549815,0.0131788225549815,18,1024,1024,3,../data/raw_data/aged_treated_RhoAi/20240118exp_20240126_Ag2RiH3K9me2488PLA2cy3/Image 72.czi,aged_treated_RhoAi,1.59778049152557,126352154,6.69437800513374,250,0,20240118exp_20240126_Ag2RiH3K9me2488PLA2cy3,2024,14,Microscopist 1,HSC,unknown
1152,0.368961137123203,0.0131788225549815,0.0131788225549815,20,1024,1024,3,../data/raw_data/aged_treated_RhoAi/20240118exp_20240126_Ag2RiH3K9me2488PLA2cy3/Image 73.czi,aged_treated_RhoAi,1.53679353000773,126504968,6.03222694396973,244,0,20240118exp_20240126_Ag2RiH3K9me2488PLA2cy3,2024,14,Microscopist 1,HSC,unknown
1153,0.368961137123203,0.0131788225549815,0.0131788225549815,23,1024,1024,3,../data/raw_data/aged_treated_RhoAi/20240118exp_20240126_Ag2RiH3K9me2488PLA2cy3/Image 74.czi,aged_treated_RhoAi,1.42863998983861,148788960,6.16940042246943,255,0,20240118exp_20240126_Ag2RiH3K9me2488PLA2cy3,2024,14,Microscopist 1,HSC,unknown
1154,0.368961137123203,0.0131788225549815,0.0131788225549815,21,1024,1024,3,../data/raw_data/aged_treated_RhoAi/20240118exp_20240126_Ag2RiH3K9me2488PLA2cy3/Image 75.czi,aged_treated_RhoAi,1.45629731834892,164160590,7.4550351642427,255,0,20240118exp_20240126_Ag2RiH3K9me2488PLA2cy3,2024,14,Microscopist 1,HSC,unknown
1155,0.368961137123203,0.0131788225549815,0.0131788225549815,25,1024,1024,3,../data/raw_data/aged_treated_RhoAi/20240118exp_20240126_Ag2RiH3K9me2488PLA2cy3/Image 76.czi,aged_treated_RhoAi,1.48624498135311,154093741,5.87820972442627,255,0,20240118exp_20240126_Ag2RiH3K9me2488PLA2cy3,2024,14,Microscopist 1,HSC,unknown
1156,0.368961137123203,0.0131788225549815,0.0131788225549815,23,1024,1024,3,../data/raw_data/aged_treated_RhoAi/20240118exp_20240126_Ag2RiH3K9me2488PLA2cy3/Image 77.czi,aged_treated_RhoAi,1.50638448754933,156419177,6.48578050862188,255,0,20240118exp_20240126_Ag2RiH3K9me2488PLA2cy3,2024,14,Microscopist 1,HSC,unknown
1157,0.368961137123203,0.0131788225549815,0.0131788225549815,20,1024,1024,3,../data/raw_data/aged_treated_RhoAi/20240118exp_20240126_Ag2RiH3K9me2488PLA2cy3/Image 79.czi,aged_treated_RhoAi,1.74770424592474,148084394,7.06121416091919,255,0,20240118exp_20240126_Ag2RiH3K9me2488PLA2cy3,2024,14,Microscopist 1,HSC,unknown
1158,0.368961137123203,0.0131788225549815,0.0131788225549815,24,1024,1024,3,../data/raw_data/aged_treated_RhoAi/20240118exp_20240126_Ag2RiH3K9me2488PLA2cy3/Image 80.czi,aged_treated_RhoAi,1.55842423804156,153845737,6.11328033606211,255,0,20240118exp_20240126_Ag2RiH3K9me2488PLA2cy3,2024,14,Microscopist 1,HSC,unknown
1159,0.368961137123203,0.0131788225549815,0.0131788225549815,20,1024,1024,3,../data/raw_data/aged_treated_RhoAi/20240118exp_20240126_Ag2RiH3K9me2488PLA2cy3/Image 81.czi,aged_treated_RhoAi,1.60615925962201,147726487,7.04414782524109,255,0,20240118exp_20240126_Ag2RiH3K9me2488PLA2cy3,2024,14,Microscopist 1,HSC,unknown
1160,0.368961137123203,0.0131788225549815,0.0131788225549815,20,1024,1024,3,../data/raw_data/aged_treated_RhoAi/20240118exp_20240126_Ag2RiH3K9me2488PLA2cy3/Image 82.czi,aged_treated_RhoAi,1.67810782658336,162691104,7.75771636962891,255,0,20240118exp_20240126_Ag2RiH3K9me2488PLA2cy3,2024,14,Microscopist 1,HSC,unknown
1161,0.368961137123203,0.0131788225549815,0.0131788225549815,23,1024,1024,3,../data/raw_data/aged_treated_RhoAi/20240118exp_20240126_Ag2RiH3K9me2488PLA2cy3/Image 83.czi,aged_treated_RhoAi,1.58946353655521,206900436,8.57894051593283,255,0,20240118exp_20240126_Ag2RiH3K9me2488PLA2cy3,2024,14,Microscopist 1,HSC,unknown
1162,0.368961137123203,0.0131788225549815,0.0131788225549815,24,1024,1024,3,../data/raw_data/aged_treated_RhoAi/20240118exp_20240126_Ag2RiH3K9me2488PLA2cy3/Image 84.czi,aged_treated_RhoAi,1.68688616100793,192089776,7.63296190897624,255,0,20240118exp_20240126_Ag2RiH3K9me2488PLA2cy3,2024,14,Microscopist 1,HSC,unknown
1163,0.368961137123203,0.0131788225549815,0.0131788225549815,24,1024,1024,3,../data/raw_data/aged_treated_RhoAi/20240402exp_20240404Ag1RiH3K9me2488PPLA2/Image 36.czi,aged_treated_RhoAi,1.40684040520376,73638081,2.92611443996429,141,0,20240402exp_20240404Ag1RiH3K9me2488PPLA2,2024,15,Microscopist 1,HSC,unknown
1164,0.368961137123203,0.0131788225549815,0.0131788225549815,20,1024,1024,3,../data/raw_data/aged_treated_RhoAi/20240402exp_20240404Ag1RiH3K9me2488PPLA2/Image 37.czi,aged_treated_RhoAi,1.57167617797894,111605430,5.32176160812378,239,0,20240402exp_20240404Ag1RiH3K9me2488PPLA2,2024,15,Microscopist 1,HSC,unknown
1165,0.368961137123203,0.0131788225549815,0.0131788225549815,23,1024,1024,3,../data/raw_data/aged_treated_RhoAi/20240402exp_20240404Ag1RiH3K9me2488PPLA2/Image 38.czi,aged_treated_RhoAi,1.55435019885689,122313078,5.07160178474758,245,0,20240402exp_20240404Ag1RiH3K9me2488PPLA2,2024,15,Microscopist 1,HSC,unknown
1166,0.368961137123203,0.0131788225549815,0.0131788225549815,22,1024,1024,3,../data/raw_data/aged_treated_RhoAi/20240402exp_20240404Ag1RiH3K9me2488PPLA2/Image 39.czi,aged_treated_RhoAi,1.67919946209282,123280216,5.34405344182795,245,0,20240402exp_20240404Ag1RiH3K9me2488PPLA2,2024,15,Microscopist 1,HSC,unknown
1167,0.368961137123203,0.0131788225549815,0.0131788225549815,27,1024,1024,3,../data/raw_data/aged_treated_RhoAi/20240402exp_20240404Ag1RiH3K9me2488PPLA2/Image 40.czi,aged_treated_RhoAi,1.56634162668378,106553657,3.76361059259485,187,0,20240402exp_20240404Ag1RiH3K9me2488PPLA2,2024,15,Microscopist 1,HSC,unknown
1168,0.368961137123203,0.0131788225549815,0.0131788225549815,21,1024,1024,3,../data/raw_data/aged_treated_RhoAi/20240402exp_20240404Ag1RiH3K9me2488PPLA2/Image 41.czi,aged_treated_RhoAi,1.56352809960961,138780862,6.30246398562477,255,0,20240402exp_20240404Ag1RiH3K9me2488PPLA2,2024,15,Microscopist 1,HSC,unknown
1169,0.368961137123203,0.0131788225549815,0.0131788225549815,23,1024,1024,3,../data/raw_data/aged_treated_RhoAi/20240402exp_20240404Ag1RiH3K9me2488PPLA2/Image 42.czi,aged_treated_RhoAi,1.25009089767182,115311297,4.781279232191,224,0,20240402exp_20240404Ag1RiH3K9me2488PPLA2,2024,15,Microscopist 1,HSC,unknown
1170,0.368961137123203,0.0131788225549815,0.0131788225549815,23,1024,1024,3,../data/raw_data/aged_treated_RhoAi/20240402exp_20240404Ag1RiH3K9me2488PPLA2/Image 43.czi,aged_treated_RhoAi,1.26999971414094,111958247,4.64224802929422,229,0,20240402exp_20240404Ag1RiH3K9me2488PPLA2,2024,15,Microscopist 1,HSC,unknown
1171,0.368961137123203,0.0131788225549815,0.0131788225549815,25,1024,1024,3,../data/raw_data/aged_treated_RhoAi/20240402exp_20240404Ag1RiH3K9me2488PPLA2/Image 44.czi,aged_treated_RhoAi,1.26632524128441,112297334,4.28380332946777,227,0,20240402exp_20240404Ag1RiH3K9me2488PPLA2,2024,15,Microscopist 1,HSC,unknown
1172,0.368961137123203,0.0131788225549815,0.0131788225549815,24,1024,1024,3,../data/raw_data/aged_treated_RhoAi/20240402exp_20240404Ag1RiH3K9me2488PPLA2/Image 45.czi,aged_treated_RhoAi,1.37212663383358,113190577,4.497789422671,212,0,20240402exp_20240404Ag1RiH3K9me2488PPLA2,2024,15,Microscopist 1,HSC,unknown
1173,0.368961137123203,0.0131788225549815,0.0131788225549815,22,1024,1024,3,../data/raw_data/aged_treated_RhoAi/20240402exp_20240404Ag1RiH3K9me2488PPLA2/Image 46.czi,aged_treated_RhoAi,1.47574475536382,115813083,5.02036194367842,230,0,20240402exp_20240404Ag1RiH3K9me2488PPLA2,2024,15,Microscopist 1,HSC,unknown
1174,0.368961137123203,0.0131788225549815,0.0131788225549815,22,1024,1024,3,../data/raw_data/aged_treated_RhoAi/20240402exp_20240404Ag1RiH3K9me2488PPLA2/Image 47.czi,aged_treated_RhoAi,1.50936689122453,118856678,5.15229823372581,230,0,20240402exp_20240404Ag1RiH3K9me2488PPLA2,2024,15,Microscopist 1,HSC,unknown
1175,0.368961137123203,0.0131788225549815,0.0131788225549815,25,1024,1024,3,../data/raw_data/aged_treated_RhoAi/20240402exp_20240404Ag1RiH3K9me2488PPLA2/Image 48.czi,aged_treated_RhoAi,1.39117450452034,119832624,4.57125183105469,230,0,20240402exp_20240404Ag1RiH3K9me2488PPLA2,2024,15,Microscopist 1,HSC,unknown
1176,0.368961137123203,0.0131788225549815,0.0131788225549815,22,1024,1024,3,../data/raw_data/aged_treated_RhoAi/20240402exp_20240404Ag1RiH3K9me2488PPLA2/Image 49.czi,aged_treated_RhoAi,1.46421470699114,116944950,5.06942705674605,240,0,20240402exp_20240404Ag1RiH3K9me2488PPLA2,2024,15,Microscopist 1,HSC,unknown
1177,0.368961137123203,0.0131788225549815,0.0131788225549815,24,1024,1024,3,../data/raw_data/aged_treated_RhoAi/20240402exp_20240404Ag1RiH3K9me2488PPLA2/Image 50.czi,aged_treated_RhoAi,1.48796687291782,120939342,4.80569767951965,232,0,20240402exp_20240404Ag1RiH3K9me2488PPLA2,2024,15,Microscopist 1,HSC,unknown
1178,0.368961137123203,0.0131788225549815,0.0131788225549815,24,1024,1024,3,../data/raw_data/aged_treated_RhoAi/20240402exp_20240407Ag2RiH3K9me2488PPLA2/Image 28.czi,aged_treated_RhoAi,1.64855972990731,153803334,6.11159539222717,255,0,20240402exp_20240407Ag2RiH3K9me2488PPLA2,2024,12,Microscopist 1,HSC,unknown
1179,0.368961137123203,0.0131788225549815,0.0131788225549815,22,1024,1024,3,../data/raw_data/aged_treated_RhoAi/20240402exp_20240407Ag2RiH3K9me2488PPLA2/Image 29.czi,aged_treated_RhoAi,1.61172450064428,147753976,6.40496236627752,255,0,20240402exp_20240407Ag2RiH3K9me2488PPLA2,2024,12,Microscopist 1,HSC,unknown
1180,0.368961137123203,0.0131788225549815,0.0131788225549815,24,1024,1024,3,../data/raw_data/aged_treated_RhoAi/20240402exp_20240407Ag2RiH3K9me2488PPLA2/Image 30.czi,aged_treated_RhoAi,1.61775112112077,142446921,5.66033208370209,246,0,20240402exp_20240407Ag2RiH3K9me2488PPLA2,2024,12,Microscopist 1,HSC,unknown
1181,0.368961137123203,0.0131788225549815,0.0131788225549815,22,1024,1024,3,../data/raw_data/aged_treated_RhoAi/20240402exp_20240407Ag2RiH3K9me2488PPLA2/Image 31.czi,aged_treated_RhoAi,1.67012862481505,142371688,6.17164646495472,243,0,20240402exp_20240407Ag2RiH3K9me2488PPLA2,2024,12,Microscopist 1,HSC,unknown
1182,0.368961137123203,0.0131788225549815,0.0131788225549815,24,1024,1024,3,../data/raw_data/aged_treated_RhoAi/20240402exp_20240407Ag2RiH3K9me2488PPLA2/Image 32.czi,aged_treated_RhoAi,1.59887212703503,137826315,5.4767256975174,244,0,20240402exp_20240407Ag2RiH3K9me2488PPLA2,2024,12,Microscopist 1,HSC,unknown
1183,0.368961137123203,0.0131788225549815,0.0131788225549815,24,1024,1024,3,../data/raw_data/aged_treated_RhoAi/20240402exp_20240407Ag2RiH3K9me2488PPLA2/Image 33.czi,aged_treated_RhoAi,1.56398947906383,135270647,5.37517257531484,245,0,20240402exp_20240407Ag2RiH3K9me2488PPLA2,2024,12,Microscopist 1,HSC,unknown
1184,0.368961137123203,0.0131788225549815,0.0131788225549815,24,1024,1024,3,../data/raw_data/aged_treated_RhoAi/20240402exp_20240407Ag2RiH3K9me2488PPLA2/Image 34.czi,aged_treated_RhoAi,1.62951185922055,133140799,5.29054001967112,224,0,20240402exp_20240407Ag2RiH3K9me2488PPLA2,2024,12,Microscopist 1,HSC,unknown
1185,0.368961137123203,0.0131788225549815,0.0131788225549815,23,1024,1024,3,../data/raw_data/aged_treated_RhoAi/20240402exp_20240407Ag2RiH3K9me2488PPLA2/Image 35.czi,aged_treated_RhoAi,1.54855426810752,134552314,5.57909069890561,240,0,20240402exp_20240407Ag2RiH3K9me2488PPLA2,2024,12,Microscopist 1,HSC,unknown
1186,0.368961137123203,0.0131788225549815,0.0131788225549815,26,1024,1024,3,../data/raw_data/aged_treated_RhoAi/20240402exp_20240407Ag2RiH3K9me2488PPLA2/Image 36.czi,aged_treated_RhoAi,1.65693849800375,157622250,5.78154967381404,232,0,20240402exp_20240407Ag2RiH3K9me2488PPLA2,2024,12,Microscopist 1,HSC,unknown
1187,0.368961137123203,0.0131788225549815,0.0131788225549815,22,1024,1024,3,../data/raw_data/aged_treated_RhoAi/20240402exp_20240407Ag2RiH3K9me2488PPLA2/Image 37.czi,aged_treated_RhoAi,1.5725371237613,131204268,5.68755184520375,250,0,20240402exp_20240407Ag2RiH3K9me2488PPLA2,2024,12,Microscopist 1,HSC,unknown
1188,0.368961137123203,0.0131788225549815,0.0131788225549815,21,1024,1024,3,../data/raw_data/aged_treated_RhoAi/20240402exp_20240407Ag2RiH3K9me2488PPLA2/Image 39.czi,aged_treated_RhoAi,1.52973708714786,127513740,5.79078946794782,227,0,20240402exp_20240407Ag2RiH3K9me2488PPLA2,2024,12,Microscopist 1,HSC,unknown
1189,0.368961137123203,0.0131788225549815,0.0131788225549815,24,1024,1024,3,../data/raw_data/aged_treated_RhoAi/20240402exp_20240407Ag2RiH3K9me2488PPLA2/Image 40.czi,aged_treated_RhoAi,1.62543782003588,104268594,4.14326167106628,179,0,20240402exp_20240407Ag2RiH3K9me2488PPLA2,2024,12,Microscopist 1,HSC,unknown
1190,0.2,0.0131530567956349,0.0131530567956349,48,1024,1024,1,../data/raw_data/aged_treated_RhoAi/01FABlRHOAi/FABl6RHOAi-01.czi,aged_treated_RhoAi,3.37509464725244,854175339,16.970939218998,255,0,01FABlRHOAi,2024,50,Microscopist 2,HSC,F
1191,0.2,0.0131530567956349,0.0131530567956349,45,1024,1024,1,../data/raw_data/aged_treated_RhoAi/01FABlRHOAi/FABl6RHOAi-02.czi,aged_treated_RhoAi,3.44067884053524,789981497,16.7418903138902,255,0,01FABlRHOAi,2024,50,Microscopist 2,HSC,F
1192,0.2,0.0131530567956349,0.0131530567956349,41,1024,1024,1,../data/raw_data/aged_treated_RhoAi/01FABlRHOAi/FABl6RHOAi-03.czi,aged_treated_RhoAi,3.48404732007784,738826722,17.1853675377078,255,0,01FABlRHOAi,2024,50,Microscopist 2,HSC,F
1193,0.2,0.0131530567956349,0.0131530567956349,44,1024,1024,1,../data/raw_data/aged_treated_RhoAi/01FABlRHOAi/FABl6RHOAi-04.czi,aged_treated_RhoAi,3.49494711239527,733913070,15.9071373939514,255,0,01FABlRHOAi,2024,50,Microscopist 2,HSC,F
1194,0.2,0.0131530567956349,0.0131530567956349,43,1024,1024,1,../data/raw_data/aged_treated_RhoAi/01FABlRHOAi/FABl6RHOAi-05.czi,aged_treated_RhoAi,3.51468705226335,621957168,13.7940599308457,255,0,01FABlRHOAi,2024,50,Microscopist 2,HSC,F
1195,0.2,0.0131530567956349,0.0131530567956349,44,1024,1024,1,../data/raw_data/aged_treated_RhoAi/01FABlRHOAi/FABl6RHOAi-06.czi,aged_treated_RhoAi,3.60230151990812,615344349,13.3372295769778,253,0,01FABlRHOAi,2024,50,Microscopist 2,HSC,F
1196,0.2,0.0131530567956349,0.0131530567956349,41,1024,1024,1,../data/raw_data/aged_treated_RhoAi/01FABlRHOAi/FABl6RHOAi-07.czi,aged_treated_RhoAi,3.46665952782971,607000835,14.1190513750402,255,0,01FABlRHOAi,2024,50,Microscopist 2,HSC,F
1197,0.2,0.0131530567956349,0.0131530567956349,44,1024,1024,1,../data/raw_data/aged_treated_RhoAi/01FABlRHOAi/FABl6RHOAi-08.czi,aged_treated_RhoAi,3.5407295526839,606726438,13.1504413864829,254,0,01FABlRHOAi,2024,50,Microscopist 2,HSC,F
1198,0.2,0.0131530567956349,0.0131530567956349,43,1024,1024,1,../data/raw_data/aged_treated_RhoAi/01FABlRHOAi/FABl6RHOAi-09.czi,aged_treated_RhoAi,3.3485289542516,605964102,13.4393581567809,255,0,01FABlRHOAi,2024,50,Microscopist 2,HSC,F
1199,0.2,0.0131530567956349,0.0131530567956349,45,1024,1024,1,../data/raw_data/aged_treated_RhoAi/01FABlRHOAi/FABl6RHOAi-10.czi,aged_treated_RhoAi,3.55857872438625,658145010,13.9479109446208,255,0,01FABlRHOAi,2024,50,Microscopist 2,HSC,F
1200,0.2,0.0131530567956349,0.0131530567956349,41,1024,1024,1,../data/raw_data/aged_treated_RhoAi/01FABlRHOAi/FABl6RHOAi-11.czi,aged_treated_RhoAi,3.41686486148249,536114909,12.4702199842872,239,0,01FABlRHOAi,2024,50,Microscopist 2,HSC,F
1201,0.2,0.0131530567956349,0.0131530567956349,44,1024,1024,1,../data/raw_data/aged_treated_RhoAi/01FABlRHOAi/FABl6RHOAi-12.czi,aged_treated_RhoAi,3.40166034025329,607398036,13.1649978811091,255,0,01FABlRHOAi,2024,50,Microscopist 2,HSC,F
1202,0.2,0.0131530567956349,0.0131530567956349,48,1024,1024,1,../data/raw_data/aged_treated_RhoAi/01FABlRHOAi/FABl6RHOAi-13.czi,aged_treated_RhoAi,3.64957516203435,692608249,13.7608895500501,255,0,01FABlRHOAi,2024,50,Microscopist 2,HSC,F
1203,0.2,0.0131530567956349,0.0131530567956349,41,1024,1024,1,../data/raw_data/aged_treated_RhoAi/01FABlRHOAi/FABl6RHOAi-14.czi,aged_treated_RhoAi,3.54337420315705,639852781,14.8831991102637,255,0,01FABlRHOAi,2024,50,Microscopist 2,HSC,F
1204,0.2,0.0131530567956349,0.0131530567956349,41,1024,1024,1,../data/raw_data/aged_treated_RhoAi/01FABlRHOAi/FABl6RHOAi-15.czi,aged_treated_RhoAi,3.48100310327656,586694713,13.6467238868155,246,0,01FABlRHOAi,2024,50,Microscopist 2,HSC,F
1205,0.2,0.0131530567956349,0.0131530567956349,41,1024,1024,1,../data/raw_data/aged_treated_RhoAi/01FABlRHOAi/FABl6RHOAi-16.czi,aged_treated_RhoAi,3.51876109144802,622064665,14.469441320838,255,0,01FABlRHOAi,2024,50,Microscopist 2,HSC,F
1206,0.2,0.0131530567956349,0.0131530567956349,41,1024,1024,1,../data/raw_data/aged_treated_RhoAi/01FABlRHOAi/FABl6RHOAi-17.czi,aged_treated_RhoAi,3.54635660683225,627946293,14.6062500418686,255,0,01FABlRHOAi,2024,50,Microscopist 2,HSC,F
1207,0.2,0.0131530567956349,0.0131530567956349,43,1024,1024,1,../data/raw_data/aged_treated_RhoAi/01FABlRHOAi/FABl6RHOAi-18.czi,aged_treated_RhoAi,3.44704321421379,587579812,13.0316226870515,253,0,01FABlRHOAi,2024,50,Microscopist 2,HSC,F
1208,0.2,0.0131530567956349,0.0131530567956349,45,1024,1024,1,../data/raw_data/aged_treated_RhoAi/01FABlRHOAi/FABl6RHOAi-19.czi,aged_treated_RhoAi,3.52966088376545,599813642,12.7117081112332,249,0,01FABlRHOAi,2024,50,Microscopist 2,HSC,F
1209,0.2,0.0131530567956349,0.0131530567956349,47,1024,1024,1,../data/raw_data/aged_treated_RhoAi/01FABlRHOAi/FABl6RHOAi-20.czi,aged_treated_RhoAi,3.50765323457791,637152448,12.9284239424036,252,0,01FABlRHOAi,2024,50,Microscopist 2,HSC,F
1210,0.2,0.0131530567956349,0.0131530567956349,43,1024,1024,1,../data/raw_data/aged_treated_RhoAi/01FABlRHOAi/FABl6RHOAi-21.czi,aged_treated_RhoAi,3.43614342189636,622779857,13.8123059161874,255,0,01FABlRHOAi,2024,50,Microscopist 2,HSC,F
1211,0.2,0.0131530567956349,0.0131530567956349,44,1024,1024,1,../data/raw_data/aged_treated_RhoAi/01FABlRHOAi/FABl6RHOAi-22.czi,aged_treated_RhoAi,3.72576664478139,637622876,13.8201036453247,252,0,01FABlRHOAi,2024,50,Microscopist 2,HSC,F
1212,0.2,0.0131530567956349,0.0131530567956349,46,1024,1024,1,../data/raw_data/aged_treated_RhoAi/01FABlRHOAi/FABl6RHOAi-23.czi,aged_treated_RhoAi,3.59070965840936,610582584,12.6586288783861,224,0,01FABlRHOAi,2024,50,Microscopist 2,HSC,F
1213,0.2,0.0131530567956349,0.0131530567956349,42,1024,1024,1,../data/raw_data/aged_treated_RhoAi/01FABlRHOAi/FABl6RHOAi-24.czi,aged_treated_RhoAi,3.71354452722739,575107389,13.0586939539228,249,0,01FABlRHOAi,2024,50,Microscopist 2,HSC,F
1214,0.2,0.0131530567956349,0.0131530567956349,36,1024,1024,1,../data/raw_data/aged_treated_RhoAi/01FABlRHOAi/FABl6RHOAi-25.czi,aged_treated_RhoAi,3.54400445921229,517526434,13.7097685601976,255,0,01FABlRHOAi,2024,50,Microscopist 2,HSC,F
1215,0.2,0.0131530567956349,0.0131530567956349,41,1024,1024,1,../data/raw_data/aged_treated_RhoAi/01FABlRHOAi/FABl6RHOAi-26.czi,aged_treated_RhoAi,3.59455300786692,626134706,14.5641118956775,252,0,01FABlRHOAi,2024,50,Microscopist 2,HSC,F
1216,0.2,0.0131530567956349,0.0131530567956349,38,1024,1024,1,../data/raw_data/aged_treated_RhoAi/01FABlRHOAi/FABl6RHOAi-27.czi,aged_treated_RhoAi,3.66627088510115,555135408,13.9320626509817,251,0,01FABlRHOAi,2024,50,Microscopist 2,HSC,F
1217,0.2,0.0131530567956349,0.0131530567956349,46,1024,1024,1,../data/raw_data/aged_treated_RhoAi/01FABlRHOAi/FABl6RHOAi-28.czi,aged_treated_RhoAi,3.49603874790473,598763239,12.4135896226634,248,0,01FABlRHOAi,2024,50,Microscopist 2,HSC,F
1218,0.2,0.0131530567956349,0.0131530567956349,43,1024,1024,1,../data/raw_data/aged_treated_RhoAi/01FABlRHOAi/FABl6RHOAi-29.czi,aged_treated_RhoAi,3.39311269555582,569776903,12.6367813598278,228,0,01FABlRHOAi,2024,50,Microscopist 2,HSC,F
1219,0.2,0.0131530567956349,0.0131530567956349,40,1024,1024,1,../data/raw_data/aged_treated_RhoAi/01FABlRHOAi/FABl6RHOAi-30.czi,aged_treated_RhoAi,3.56872463439627,572733795,13.6550377607346,255,0,01FABlRHOAi,2024,50,Microscopist 2,HSC,F
1220,0.2,0.0131530567956349,0.0131530567956349,49,1024,1024,1,../data/raw_data/aged_treated_RhoAi/01FABlRHOAi/FABl6RHOAi-31.czi,aged_treated_RhoAi,3.32276239390702,621472737,12.0955630127265,246,0,01FABlRHOAi,2024,50,Microscopist 2,HSC,F
1221,0.2,0.0131530567956349,0.0131530567956349,42,1024,1024,1,../data/raw_data/aged_treated_RhoAi/01FABlRHOAi/FABl6RHOAi-32.czi,aged_treated_RhoAi,3.55983923649674,590676023,13.4122036298116,253,0,01FABlRHOAi,2024,50,Microscopist 2,HSC,F
1222,0.2,0.0131530567956349,0.0131530567956349,40,1024,1024,1,../data/raw_data/aged_treated_RhoAi/01FABlRHOAi/FABl6RHOAi-33.czi,aged_treated_RhoAi,3.50143511232597,509597562,12.149752664566,207,0,01FABlRHOAi,2024,50,Microscopist 2,HSC,F
1223,0.2,0.0131530567956349,0.0131530567956349,41,1024,1024,1,../data/raw_data/aged_treated_RhoAi/01FABlRHOAi/FABl6RHOAi-34.czi,aged_treated_RhoAi,3.32580661070831,535992543,12.4673737083993,237,0,01FABlRHOAi,2024,50,Microscopist 2,HSC,F
1224,0.2,0.0131530567956349,0.0131530567956349,38,1024,1024,1,../data/raw_data/aged_treated_RhoAi/01FABlRHOAi/FABl6RHOAi-35.czi,aged_treated_RhoAi,3.49024281715535,498069869,12.4999063642401,236,0,01FABlRHOAi,2024,50,Microscopist 2,HSC,F
1225,0.2,0.0131530567956349,0.0131530567956349,43,1024,1024,1,../data/raw_data/aged_treated_RhoAi/01FABlRHOAi/FABl6RHOAi-36.czi,aged_treated_RhoAi,3.27681107701736,515204296,11.4264442976131,197,0,01FABlRHOAi,2024,50,Microscopist 2,HSC,F
1226,0.2,0.0131530567956349,0.0131530567956349,46,1024,1024,1,../data/raw_data/aged_treated_RhoAi/01FABlRHOAi/FABl6RHOAi-37.czi,aged_treated_RhoAi,3.38834658718982,527148433,10.9288678583892,192,0,01FABlRHOAi,2024,50,Microscopist 2,HSC,F
1227,0.2,0.0131530567956349,0.0131530567956349,39,1024,1024,1,../data/raw_data/aged_treated_RhoAi/01FABlRHOAi/FABl6RHOAi-38.czi,aged_treated_RhoAi,3.36694656888311,502021875,12.2760350887592,194,0,01FABlRHOAi,2024,50,Microscopist 2,HSC,F
1228,0.2,0.0131530567956349,0.0131530567956349,45,1024,1024,1,../data/raw_data/aged_treated_RhoAi/01FABlRHOAi/FABl6RHOAi-39.czi,aged_treated_RhoAi,3.29195378512048,539970152,11.4434592352973,233,0,01FABlRHOAi,2024,50,Microscopist 2,HSC,F
1229,0.2,0.0131530567956349,0.0131530567956349,45,1024,1024,1,../data/raw_data/aged_treated_RhoAi/01FABlRHOAi/FABl6RHOAi-40.czi,aged_treated_RhoAi,3.34594611690453,572443608,12.1316614786784,229,0,01FABlRHOAi,2024,50,Microscopist 2,HSC,F
1230,0.2,0.0131530567956349,0.0131530567956349,48,1024,1024,1,../data/raw_data/aged_treated_RhoAi/01FABlRHOAi/FABl6RHOAi-41.czi,aged_treated_RhoAi,3.40342748216686,559862403,11.1234665513039,233,0,01FABlRHOAi,2024,50,Microscopist 2,HSC,F
1231,0.2,0.0131530567956349,0.0131530567956349,44,1024,1024,1,../data/raw_data/aged_treated_RhoAi/01FABlRHOAi/FABl6RHOAi-42.czi,aged_treated_RhoAi,3.53224372111251,622228257,13.4864342646165,239,0,01FABlRHOAi,2024,50,Microscopist 2,HSC,F
1232,0.2,0.0131530567956349,0.0131530567956349,42,1024,1024,1,../data/raw_data/aged_treated_RhoAi/01FABlRHOAi/FABl6RHOAi-43.czi,aged_treated_RhoAi,3.56907895037554,548763873,12.4605240821838,234,0,01FABlRHOAi,2024,50,Microscopist 2,HSC,F
1233,0.2,0.0131530567956349,0.0131530567956349,40,1024,1024,1,../data/raw_data/aged_treated_RhoAi/01FABlRHOAi/FABl6RHOAi-44.czi,aged_treated_RhoAi,3.4287944761833,522869843,12.4661885023117,250,0,01FABlRHOAi,2024,50,Microscopist 2,HSC,F
1234,0.2,0.0131530567956349,0.0131530567956349,45,1024,1024,1,../data/raw_data/aged_treated_RhoAi/01FABlRHOAi/FABl6RHOAi-45.czi,aged_treated_RhoAi,3.38271953304147,624175489,13.2280029508803,247,0,01FABlRHOAi,2024,50,Microscopist 2,HSC,F
1235,0.2,0.0131530567956349,0.0131530567956349,42,1024,1024,1,../data/raw_data/aged_treated_RhoAi/01FABlRHOAi/FABl6RHOAi-46.czi,aged_treated_RhoAi,3.5153173083186,589681650,13.3896248681205,240,0,01FABlRHOAi,2024,50,Microscopist 2,HSC,F
1236,0.2,0.0131530567956349,0.0131530567956349,41,1024,1024,1,../data/raw_data/aged_treated_RhoAi/01FABlRHOAi/FABl6RHOAi-47.czi,aged_treated_RhoAi,3.48324818742156,567847401,13.208328828579,234,0,01FABlRHOAi,2024,50,Microscopist 2,HSC,F
1237,0.2,0.0131530567956349,0.0131530567956349,40,1024,1024,1,../data/raw_data/aged_treated_RhoAi/01FABlRHOAi/FABl6RHOAi-48.czi,aged_treated_RhoAi,3.56391327568141,583371477,13.908659863472,249,0,01FABlRHOAi,2024,50,Microscopist 2,HSC,F
1238,0.2,0.0131530567956349,0.0131530567956349,38,1024,1024,1,../data/raw_data/aged_treated_RhoAi/01FABlRHOAi/FABl6RHOAi-49.czi,aged_treated_RhoAi,3.5818695108587,585108821,14.6842961813274,255,0,01FABlRHOAi,2024,50,Microscopist 2,HSC,F
1239,0.2,0.0131530567956349,0.0131530567956349,44,1024,1024,1,../data/raw_data/aged_treated_RhoAi/01FABlRHOAi/FABl6RHOAi-50.czi,aged_treated_RhoAi,3.72278424110619,652992355,14.1532281312076,250,0,01FABlRHOAi,2024,50,Microscopist 2,HSC,F
1240,0.2,0.0131530567956349,0.0131530567956349,40,1024,1024,1,../data/raw_data/aged_treated_RhoAi/02FABl6RHOAi/2FABl6RHOAi-02.czi,aged_treated_RhoAi,3.77912872051019,523000299,12.4692988157272,251,0,02FABl6RHOAi,2024,49,Microscopist 2,HSC,F
1241,0.2,0.0131530567956349,0.0131530567956349,40,1024,1024,1,../data/raw_data/aged_treated_RhoAi/02FABl6RHOAi/2FABl6RHOAi-03.czi,aged_treated_RhoAi,3.82405021501647,533605984,12.7221580505371,236,0,02FABl6RHOAi,2024,49,Microscopist 2,HSC,F
1242,0.2,0.0131530567956349,0.0131530567956349,40,1024,1024,1,../data/raw_data/aged_treated_RhoAi/02FABl6RHOAi/2FABl6RHOAi-04.czi,aged_treated_RhoAi,3.84355946515745,519301000,12.3811006546021,235,0,02FABl6RHOAi,2024,49,Microscopist 2,HSC,F
1243,0.2,0.0131530567956349,0.0131530567956349,38,1024,1024,1,../data/raw_data/aged_treated_RhoAi/02FABl6RHOAi/2FABl6RHOAi-05.czi,aged_treated_RhoAi,3.8810867636018,485058637,12.1733674752085,233,0,02FABl6RHOAi,2024,49,Microscopist 2,HSC,F
1244,0.2,0.0131530567956349,0.0131530567956349,43,1024,1024,1,../data/raw_data/aged_treated_RhoAi/02FABl6RHOAi/2FABl6RHOAi-06.czi,aged_treated_RhoAi,3.76426195248305,655421027,14.5362372065699,241,0,02FABl6RHOAi,2024,49,Microscopist 2,HSC,F
1245,0.2,0.0131530567956349,0.0131530567956349,38,1024,1024,1,../data/raw_data/aged_treated_RhoAi/02FABl6RHOAi/2FABl6RHOAi-07.czi,aged_treated_RhoAi,3.88934190544608,489740069,12.2908559347454,205,0,02FABl6RHOAi,2024,49,Microscopist 2,HSC,F
1246,0.2,0.0131530567956349,0.0131530567956349,34,1024,1024,1,../data/raw_data/aged_treated_RhoAi/02FABl6RHOAi/2FABl6RHOAi-08.czi,aged_treated_RhoAi,3.37274249963249,424061495,11.8946045987746,244,0,02FABl6RHOAi,2024,49,Microscopist 2,HSC,F
1247,0.2,0.0131530567956349,0.0131530567956349,36,1024,1024,1,../data/raw_data/aged_treated_RhoAi/02FABl6RHOAi/2FABl6RHOAi-09.czi,aged_treated_RhoAi,3.56193806921516,465972059,12.3440440230899,241,0,02FABl6RHOAi,2024,49,Microscopist 2,HSC,F
1248,0.2,0.0131530567956349,0.0131530567956349,32,1024,1024,1,../data/raw_data/aged_treated_RhoAi/02FABl6RHOAi/2FABl6RHOAi-10.czi,aged_treated_RhoAi,3.46802710341514,464077870,13.830598294735,228,0,02FABl6RHOAi,2024,49,Microscopist 2,HSC,F
1249,0.2,0.0131530567956349,0.0131530567956349,34,1024,1024,1,../data/raw_data/aged_treated_RhoAi/02FABl6RHOAi/2FABl6RHOAi-11.czi,aged_treated_RhoAi,3.50786129913059,414153526,11.6166935528026,219,0,02FABl6RHOAi,2024,49,Microscopist 2,HSC,F
1250,0.2,0.0131530567956349,0.0131530567956349,35,1024,1024,1,../data/raw_data/aged_treated_RhoAi/02FABl6RHOAi/2FABl6RHOAi-12.czi,aged_treated_RhoAi,3.49282565450242,473228126,12.8944431304932,247,0,02FABl6RHOAi,2024,49,Microscopist 2,HSC,F
1251,0.2,0.0131530567956349,0.0131530567956349,42,1024,1024,1,../data/raw_data/aged_treated_RhoAi/02FABl6RHOAi/2FABl6RHOAi-13.czi,aged_treated_RhoAi,3.68704064735263,512094777,11.6278961045401,245,0,02FABl6RHOAi,2024,49,Microscopist 2,HSC,F
1252,0.2,0.0131530567956349,0.0131530567956349,39,1024,1024,1,../data/raw_data/aged_treated_RhoAi/02FABl6RHOAi/2FABl6RHOAi-14.czi,aged_treated_RhoAi,3.29426068239157,463496931,11.3339774058415,245,0,02FABl6RHOAi,2024,49,Microscopist 2,HSC,F
1253,0.2,0.0131530567956349,0.0131530567956349,44,1024,1024,1,../data/raw_data/aged_treated_RhoAi/02FABl6RHOAi/2FABl6RHOAi-15.czi,aged_treated_RhoAi,3.77379416921503,525278791,11.3851111802188,227,0,02FABl6RHOAi,2024,49,Microscopist 2,HSC,F
1254,0.2,0.0131530567956349,0.0131530567956349,34,1024,1024,1,../data/raw_data/aged_treated_RhoAi/02FABl6RHOAi/2FABl6RHOAi-16.czi,aged_treated_RhoAi,3.39471096086836,439154840,12.3179615245146,250,0,02FABl6RHOAi,2024,49,Microscopist 2,HSC,F
1255,0.2,0.0131530567956349,0.0131530567956349,34,1024,1024,1,../data/raw_data/aged_treated_RhoAi/02FABl6RHOAi/2FABl6RHOAi-17.czi,aged_treated_RhoAi,2.97977709529319,415008254,11.6406680275412,252,0,02FABl6RHOAi,2024,49,Microscopist 2,HSC,F
1256,0.2,0.0131530567956349,0.0131530567956349,37,1024,1024,1,../data/raw_data/aged_treated_RhoAi/02FABl6RHOAi/2FABl6RHOAi-18.czi,aged_treated_RhoAi,3.41554253624591,475349868,12.2521340653703,241,0,02FABl6RHOAi,2024,49,Microscopist 2,HSC,F
1257,0.2,0.0131530567956349,0.0131530567956349,33,1024,1024,1,../data/raw_data/aged_treated_RhoAi/02FABl6RHOAi/2FABl6RHOAi-19.czi,aged_treated_RhoAi,3.38427254800516,438961055,12.6856328501846,237,0,02FABl6RHOAi,2024,49,Microscopist 2,HSC,F
1258,0.2,0.0131530567956349,0.0131530567956349,43,1024,1024,1,../data/raw_data/aged_treated_RhoAi/02FABl6RHOAi/2FABl6RHOAi-20.czi,aged_treated_RhoAi,3.47997328089317,587848437,13.0375803792199,241,0,02FABl6RHOAi,2024,49,Microscopist 2,HSC,F
1259,0.2,0.0131530567956349,0.0131530567956349,36,1024,1024,1,../data/raw_data/aged_treated_RhoAi/02FABl6RHOAi/2FABl6RHOAi-21.czi,aged_treated_RhoAi,3.33458494513289,484611129,12.837810754776,255,0,02FABl6RHOAi,2024,49,Microscopist 2,HSC,F
1260,0.2,0.0131530567956349,0.0131530567956349,38,1024,1024,1,../data/raw_data/aged_treated_RhoAi/02FABl6RHOAi/2FABl6RHOAi-22.czi,aged_treated_RhoAi,3.57911779691061,499437031,12.5342176086024,255,0,02FABl6RHOAi,2024,49,Microscopist 2,HSC,F
1261,0.2,0.0131530567956349,0.0131530567956349,38,1024,1024,1,../data/raw_data/aged_treated_RhoAi/02FABl6RHOAi/2FABl6RHOAi-23.czi,aged_treated_RhoAi,3.41766399413876,508484103,12.7612691929466,245,0,02FABl6RHOAi,2024,49,Microscopist 2,HSC,F
1262,0.2,0.0131530567956349,0.0131530567956349,38,1024,1024,1,../data/raw_data/aged_treated_RhoAi/02FABl6RHOAi/2FABl6RHOAi-24.czi,aged_treated_RhoAi,3.36585493337364,468958813,11.7693151423806,249,0,02FABl6RHOAi,2024,49,Microscopist 2,HSC,F
1263,0.2,0.0131530567956349,0.0131530567956349,40,1024,1024,1,../data/raw_data/aged_treated_RhoAi/02FABl6RHOAi/2FABl6RHOAi-25.czi,aged_treated_RhoAi,3.45575973551228,505834168,12.0600263595581,246,0,02FABl6RHOAi,2024,49,Microscopist 2,HSC,F
1264,0.2,0.0131530567956349,0.0131530567956349,42,1024,1024,1,../data/raw_data/aged_treated_RhoAi/02FABl6RHOAi/2FABl6RHOAi-26.czi,aged_treated_RhoAi,3.54022292288082,535855590,12.1674217496599,245,0,02FABl6RHOAi,2024,49,Microscopist 2,HSC,F
1265,0.2,0.0131530567956349,0.0131530567956349,40,1024,1024,1,../data/raw_data/aged_treated_RhoAi/02FABl6RHOAi/2FABl6RHOAi-27.czi,aged_treated_RhoAi,3.37274249963248,520575558,12.4114884853363,254,0,02FABl6RHOAi,2024,49,Microscopist 2,HSC,F
1266,0.2,0.0131530567956349,0.0131530567956349,39,1024,1024,1,../data/raw_data/aged_treated_RhoAi/02FABl6RHOAi/2FABl6RHOAi-28.czi,aged_treated_RhoAi,3.17571397970811,475627890,11.6306180220384,239,0,02FABl6RHOAi,2024,49,Microscopist 2,HSC,F
1267,0.2,0.0131530567956349,0.0131530567956349,43,1024,1024,1,../data/raw_data/aged_treated_RhoAi/02FABl6RHOAi/2FABl6RHOAi-29.czi,aged_treated_RhoAi,3.01339923115391,485627930,10.7704856783845,220,0,02FABl6RHOAi,2024,49,Microscopist 2,HSC,F
1268,0.2,0.0131530567956349,0.0131530567956349,35,1024,1024,1,../data/raw_data/aged_treated_RhoAi/02FABl6RHOAi/2FABl6RHOAi-30.czi,aged_treated_RhoAi,3.27893253491021,443055608,12.0723072596959,215,0,02FABl6RHOAi,2024,49,Microscopist 2,HSC,F
1269,0.2,0.0131530567956349,0.0131530567956349,37,1024,1024,1,../data/raw_data/aged_treated_RhoAi/02FABl6RHOAi/2FABl6RHOAi-31.czi,aged_treated_RhoAi,3.25150589612701,472766379,12.1855446841266,251,0,02FABl6RHOAi,2024,49,Microscopist 2,HSC,F
1270,0.2,0.0131530567956349,0.0131530567956349,41,1024,1024,1,../data/raw_data/aged_treated_RhoAi/02FABl6RHOAi/2FABl6RHOAi-32.czi,aged_treated_RhoAi,3.31570595104716,537096868,12.4930606935082,251,0,02FABl6RHOAi,2024,49,Microscopist 2,HSC,F
1271,0.2,0.0131530567956349,0.0131530567956349,44,1024,1024,1,../data/raw_data/aged_treated_RhoAi/02FABl6RHOAi/2FABl6RHOAi-33.czi,aged_treated_RhoAi,3.27485849572554,505716221,10.9611038944938,246,0,02FABl6RHOAi,2024,49,Microscopist 2,HSC,F
1272,0.2,0.0131530567956349,0.0131530567956349,40,1024,1024,1,../data/raw_data/aged_treated_RhoAi/02FABl6RHOAi/2FABl6RHOAi-34.czi,aged_treated_RhoAi,3.35088110187155,482736290,11.509330034256,242,0,02FABl6RHOAi,2024,49,Microscopist 2,HSC,F
1273,0.2,0.0131530567956349,0.0131530567956349,37,1024,1024,1,../data/raw_data/aged_treated_RhoAi/02FABl6RHOAi/2FABl6RHOAi-35.czi,aged_treated_RhoAi,3.15070130167094,464152527,11.9635228079719,230,0,02FABl6RHOAi,2024,49,Microscopist 2,HSC,F
1274,0.2,0.0131530567956349,0.0131530567956349,42,1024,1024,1,../data/raw_data/aged_treated_RhoAi/02FABl6RHOAi/2FABl6RHOAi-36.czi,aged_treated_RhoAi,3.53591819396904,596104126,13.5354570207142,255,0,02FABl6RHOAi,2024,49,Microscopist 2,HSC,F
1275,0.2,0.0131530567956349,0.0131530567956349,32,1024,1024,1,../data/raw_data/aged_treated_RhoAi/02FABl6RHOAi/2FABl6RHOAi-37.czi,aged_treated_RhoAi,3.34399353561271,436735634,13.0157361626625,254,0,02FABl6RHOAi,2024,49,Microscopist 2,HSC,F
1276,0.2,0.0131530567956349,0.0131530567956349,41,1024,1024,1,../data/raw_data/aged_treated_RhoAi/02FABl6RHOAi/2FABl6RHOAi-38.czi,aged_treated_RhoAi,3.30142418872639,496063658,11.5386139009057,230,0,02FABl6RHOAi,2024,49,Microscopist 2,HSC,F
1277,0.2,0.0131530567956349,0.0131530567956349,42,1024,1024,1,../data/raw_data/aged_treated_RhoAi/02FABl6RHOAi/2FABl6RHOAi-39.czi,aged_treated_RhoAi,3.26895550150122,465809986,10.5769290469942,207,0,02FABl6RHOAi,2024,49,Microscopist 2,HSC,F
1278,0.2,0.0131530567956349,0.0131530567956349,40,1024,1024,1,../data/raw_data/aged_treated_RhoAi/02FABl6RHOAi/2FABl6RHOAi-40.czi,aged_treated_RhoAi,3.36115063813373,540717797,12.8917168855667,255,0,02FABl6RHOAi,2024,49,Microscopist 2,HSC,F
1279,0.2,0.0131530567956349,0.0131530567956349,40,1024,1024,1,../data/raw_data/aged_treated_RhoAi/02FABl6RHOAi/2FABl6RHOAi-41.czi,aged_treated_RhoAi,3.42558138278099,514891580,12.2759718894959,236,0,02FABl6RHOAi,2024,49,Microscopist 2,HSC,F
1280,0.2,0.0131530567956349,0.0131530567956349,40,1024,1024,1,../data/raw_data/aged_treated_RhoAi/02FABl6RHOAi/2FABl6RHOAi-42.czi,aged_treated_RhoAi,3.45433034680077,494297276,11.7849654197693,233,0,02FABl6RHOAi,2024,49,Microscopist 2,HSC,F
1281,0.2,0.0131530567956349,0.0131530567956349,32,1024,1024,1,../data/raw_data/aged_treated_RhoAi/02FABl6RHOAi/2FABl6RHOAi-43.czi,aged_treated_RhoAi,3.5123349046434,489414081,14.5856762230396,255,0,02FABl6RHOAi,2024,49,Microscopist 2,HSC,F
1282,0.2,0.0131530567956349,0.0131530567956349,38,1024,1024,1,../data/raw_data/aged_treated_RhoAi/02FABl6RHOAi/2FABl6RHOAi-44.czi,aged_treated_RhoAi,3.41938588570347,444759908,11.1620026638633,245,0,02FABl6RHOAi,2024,49,Microscopist 2,HSC,F
1283,0.2,0.0131530567956349,0.0131530567956349,41,1024,1024,1,../data/raw_data/aged_treated_RhoAi/02FABl6RHOAi/2FABl6RHOAi-45.czi,aged_treated_RhoAi,3.35919805684192,519997915,12.0953330761049,255,0,02FABl6RHOAi,2024,49,Microscopist 2,HSC,F
1284,0.2,0.0131530567956349,0.0131530567956349,41,1024,1024,1,../data/raw_data/aged_treated_RhoAi/02FABl6RHOAi/2FABl6RHOAi-46.czi,aged_treated_RhoAi,3.31725896601083,453119284,10.5397127663217,214,0,02FABl6RHOAi,2024,49,Microscopist 2,HSC,F
1285,0.2,0.0131530567956349,0.0131530567956349,41,1024,1024,1,../data/raw_data/aged_treated_RhoAi/02FABl6RHOAi/2FABl6RHOAi-47.czi,aged_treated_RhoAi,3.14341416908396,513290775,11.9393226577014,251,0,02FABl6RHOAi,2024,49,Microscopist 2,HSC,F
1286,0.2,0.0131530567956349,0.0131530567956349,38,1024,1024,1,../data/raw_data/aged_treated_RhoAi/02FABl6RHOAi/2FABl6RHOAi-48.czi,aged_treated_RhoAi,3.29711945981461,456164185,11.4482122973392,236,0,02FABl6RHOAi,2024,49,Microscopist 2,HSC,F
1287,0.2,0.0131530567956349,0.0131530567956349,39,1024,1024,1,../data/raw_data/aged_treated_RhoAi/02FABl6RHOAi/2FABl6RHOAi-49.czi,aged_treated_RhoAi,3.16166290711445,448994302,10.979341898209,237,0,02FABl6RHOAi,2024,49,Microscopist 2,HSC,F
1288,0.2,0.0131530567956349,0.0131530567956349,43,1024,1024,1,../data/raw_data/aged_treated_RhoAi/02FABl6RHOAi/2FABl6RHOAi-50.czi,aged_treated_RhoAi,3.07680015341778,501256342,11.1170999837476,228,0,02FABl6RHOAi,2024,49,Microscopist 2,HSC,F
1289,0.2,0.0131530567956349,0.0131530567956349,26,1024,1024,1,../data/raw_data/aged_treated_RhoAi/03FABL6RHOAi/Exp3ABl6RHOAi-01.czi,aged_treated_RhoAi,2.22603903376379,143210095,5.25291497890766,104,0,03FABL6RHOAi,2024,9,Microscopist 2,HSC,F
1290,0.2,0.0131530567956349,0.0131530567956349,23,1024,1024,1,../data/raw_data/aged_treated_RhoAi/03FABL6RHOAi/Exp3ABl6RHOAi-02.czi,aged_treated_RhoAi,2.20894374436885,138482886,5.74206833217455,86,0,03FABL6RHOAi,2024,9,Microscopist 2,HSC,F
1291,0.2,0.0131530567956349,0.0131530567956349,43,1024,1024,1,../data/raw_data/aged_treated_RhoAi/03FABL6RHOAi/Exp3ABl6RHOAi-03.czi,aged_treated_RhoAi,1.983689453005,148040611,3.28331461618113,72,0,03FABL6RHOAi,2024,9,Microscopist 2,HSC,F
1292,0.2,0.0131530567956349,0.0131530567956349,46,1024,1024,1,../data/raw_data/aged_treated_RhoAi/03FABL6RHOAi/Exp3ABl6RHOAi-04.czi,aged_treated_RhoAi,2.11026060780564,159912243,3.31530867452207,73,0,03FABL6RHOAi,2024,9,Microscopist 2,HSC,F
1293,0.2,0.0131530567956349,0.0131530567956349,47,1024,1024,1,../data/raw_data/aged_treated_RhoAi/03FABL6RHOAi/Exp3ABl6RHOAi-05.czi,aged_treated_RhoAi,1.70679497747705,141301863,2.86714803411606,65,0,03FABL6RHOAi,2024,9,Microscopist 2,HSC,F
1294,0.2,0.0131530567956349,0.0131530567956349,49,1024,1024,1,../data/raw_data/aged_treated_RhoAi/03FABL6RHOAi/Exp3ABl6RHOAi-06.czi,aged_treated_RhoAi,1.56375878933672,128998163,2.51065785544259,66,0,03FABL6RHOAi,2024,9,Microscopist 2,HSC,F
1295,0.2,0.0131530567956349,0.0131530567956349,54,1024,1024,1,../data/raw_data/aged_treated_RhoAi/03FABL6RHOAi/Exp3ABl6RHOAi-07.czi,aged_treated_RhoAi,1.84128352091991,151196459,2.67022554962723,65,0,03FABL6RHOAi,2024,9,Microscopist 2,HSC,F
1296,0.2,0.0131530567956349,0.0131530567956349,47,1024,1024,1,../data/raw_data/aged_treated_RhoAi/03FABL6RHOAi/Exp3ABl6RHOAi-08-MASTERGAIN700Volts.czi,aged_treated_RhoAi,2.75406142447512,221057249,4.48546001758981,110,0,03FABL6RHOAi,2024,9,Microscopist 2,HSC,F
1297,0.2,0.0131530567956349,0.0131530567956349,48,1024,1024,1,../data/raw_data/aged_treated_RhoAi/03FABL6RHOAi_MG750V/Exp3ABl6RHOAi-10.czi,aged_treated_RhoAi,5.27219945499606,445548221,8.85224781433741,164,0,03FABL6RHOAi_MG750V,2024,11,Microscopist 2,HSC,F
1298,0.2,0.0131530567956349,0.0131530567956349,42,1024,1024,1,../data/raw_data/aged_treated_RhoAi/03FABL6RHOAi_MG750V/Exp3ABl6RHOAi-11.czi,aged_treated_RhoAi,5.15400706829186,367905240,8.35385186331613,199,0,03FABL6RHOAi_MG750V,2024,11,Microscopist 2,HSC,F
1299,0.2,0.0131530567956349,0.0131530567956349,43,1024,1024,1,../data/raw_data/aged_treated_RhoAi/03FABL6RHOAi_MG750V/Exp3ABl6RHOAi-12.czi,aged_treated_RhoAi,5.13174610420279,383865676,8.51355432909588,165,0,03FABL6RHOAi_MG750V,2024,11,Microscopist 2,HSC,F
1300,0.2,0.0131530567956349,0.0131530567956349,44,1024,1024,1,../data/raw_data/aged_treated_RhoAi/03FABL6RHOAi_MG750V/Exp3ABl6RHOAi-13.czi,aged_treated_RhoAi,4.82278250777781,357963153,7.75864239172502,167,0,03FABL6RHOAi_MG750V,2024,11,Microscopist 2,HSC,F
1301,0.2,0.0131530567956349,0.0131530567956349,46,1024,1024,1,../data/raw_data/aged_treated_RhoAi/03FABL6RHOAi_MG750V/Exp3ABl6RHOAi-14.czi,aged_treated_RhoAi,4.98360605449441,413776036,8.57842561473017,168,0,03FABL6RHOAi_MG750V,2024,11,Microscopist 2,HSC,F
1302,0.2,0.0131530567956349,0.0131530567956349,47,1024,1024,1,../data/raw_data/aged_treated_RhoAi/03FABL6RHOAi_MG750V/Exp3ABl6RHOAi-15.czi,aged_treated_RhoAi,5.84314550857297,452982438,9.19144078518482,161,0,03FABL6RHOAi_MG750V,2024,11,Microscopist 2,HSC,F
1303,0.2,0.0131530567956349,0.0131530567956349,53,1024,1024,1,../data/raw_data/aged_treated_RhoAi/03FABL6RHOAi_MG750V/Exp3ABl6RHOAi-16.czi,aged_treated_RhoAi,5.69229899526536,481882675,8.67092699374793,162,0,03FABL6RHOAi_MG750V,2024,11,Microscopist 2,HSC,F
1304,0.2,0.0131530567956349,0.0131530567956349,41,1024,1024,1,../data/raw_data/aged_treated_RhoAi/03FABL6RHOAi_MG750V/Exp3ABl6RHOAi-17.czi,aged_treated_RhoAi,6.38700267656874,530349208,12.336107765756,189,0,03FABL6RHOAi_MG750V,2024,11,Microscopist 2,HSC,F
1305,0.2,0.0131530567956349,0.0131530567956349,42,1024,1024,1,../data/raw_data/aged_treated_RhoAi/03FABL6RHOAi_MG750V/Exp3ABl6RHOAi-18.czi,aged_treated_RhoAi,6.65803940822123,553818619,12.5752998306638,198,0,03FABL6RHOAi_MG750V,2024,11,Microscopist 2,HSC,F
1306,0.2,0.0131530567956349,0.0131530567956349,41,1024,1024,1,../data/raw_data/aged_treated_RhoAi/03FABL6RHOAi_MG750V/Exp3ABl6RHOAi-19.czi,aged_treated_RhoAi,4.83563488138706,349359070,8.12621395762374,159,0,03FABL6RHOAi_MG750V,2024,11,Microscopist 2,HSC,F
1307,0.2,0.0131530567956349,0.0131530567956349,47,1024,1024,1,../data/raw_data/aged_treated_RhoAi/03FABL6RHOAi_MG750V/Exp3ABl6RHOAi-20.czi,aged_treated_RhoAi,4.95376545496517,394915661,8.01321112855952,167,0,03FABL6RHOAi_MG750V,2024,11,Microscopist 2,HSC,F
1637,0.440813408547905,0.0131788225549815,0.0131788225549815,18,1024,1024,2,../data/raw_data/young/20191128PlaminYoung/Image 11.czi,young,1.30253021449219,214503696,11.3648147583008,255,0,20191128PlaminYoung,2019,10,Microscopist 1,HSC,unknown
1638,0.440813408547905,0.0131788225549815,0.0131788225549815,17,1024,1024,2,../data/raw_data/young/20191128PlaminYoung/Image 12.czi,young,1.16482857764702,207886580,11.6621230630314,255,0,20191128PlaminYoung,2019,10,Microscopist 1,HSC,unknown
1639,0.440813408547905,0.0131788225549815,0.0131788225549815,17,1024,1024,2,../data/raw_data/young/20191128PlaminYoung/Image 13.czi,young,1.22524709623569,209024002,11.7259307188146,255,0,20191128PlaminYoung,2019,10,Microscopist 1,HSC,unknown
1640,0.440813408547905,0.0131788225549815,0.0131788225549815,16,1024,1024,2,../data/raw_data/young/20191128PlaminYoung/Image 14.czi,young,1.31303044048148,207537475,12.3701974749565,255,0,20191128PlaminYoung,2019,10,Microscopist 1,HSC,unknown
1641,0.440813408547905,0.0131788225549815,0.0131788225549815,19,1024,1024,2,../data/raw_data/young/20191128PlaminYoung/Image 15.czi,young,1.23786878011782,207890823,10.4347441321925,255,0,20191128PlaminYoung,2019,10,Microscopist 1,HSC,unknown
1642,0.440813408547905,0.0131788225549815,0.0131788225549815,16,1024,1024,2,../data/raw_data/young/20191128PlaminYoung/Image 16.czi,young,1.24022092773778,206400160,12.3024082183838,255,0,20191128PlaminYoung,2019,10,Microscopist 1,HSC,unknown
1643,0.440813408547905,0.0131788225549815,0.0131788225549815,17,1024,1024,2,../data/raw_data/young/20191128PlaminYoung/Image 17.czi,young,1.3194566272861,268020159,15.0355259951423,255,0,20191128PlaminYoung,2019,10,Microscopist 1,HSC,unknown
1644,0.440813408547905,0.0131788225549815,0.0131788225549815,18,1024,1024,2,../data/raw_data/young/20191128PlaminYoung/Image 19.czi,young,1.19437667432307,244912871,12.9759508238898,255,0,20191128PlaminYoung,2019,10,Microscopist 1,HSC,unknown
1645,0.440813408547905,0.0131788225549815,0.0131788225549815,20,1024,1024,2,../data/raw_data/young/20191128PlaminYoung/Image 20.czi,young,1.38819210084513,241854348,11.532513999939,255,0,20191128PlaminYoung,2019,10,Microscopist 1,HSC,unknown
1646,0.440813408547905,0.0131788225549815,0.0131788225549815,18,1024,1024,2,../data/raw_data/young/20191128PlaminYoung/Image 21.czi,young,1.26248189182685,230021085,12.1869556109111,255,0,20191128PlaminYoung,2019,10,Microscopist 1,HSC,unknown
1647,0.440813408547905,0.0131788225549815,0.0131788225549815,16,1024,1024,2,../data/raw_data/young/20191212CDK8YoungSlide9exp20191209/Image 10.czi,young,4.09991486816104,223926543,13.3470620512962,255,0,20191212CDK8YoungSlide9exp20191209,2019,14,Microscopist 1,HSC,unknown
1648,0.440813408547905,0.0131788225549815,0.0131788225549815,17,1024,1024,2,../data/raw_data/young/20191212CDK8YoungSlide9exp20191209/Image 11.czi,young,3.83822491386229,222660967,12.4909438525929,255,0,20191212CDK8YoungSlide9exp20191209,2019,14,Microscopist 1,HSC,unknown
1649,0.440813408547905,0.0131788225549815,0.0131788225549815,17,1024,1024,2,../data/raw_data/young/20191212CDK8YoungSlide9exp20191209/Image 12.czi,young,3.84863242016246,216619119,12.1520053078147,255,0,20191212CDK8YoungSlide9exp20191209,2019,14,Microscopist 1,HSC,unknown
1650,0.440813408547905,0.0131788225549815,0.0131788225549815,18,1024,1024,2,../data/raw_data/young/20191212CDK8YoungSlide9exp20191209/Image 13.czi,young,3.94035183355493,216352534,11.4627697202894,255,0,20191212CDK8YoungSlide9exp20191209,2019,14,Microscopist 1,HSC,unknown
1651,0.440813408547905,0.0131788225549815,0.0131788225549815,17,1024,1024,2,../data/raw_data/young/20191212CDK8YoungSlide9exp20191209/Image 14.czi,young,3.81814722079215,211309788,11.85415986005,255,0,20191212CDK8YoungSlide9exp20191209,2019,14,Microscopist 1,HSC,unknown
1652,0.440813408547905,0.0131788225549815,0.0131788225549815,16,1024,1024,2,../data/raw_data/young/20191212CDK8YoungSlide9exp20191209/Image 15.czi,young,3.97397396941564,201167090,11.990492939949,255,0,20191212CDK8YoungSlide9exp20191209,2019,14,Microscopist 1,HSC,unknown
1653,0.440813408547905,0.0131788225549815,0.0131788225549815,16,1024,1024,2,../data/raw_data/young/20191212CDK8YoungSlide9exp20191209/Image 16.czi,young,4.01660512942805,196826314,11.7317625284195,255,0,20191212CDK8YoungSlide9exp20191209,2019,14,Microscopist 1,HSC,unknown
1654,0.440813408547905,0.0131788225549815,0.0131788225549815,17,1024,1024,2,../data/raw_data/young/20191212CDK8YoungSlide9exp20191209/Image 17.czi,young,3.7549151751293,189629720,10.6379407994887,255,0,20191212CDK8YoungSlide9exp20191209,2019,14,Microscopist 1,HSC,unknown
1655,0.440813408547905,0.0131788225549815,0.0131788225549815,16,1024,1024,2,../data/raw_data/young/20191212CDK8YoungSlide9exp20191209/Image 18.czi,young,4.25023818888835,205467173,12.2467978596687,255,0,20191212CDK8YoungSlide9exp20191209,2019,14,Microscopist 1,HSC,unknown
1656,0.440813408547905,0.0131788225549815,0.0131788225549815,15,1024,1024,2,../data/raw_data/young/20191212CDK8YoungSlide9exp20191209/Image 19.czi,young,3.82388133841544,198878355,12.6443452835083,255,0,20191212CDK8YoungSlide9exp20191209,2019,14,Microscopist 1,HSC,unknown
1657,0.440813408547905,0.0131788225549815,0.0131788225549815,18,1024,1024,2,../data/raw_data/young/20191212CDK8YoungSlide9exp20191209/Image 20.czi,young,4.18184046853137,223791640,11.8569077385796,255,0,20191212CDK8YoungSlide9exp20191209,2019,14,Microscopist 1,HSC,unknown
1658,0.440813408547905,0.0131788225549815,0.0131788225549815,16,1024,1024,2,../data/raw_data/young/20191212CDK8YoungSlide9exp20191209/Image 7.czi,young,4.2296373032379,237350012,14.1471631526947,255,0,20191212CDK8YoungSlide9exp20191209,2019,14,Microscopist 1,HSC,unknown
1659,0.440813408547905,0.0131788225549815,0.0131788225549815,16,1024,1024,2,../data/raw_data/young/20191212CDK8YoungSlide9exp20191209/Image 8.czi,young,4.34621486185234,243704200,14.5259022712708,255,0,20191212CDK8YoungSlide9exp20191209,2019,14,Microscopist 1,HSC,unknown
1660,0.440813408547905,0.0131788225549815,0.0131788225549815,18,1024,1024,2,../data/raw_data/young/20191212CDK8YoungSlide9exp20191209/Image 9.czi,young,4.26842511379275,256712090,13.6010959413317,255,0,20191212CDK8YoungSlide9exp20191209,2019,14,Microscopist 1,HSC,unknown
1661,0.440813408547905,0.0131788225549815,0.0131788225549815,15,1024,1024,2,../data/raw_data/young/20191219PlaminYoungSlide11exp20191209/Image 22.czi,young,5.79488729441222,201442030,12.8073393503825,255,0,20191219PlaminYoungSlide11exp20191209,2019,15,Microscopist 1,HSC,unknown
1662,0.440813408547905,0.0131788225549815,0.0131788225549815,16,1024,1024,2,../data/raw_data/young/20191219PlaminYoungSlide11exp20191209/Image 23.czi,young,6.06518670653452,209141535,12.4658069014549,255,0,20191219PlaminYoungSlide11exp20191209,2019,15,Microscopist 1,HSC,unknown
1663,0.440813408547905,0.0131788225549815,0.0131788225549815,16,1024,1024,2,../data/raw_data/young/20191219PlaminYoungSlide11exp20191209/Image 24.czi,young,5.92421016316095,202366955,12.0620104670525,255,0,20191219PlaminYoungSlide11exp20191209,2019,15,Microscopist 1,HSC,unknown
1664,0.440813408547905,0.0131788225549815,0.0131788225549815,15,1024,1024,2,../data/raw_data/young/20191219PlaminYoungSlide11exp20191209/Image 25.czi,young,5.30260849745446,253812696,16.1369766235352,255,0,20191219PlaminYoungSlide11exp20191209,2019,15,Microscopist 1,HSC,unknown
1665,0.440813408547905,0.0131788225549815,0.0131788225549815,17,1024,1024,2,../data/raw_data/young/20191219PlaminYoungSlide11exp20191209/Image 26.czi,young,5.34139630800931,211959104,11.8905855066636,255,0,20191219PlaminYoungSlide11exp20191209,2019,15,Microscopist 1,HSC,unknown
1666,0.440813408547905,0.0131788225549815,0.0131788225549815,15,1024,1024,2,../data/raw_data/young/20191219PlaminYoungSlide11exp20191209/Image 27.czi,young,5.35676970583954,196060932,12.4652183532715,255,0,20191219PlaminYoungSlide11exp20191209,2019,15,Microscopist 1,HSC,unknown
1667,0.440813408547905,0.0131788225549815,0.0131788225549815,18,1024,1024,2,../data/raw_data/young/20191219PlaminYoungSlide11exp20191209/Image 28.czi,young,5.74221728786475,216546834,11.473064104716,255,0,20191219PlaminYoungSlide11exp20191209,2019,15,Microscopist 1,HSC,unknown
1668,0.440813408547905,0.0131788225549815,0.0131788225549815,16,1024,1024,2,../data/raw_data/young/20191219PlaminYoungSlide11exp20191209/Image 29.czi,young,5.71875762479126,200599575,11.9566664099693,255,0,20191219PlaminYoungSlide11exp20191209,2019,15,Microscopist 1,HSC,unknown
1669,0.440813408547905,0.0131788225549815,0.0131788225549815,18,1024,1024,2,../data/raw_data/young/20191219PlaminYoungSlide11exp20191209/Image 30.czi,young,5.42964103170932,211045169,11.1815754042731,255,0,20191219PlaminYoungSlide11exp20191209,2019,15,Microscopist 1,HSC,unknown
1670,0.440813408547905,0.0131788225549815,0.0131788225549815,18,1024,1024,2,../data/raw_data/young/20191219PlaminYoungSlide11exp20191209/Image 31.czi,young,5.56665059937316,209268878,11.0874641206529,255,0,20191219PlaminYoungSlide11exp20191209,2019,15,Microscopist 1,HSC,unknown
1671,0.440813408547905,0.0131788225549815,0.0131788225549815,17,1024,1024,2,../data/raw_data/young/20191219PlaminYoungSlide11exp20191209/Image 32.czi,young,5.59292378952082,206175848,11.5661535824046,255,0,20191219PlaminYoungSlide11exp20191209,2019,15,Microscopist 1,HSC,unknown
1672,0.440813408547905,0.0131788225549815,0.0131788225549815,16,1024,1024,2,../data/raw_data/young/20191219PlaminYoungSlide11exp20191209/Image 33.czi,young,5.78054371896538,201517277,12.011365711689,255,0,20191219PlaminYoungSlide11exp20191209,2019,15,Microscopist 1,HSC,unknown
1673,0.440813408547905,0.0131788225549815,0.0131788225549815,14,1024,1024,2,../data/raw_data/young/20191219PlaminYoungSlide11exp20191209/Image 34.czi,young,5.60600685285717,182905095,12.4594208172389,255,0,20191219PlaminYoungSlide11exp20191209,2019,15,Microscopist 1,HSC,unknown
1674,0.440813408547905,0.0131788225549815,0.0131788225549815,16,1024,1024,2,../data/raw_data/young/20191219PlaminYoungSlide11exp20191209/Image 35.czi,young,5.85742727089374,206051520,12.2816276550293,255,0,20191219PlaminYoungSlide11exp20191209,2019,15,Microscopist 1,HSC,unknown
1675,0.440813408547905,0.0131788225549815,0.0131788225549815,16,1024,1024,2,../data/raw_data/young/20191219PlaminYoungSlide11exp20191209/Image 36.czi,young,5.76017352304204,203882991,12.1523732542992,255,0,20191219PlaminYoungSlide11exp20191209,2019,15,Microscopist 1,HSC,unknown
1676,0.440813408547905,0.0131788225549815,0.0131788225549815,16,1024,1024,2,../data/raw_data/young/20200130PlaminYoung slide1exp200122/Image 10.czi,young,4.21913707724862,139033957,8.28706961870194,255,0,20200130PlaminYoung slide1exp200122,2020,15,Microscopist 1,HSC,unknown
1677,0.440813408547905,0.0131788225549815,0.0131788225549815,19,1024,1024,2,../data/raw_data/young/20200130PlaminYoung slide1exp200122/Image 11.czi,young,3.97804800860031,142609961,7.158076687863,255,0,20200130PlaminYoung slide1exp200122,2020,15,Microscopist 1,HSC,unknown
1678,0.440813408547905,0.0131788225549815,0.0131788225549815,16,1024,1024,2,../data/raw_data/young/20200130PlaminYoung slide1exp200122/Image 12.czi,young,4.22459525479594,133601279,7.96325677633286,255,0,20200130PlaminYoung slide1exp200122,2020,15,Microscopist 1,HSC,unknown
1679,0.440813408547905,0.0131788225549815,0.0131788225549815,18,1024,1024,2,../data/raw_data/young/20200130PlaminYoung slide1exp200122/Image 13.czi,young,4.03502274405956,135569883,7.18275086085002,255,0,20200130PlaminYoung slide1exp200122,2020,15,Microscopist 1,HSC,unknown
1680,0.440813408547905,0.0131788225549815,0.0131788225549815,17,1024,1024,2,../data/raw_data/young/20200130PlaminYoung slide1exp200122/Image 14.czi,young,3.97033868451076,136917411,7.6808599023258,255,0,20200130PlaminYoung slide1exp200122,2020,15,Microscopist 1,HSC,unknown
1681,0.440813408547905,0.0131788225549815,0.0131788225549815,16,1024,1024,2,../data/raw_data/young/20200130PlaminYoung slide1exp200122/Image 15.czi,young,3.9199816376316,123439917,7.3575924038887,255,0,20200130PlaminYoung slide1exp200122,2020,15,Microscopist 1,HSC,unknown
1682,0.440813408547905,0.0131788225549815,0.0131788225549815,18,1024,1024,2,../data/raw_data/young/20200130PlaminYoung slide1exp200122/Image 16.czi,young,4.15642822416607,129060499,6.83787128660414,255,0,20200130PlaminYoung slide1exp200122,2020,15,Microscopist 1,HSC,unknown
1683,0.440813408547905,0.0131788225549815,0.0131788225549815,17,1024,1024,2,../data/raw_data/young/20200130PlaminYoung slide1exp200122/Image 17.czi,young,3.83988499230092,140143328,7.86182897231158,255,0,20200130PlaminYoung slide1exp200122,2020,15,Microscopist 1,HSC,unknown
1684,0.440813408547905,0.0131788225549815,0.0131788225549815,18,1024,1024,2,../data/raw_data/young/20200130PlaminYoung slide1exp200122/Image 18.czi,young,4.08855369638939,141389434,7.49108176761203,255,0,20200130PlaminYoung slide1exp200122,2020,15,Microscopist 1,HSC,unknown
1685,0.440813408547905,0.0131788225549815,0.0131788225549815,17,1024,1024,2,../data/raw_data/young/20200130PlaminYoung slide1exp200122/Image 19.czi,young,3.68554944551502,138775928,7.785119898179,255,0,20200130PlaminYoung slide1exp200122,2020,15,Microscopist 1,HSC,unknown
1686,0.440813408547905,0.0131788225549815,0.0131788225549815,19,1024,1024,2,../data/raw_data/young/20200130PlaminYoung slide1exp200122/Image 20.czi,young,3.66994535795768,136474986,6.85014152526856,255,0,20200130PlaminYoung slide1exp200122,2020,15,Microscopist 1,HSC,unknown
1687,0.440813408547905,0.0131788225549815,0.0131788225549815,15,1024,1024,2,../data/raw_data/young/20200130PlaminYoung slide1exp200122/Image 4.czi,young,4.10955414836797,134297962,8.5384344736735,255,0,20200130PlaminYoung slide1exp200122,2020,15,Microscopist 1,HSC,unknown
1688,0.440813408547905,0.0131788225549815,0.0131788225549815,19,1024,1024,2,../data/raw_data/young/20200130PlaminYoung slide1exp200122/Image 5.czi,young,4.09710134108686,150245477,7.54132908268979,255,0,20200130PlaminYoung slide1exp200122,2020,15,Microscopist 1,HSC,unknown
1689,0.440813408547905,0.0131788225549815,0.0131788225549815,19,1024,1024,2,../data/raw_data/young/20200130PlaminYoung slide1exp200122/Image 7.czi,young,4.12452797987006,161195461,8.09094584615607,255,0,20200130PlaminYoung slide1exp200122,2020,15,Microscopist 1,HSC,unknown
1690,0.440813408547905,0.0131788225549815,0.0131788225549815,17,1024,1024,2,../data/raw_data/young/20200130PlaminYoung slide1exp200122/Image 9.czi,young,4.05383992501921,150154460,8.42343835269704,255,0,20200130PlaminYoung slide1exp200122,2020,15,Microscopist 1,HSC,unknown
1691,0.440813408547905,0.0131788225549815,0.0131788225549815,19,1024,1024,2,../data/raw_data/young/20200212cdk8YoungSlide520200122exp/Image 23.czi,young,5.96202168306989,325380371,16.3319422571283,255,0,20200212cdk8YoungSlide520200122exp,2020,21,Microscopist 1,HSC,unknown
1692,0.440813408547905,0.0131788225549815,0.0131788225549815,17,1024,1024,2,../data/raw_data/young/20200212cdk8YoungSlide520200122exp/Image 24.czi,young,6.38521897187795,316225819,17.7397906920489,255,0,20200212cdk8YoungSlide520200122exp,2020,21,Microscopist 1,HSC,unknown
1693,0.440813408547905,0.0131788225549815,0.0131788225549815,18,1024,1024,2,../data/raw_data/young/20200212cdk8YoungSlide520200122exp/Image 25.czi,young,7.1475664912309,321355609,17.0260328186883,255,0,20200212cdk8YoungSlide520200122exp,2020,21,Microscopist 1,HSC,unknown
1694,0.440813408547905,0.0131788225549815,0.0131788225549815,17,1024,1024,2,../data/raw_data/young/20200212cdk8YoungSlide520200122exp/Image 26.czi,young,6.17317137010261,307537885,17.2524107203764,255,0,20200212cdk8YoungSlide520200122exp,2020,21,Microscopist 1,HSC,unknown
1695,0.440813408547905,0.0131788225549815,0.0131788225549815,16,1024,1024,2,../data/raw_data/young/20200212cdk8YoungSlide520200122exp/Image 27.czi,young,6.7466218851233,292229148,17.4182145595551,255,0,20200212cdk8YoungSlide520200122exp,2020,21,Microscopist 1,HSC,unknown
1696,0.440813408547905,0.0131788225549815,0.0131788225549815,19,1024,1024,2,../data/raw_data/young/20200212cdk8YoungSlide520200122exp/Image 28.czi,young,6.41787309848137,308515142,15.4854193235699,255,0,20200212cdk8YoungSlide520200122exp,2020,21,Microscopist 1,HSC,unknown
1697,0.440813408547905,0.0131788225549815,0.0131788225549815,16,1024,1024,2,../data/raw_data/young/20200212cdk8YoungSlide520200122exp/Image 29.czi,young,6.43106322529267,282372915,16.8307372927666,255,0,20200212cdk8YoungSlide520200122exp,2020,21,Microscopist 1,HSC,unknown
1698,0.440813408547905,0.0131788225549815,0.0131788225549815,18,1024,1024,2,../data/raw_data/young/20200212cdk8YoungSlide520200122exp/Image 30.czi,young,6.79677086744979,277178526,14.6854467391968,255,0,20200212cdk8YoungSlide520200122exp,2020,21,Microscopist 1,HSC,unknown
1699,0.440813408547905,0.0131788225549815,0.0131788225549815,17,1024,1024,2,../data/raw_data/young/20200212cdk8YoungSlide520200122exp/Image 32.czi,young,6.38515715875187,261997194,14.6976467581356,255,0,20200212cdk8YoungSlide520200122exp,2020,21,Microscopist 1,HSC,unknown
1700,0.440813408547905,0.0131788225549815,0.0131788225549815,19,1024,1024,2,../data/raw_data/young/20200212cdk8YoungSlide520200122exp/Image 33.czi,young,5.74181772153661,235592014,11.8251606790643,255,0,20200212cdk8YoungSlide520200122exp,2020,21,Microscopist 1,HSC,unknown
1701,0.440813408547905,0.0131788225549815,0.0131788225549815,19,1024,1024,2,../data/raw_data/young/20200212cdk8YoungSlide520200122exp/Image 34.czi,young,6.27712724483491,241787542,12.1361352017051,255,0,20200212cdk8YoungSlide520200122exp,2020,21,Microscopist 1,HSC,unknown
1702,0.440813408547905,0.0131788225549815,0.0131788225549815,21,1024,1024,2,../data/raw_data/young/20200212cdk8YoungSlide520200122exp/Image 35.czi,young,6.03925126958892,257071589,11.6744081860497,255,0,20200212cdk8YoungSlide520200122exp,2020,21,Microscopist 1,HSC,unknown
1703,0.440813408547905,0.0131788225549815,0.0131788225549815,16,1024,1024,2,../data/raw_data/young/20200212cdk8YoungSlide520200122exp/Image 36.czi,young,6.57655862452791,227284991,13.5472411513329,255,0,20200212cdk8YoungSlide520200122exp,2020,21,Microscopist 1,HSC,unknown
1704,0.440813408547905,0.0131788225549815,0.0131788225549815,17,1024,1024,2,../data/raw_data/young/20200212cdk8YoungSlide520200122exp/Image 37.czi,young,5.99409908535553,263053969,14.7569302390603,255,0,20200212cdk8YoungSlide520200122exp,2020,21,Microscopist 1,HSC,unknown
1705,0.440813408547905,0.0131788225549815,0.0131788225549815,17,1024,1024,2,../data/raw_data/young/20200212cdk8YoungSlide520200122exp/Image 38.czi,young,6.54934005029738,279573711,15.6836628072402,255,0,20200212cdk8YoungSlide520200122exp,2020,21,Microscopist 1,HSC,unknown
1706,0.440813408547905,0.0131788225549815,0.0131788225549815,18,1024,1024,2,../data/raw_data/young/20200212cdk8YoungSlide520200122exp/Image 39.czi,young,6.85202371134433,287733477,15.2446681658427,255,0,20200212cdk8YoungSlide520200122exp,2020,21,Microscopist 1,HSC,unknown
1707,0.440813408547905,0.0131788225549815,0.0131788225549815,18,1024,1024,2,../data/raw_data/young/20200212cdk8YoungSlide520200122exp/Image 40.czi,young,6.7152448334076,309601334,16.4032689200507,255,0,20200212cdk8YoungSlide520200122exp,2020,21,Microscopist 1,HSC,unknown
1708,0.440813408547905,0.0131788225549815,0.0131788225549815,19,1024,1024,2,../data/raw_data/young/20200212cdk8YoungSlide520200122exp/Image 41.czi,young,6.18911321086201,313016552,15.7113603290759,255,0,20200212cdk8YoungSlide520200122exp,2020,21,Microscopist 1,HSC,unknown
1709,0.440813408547905,0.0131788225549815,0.0131788225549815,20,1024,1024,2,../data/raw_data/young/20200212cdk8YoungSlide520200122exp/Image 42.czi,young,6.77646248465254,323703041,15.435363817215,255,0,20200212cdk8YoungSlide520200122exp,2020,21,Microscopist 1,HSC,unknown
1710,0.440813408547905,0.0131788225549815,0.0131788225549815,18,1024,1024,2,../data/raw_data/young/20200212cdk8YoungSlide520200122exp/Image 43.czi,young,7.23282881125571,310459183,16.4487193955315,255,0,20200212cdk8YoungSlide520200122exp,2020,21,Microscopist 1,HSC,unknown
1711,0.440813408547905,0.0131788225549815,0.0131788225549815,19,1024,1024,2,../data/raw_data/young/20200212cdk8YoungSlide520200122exp/Image 44.czi,young,6.0799298483095,294665706,14.790269249364,255,0,20200212cdk8YoungSlide520200122exp,2020,21,Microscopist 1,HSC,unknown
1712,0.4,0.0131788225549815,0.0131788225549815,21,1024,1024,2,../data/raw_data/young/20201119expRhoAAF488YoungRFPcellsSlide3/Image 56.czi,young,1.47471493298043,71286148,3.23732230776832,178,0,20201119expRhoAAF488YoungRFPcellsSlide3,2020,11,Microscopist 1,HSC,unknown
1713,0.4,0.0131788225549815,0.0131788225549815,23,1024,1024,3,../data/raw_data/young/20201119expRhoAAF488YoungRFPcellsSlide3/Image 58.czi,young,1.68688616100793,78355319,3.24893283843994,189,0,20201119expRhoAAF488YoungRFPcellsSlide3,2020,11,Microscopist 1,HSC,unknown
1714,0.4,0.0131788225549815,0.0131788225549815,20,1024,1024,3,../data/raw_data/young/20201119expRhoAAF488YoungRFPcellsSlide3/Image 59.czi,young,1.76738237266675,83668696,3.98963432312012,188,0,20201119expRhoAAF488YoungRFPcellsSlide3,2020,11,Microscopist 1,HSC,unknown
1715,0.4,0.0131788225549815,0.0131788225549815,20,1024,1024,3,../data/raw_data/young/20201119expRhoAAF488YoungRFPcellsSlide3/Image 60.czi,young,1.81799273444746,83147524,3.96478290557861,202,0,20201119expRhoAAF488YoungRFPcellsSlide3,2020,11,Microscopist 1,HSC,unknown
1716,0.4,0.0131788225549815,0.0131788225549815,18,1024,1024,3,../data/raw_data/young/20201119expRhoAAF488YoungRFPcellsSlide3/Image 61.czi,young,1.84122170779383,85902710,4.55128934648302,188,0,20201119expRhoAAF488YoungRFPcellsSlide3,2020,11,Microscopist 1,HSC,unknown
1717,0.4,0.0131788225549815,0.0131788225549815,20,1024,1024,3,../data/raw_data/young/20201119expRhoAAF488YoungRFPcellsSlide3/Image 62.czi,young,1.77725234260079,96597683,4.60613646507263,214,0,20201119expRhoAAF488YoungRFPcellsSlide3,2020,11,Microscopist 1,HSC,unknown
1718,0.4,0.0131788225549815,0.0131788225549815,20,1024,1024,3,../data/raw_data/young/20201119expRhoAAF488YoungRFPcellsSlide3/Image 63.czi,young,1.82693994547306,86984163,4.14772810935974,178,0,20201119expRhoAAF488YoungRFPcellsSlide3,2020,11,Microscopist 1,HSC,unknown
1719,0.4,0.0131788225549815,0.0131788225549815,20,1024,1024,3,../data/raw_data/young/20201119expRhoAAF488YoungRFPcellsSlide3/Image 64.czi,young,1.83399638833293,96851087,4.61821970939636,193,0,20201119expRhoAAF488YoungRFPcellsSlide3,2020,11,Microscopist 1,HSC,unknown
1720,0.4,0.0131788225549815,0.0131788225549815,20,1024,1024,3,../data/raw_data/young/20201119expRhoAAF488YoungRFPcellsSlide3/Image 65.czi,young,1.81793092132138,83980248,4.00449028015137,196,0,20201119expRhoAAF488YoungRFPcellsSlide3,2020,11,Microscopist 1,HSC,unknown
1721,0.4,0.0131788225549815,0.0131788225549815,18,1024,1024,3,../data/raw_data/young/20201119expRhoAAF488YoungRFPcellsSlide3/Image 66.czi,young,1.90077928060015,83934738,4.44702243804932,192,0,20201119expRhoAAF488YoungRFPcellsSlide3,2020,11,Microscopist 1,HSC,unknown
1722,0.4,0.0131788225549815,0.0131788225549815,22,1024,1024,3,../data/raw_data/young/20201119expRhoAAF488YoungRFPcellsSlide3/Image 67.czi,young,1.72010873054051,72083272,3.12472568858754,153,0,20201119expRhoAAF488YoungRFPcellsSlide3,2020,11,Microscopist 1,HSC,unknown
1723,0.4,0.0131788225549815,0.0131788225549815,18,1024,1024,2,../data/raw_data/young/20201119expYH3k9me2AF488/Image 10.czi,young,1.65349471487433,77611619,4.11201153861152,229,0,20201119expYH3k9me2AF488,2020,14,Microscopist 1,HSC,unknown
1724,0.4,0.0131788225549815,0.0131788225549815,20,1024,1024,2,../data/raw_data/young/20201119expYH3k9me2AF488/Image 11.czi,young,1.62974254894766,71179582,3.39410696029663,191,0,20201119expYH3k9me2AF488,2020,14,Microscopist 1,HSC,unknown
1725,0.4,0.0131788225549815,0.0131788225549815,21,1024,1024,2,../data/raw_data/young/20201119expYH3k9me2AF488/Image 12.czi,young,1.43357497480563,66693440,3.02875337146577,186,0,20201119expYH3k9me2AF488,2020,14,Microscopist 1,HSC,unknown
1726,0.4,0.0131788225549815,0.0131788225549815,18,1024,1024,2,../data/raw_data/young/20201119expYH3k9me2AF488/Image 14.czi,young,1.56438904539196,57718695,3.0580464998881,160,0,20201119expYH3k9me2AF488,2020,14,Microscopist 1,HSC,unknown
1727,0.4,0.0131788225549815,0.0131788225549815,19,1024,1024,2,../data/raw_data/young/20201119expYH3k9me2AF488/Image 15.czi,young,1.375570416963,55138257,2.7675757659109,165,0,20201119expYH3k9me2AF488,2020,14,Microscopist 1,HSC,unknown
1728,0.4,0.0131788225549815,0.0131788225549815,17,1024,1024,1,../data/raw_data/young/20201119expYH3k9me2AF488/Image 16.czi,young,0.654593545511961,2503402,0.140437070061179,88,0,20201119expYH3k9me2AF488,2020,14,Microscopist 1,HSC,unknown
1729,0.4,0.0131788225549815,0.0131788225549815,17,1024,1024,2,../data/raw_data/young/20201119expYH3k9me2AF488/Image 17.czi,young,1.52652399374555,57568877,3.22952702466179,151,0,20201119expYH3k9me2AF488,2020,14,Microscopist 1,HSC,unknown
1730,0.4,0.0131788225549815,0.0131788225549815,17,1024,1024,2,../data/raw_data/young/20201119expYH3k9me2AF488/Image 18.czi,young,1.34406973899513,48829669,2.73927065905403,150,0,20201119expYH3k9me2AF488,2020,14,Microscopist 1,HSC,unknown
1731,0.4,0.0131788225549815,0.0131788225549815,18,1024,1024,2,../data/raw_data/young/20201119expYH3k9me2AF488/Image 19.czi,young,1.56008431648019,59171847,3.13503726323446,175,0,20201119expYH3k9me2AF488,2020,14,Microscopist 1,HSC,unknown
1732,0.4,0.0131788225549815,0.0131788225549815,19,1024,1024,2,../data/raw_data/young/20201119expYH3k9me2AF488/Image 20.czi,young,1.42605715249154,61374598,3.08059883117676,172,0,20201119expYH3k9me2AF488,2020,14,Microscopist 1,HSC,unknown
1733,0.4,0.0131788225549815,0.0131788225549815,17,1024,1024,2,../data/raw_data/young/20201119expYH3k9me2AF488/Image 21.czi,young,1.5453411747052,53761264,3.01592568790211,137,0,20201119expYH3k9me2AF488,2020,14,Microscopist 1,HSC,unknown
1734,0.4,0.0131788225549815,0.0131788225549815,17,1024,1024,2,../data/raw_data/young/20201119expYH3k9me2AF488/Image 22.czi,young,1.51751496959386,45650727,2.56093681559843,138,0,20201119expYH3k9me2AF488,2020,14,Microscopist 1,HSC,unknown
1735,0.4,0.0131788225549815,0.0131788225549815,17,1024,1024,2,../data/raw_data/young/20201119expYH3k9me2AF488/Image 23.czi,young,1.52394115639849,64760405,3.63296088050394,185,0,20201119expYH3k9me2AF488,2020,14,Microscopist 1,HSC,unknown
1736,0.4,0.0131788225549815,0.0131788225549815,18,1024,1024,2,../data/raw_data/young/20201119expYH3k9me2AF488/Image 24.czi,young,1.60702020540437,68011836,3.60339673360189,175,0,20201119expYH3k9me2AF488,2020,14,Microscopist 1,HSC,unknown
1737,0.4,0.0131788225549815,0.0131788225549815,23,1024,1024,2,../data/raw_data/young/20201119expYoungTAZaf488repeat/Image 100.czi,young,5.17477683054333,442990861,18.3682176755822,255,0,20201119expYoungTAZaf488repeat,2020,9,Microscopist 1,HSC,unknown
1738,0.4,0.0131788225549815,0.0131788225549815,24,1024,1024,2,../data/raw_data/young/20201119expYoungTAZaf488repeat/Image 101.czi,young,5.07904519109228,450672451,17.9081142346064,255,0,20201119expYoungTAZaf488repeat,2020,9,Microscopist 1,HSC,unknown
1739,0.4,0.0131788225549815,0.0131788225549815,24,1024,1024,2,../data/raw_data/young/20201119expYoungTAZaf488repeat/Image 103.czi,young,5.98927116386346,540800846,21.4894948800405,255,0,20201119expYoungTAZaf488repeat,2020,9,Microscopist 1,HSC,unknown
1740,0.4,0.0131788225549815,0.0131788225549815,24,1024,1024,2,../data/raw_data/young/20201119expYoungTAZaf488repeat/Image 104.czi,young,5.80776835559311,453019726,18.0013865629832,255,0,20201119expYoungTAZaf488repeat,2020,9,Microscopist 1,HSC,unknown
1741,0.4,0.0131788225549815,0.0131788225549815,24,1024,1024,2,../data/raw_data/young/20201119expYoungTAZaf488repeat/Image 105.czi,young,5.85030901490779,483127566,19.1977646350861,255,0,20201119expYoungTAZaf488repeat,2020,9,Microscopist 1,HSC,unknown
1742,0.4,0.0131788225549815,0.0131788225549815,23,1024,1024,2,../data/raw_data/young/20201119expYoungTAZaf488repeat/Image 106.czi,young,5.59258603631876,480027826,19.9039221224578,255,0,20201119expYoungTAZaf488repeat,2020,9,Microscopist 1,HSC,unknown
1743,0.4,0.0131788225549815,0.0131788225549815,30,1024,1024,2,../data/raw_data/young/20201119expYoungTAZaf488repeat/Image 96.czi,young,5.0791379107814,491949331,15.6386480649312,255,0,20201119expYoungTAZaf488repeat,2020,9,Microscopist 1,HSC,unknown
1744,0.4,0.0131788225549815,0.0131788225549815,24,1024,1024,2,../data/raw_data/young/20201119expYoungTAZaf488repeat/Image 97.czi,young,5.81479611088134,443329905,17.6163476705551,255,0,20201119expYoungTAZaf488repeat,2020,9,Microscopist 1,HSC,unknown
1745,0.4,0.0131788225549815,0.0131788225549815,24,1024,1024,2,../data/raw_data/young/20201119expYoungTAZaf488repeat/Image 99.czi,young,5.61696845830068,483991966,19.2321128050486,255,0,20201119expYoungTAZaf488repeat,2020,9,Microscopist 1,HSC,unknown
1746,0.4,0.0131788225549815,0.0131788225549815,21,1024,1024,3,../data/raw_data/young/20201218expSlide10Y2TazCy3/Image 10.czi,young,5.0043140036198,353781246,16.0662899017334,255,0,20201218expSlide10Y2TazCy3,2020,10,Microscopist 1,HSC,unknown
1747,0.4,0.0131788225549815,0.0131788225549815,24,1024,1024,3,../data/raw_data/young/20201218expSlide10Y2TazCy3/Image 11.czi,young,5.2366865509696,448897737,17.8375934362412,255,0,20201218expSlide10Y2TazCy3,2020,10,Microscopist 1,HSC,unknown
1748,0.4,0.0131788225549815,0.0131788225549815,25,1024,1024,3,../data/raw_data/young/20201218expSlide10Y2TazCy3/Image 12.czi,young,4.74951161557989,416385509,15.8838466262817,255,0,20201218expSlide10Y2TazCy3,2020,10,Microscopist 1,HSC,unknown
1749,0.4,0.0131788225549815,0.0131788225549815,24,1024,1024,3,../data/raw_data/young/20201218expSlide10Y2TazCy3/Image 13.czi,young,5.21125774382709,443581947,17.6263629198074,255,0,20201218expSlide10Y2TazCy3,2020,10,Microscopist 1,HSC,unknown
1750,0.4,0.0131788225549815,0.0131788225549815,26,1024,1024,3,../data/raw_data/young/20201218expSlide10Y2TazCy3/Image 14.czi,young,4.94366479530402,349506731,12.8198304909926,255,0,20201218expSlide10Y2TazCy3,2020,10,Microscopist 1,HSC,unknown
1751,0.4,0.0131788225549815,0.0131788225549815,23,1024,1024,3,../data/raw_data/young/20201218expSlide10Y2TazCy3/Image 15.czi,young,5.07115870901309,368656734,15.2860199472179,255,0,20201218expSlide10Y2TazCy3,2020,10,Microscopist 1,HSC,unknown
1752,0.4,0.0131788225549815,0.0131788225549815,25,1024,1024,3,../data/raw_data/young/20201218expSlide10Y2TazCy3/Image 16.czi,young,4.75318608843642,416147277,15.8747587966919,255,0,20201218expSlide10Y2TazCy3,2020,10,Microscopist 1,HSC,unknown
1753,0.4,0.0131788225549815,0.0131788225549815,23,1024,1024,3,../data/raw_data/young/20201218expSlide10Y2TazCy3/Image 17.czi,young,5.10279735701895,351566747,14.5773990050606,255,0,20201218expSlide10Y2TazCy3,2020,10,Microscopist 1,HSC,unknown
1754,0.4,0.0131788225549815,0.0131788225549815,21,1024,1024,3,../data/raw_data/young/20201218expSlide10Y2TazCy3/Image 18.czi,young,4.80356576049002,333844141,15.1608849025908,255,0,20201218expSlide10Y2TazCy3,2020,10,Microscopist 1,HSC,unknown
1755,0.4,0.0131788225549815,0.0131788225549815,24,1024,1024,3,../data/raw_data/young/20201218expSlide10Y2TazCy3/Image 19.czi,young,5.17918862293005,389112315,15.4619342088699,255,0,20201218expSlide10Y2TazCy3,2020,10,Microscopist 1,HSC,unknown
1756,0.4,0.0131788225549815,0.0131788225549815,22,1024,1024,3,../data/raw_data/young/20201218expSlide7Y1TazCy3/Image 12.czi,young,4.88658299636982,217861182,9.4440279006958,255,0,20201218expSlide7Y1TazCy3,2020,10,Microscopist 1,HSC,unknown
1757,0.4,0.0131788225549815,0.0131788225549815,22,1024,1024,3,../data/raw_data/young/20201218expSlide7Y1TazCy3/Image 13.czi,young,4.65132076503394,227813751,9.87546014785767,255,0,20201218expSlide7Y1TazCy3,2020,10,Microscopist 1,HSC,unknown
1758,0.4,0.0131788225549815,0.0131788225549815,22,1024,1024,3,../data/raw_data/young/20201218expSlide7Y1TazCy3/Image 14.czi,young,4.60160225559862,239875244,10.3983117883856,255,0,20201218expSlide7Y1TazCy3,2020,10,Microscopist 1,HSC,unknown
1759,0.4,0.0131788225549815,0.0131788225549815,25,1024,1024,3,../data/raw_data/young/20201218expSlide7Y1TazCy3/Image 17.czi,young,4.3702595306322,249926383,9.53393489837646,255,0,20201218expSlide7Y1TazCy3,2020,10,Microscopist 1,HSC,unknown
1760,0.4,0.0131788225549815,0.0131788225549815,20,1024,1024,3,../data/raw_data/young/20201218expSlide7Y1TazCy3/Image 18.czi,young,4.66557162079166,237376369,11.3189873218536,255,0,20201218expSlide7Y1TazCy3,2020,10,Microscopist 1,HSC,unknown
1761,0.4,0.0131788225549815,0.0131788225549815,22,1024,1024,2,../data/raw_data/young/20201218expSlide7Y1TazCy3/Image 4.czi,young,4.872408297524,244223180,10.5867897380482,255,0,20201218expSlide7Y1TazCy3,2020,10,Microscopist 1,HSC,unknown
1762,0.4,0.0131788225549815,0.0131788225549815,23,1024,1024,2,../data/raw_data/young/20201218expSlide7Y1TazCy3/Image 5.czi,young,4.7243300609417,279813081,11.602197771487,255,0,20201218expSlide7Y1TazCy3,2020,10,Microscopist 1,HSC,unknown
1763,0.4,0.0131788225549815,0.0131788225549815,23,1024,1024,2,../data/raw_data/young/20201218expSlide7Y1TazCy3/Image 7.czi,young,4.37502563899819,248576326,10.3069938162099,255,0,20201218expSlide7Y1TazCy3,2020,10,Microscopist 1,HSC,unknown
1764,0.4,0.0131788225549815,0.0131788225549815,20,1024,1024,2,../data/raw_data/young/20201218expSlide7Y1TazCy3/Image 8.czi,young,3.8835459746967,196095015,9.35053896903992,255,0,20201218expSlide7Y1TazCy3,2020,10,Microscopist 1,HSC,unknown
1765,0.4,0.0131788225549815,0.0131788225549815,21,1024,1024,2,../data/raw_data/young/20201218expSlide7Y1TazCy3/Image 9.czi,young,3.63115754740284,198239288,9.00265321277437,255,0,20201218expSlide7Y1TazCy3,2020,10,Microscopist 1,HSC,unknown
1766,0.4,0.0131788225549815,0.0131788225549815,20,1024,1024,3,../data/raw_data/young/20201218expY1RhoAAF488/Image 10.czi,young,2.081911210114,102686251,4.89646201133728,244,0,20201218expY1RhoAAF488,2020,10,Microscopist 1,HSC,unknown
1767,0.4,0.0131788225549815,0.0131788225549815,20,1024,1024,3,../data/raw_data/young/20201218expY1RhoAAF488/Image 11.czi,young,2.04341590241234,100699585,4.8017303943634,218,0,20201218expY1RhoAAF488,2020,10,Microscopist 1,HSC,unknown
1768,0.4,0.0131788225549815,0.0131788225549815,18,1024,1024,3,../data/raw_data/young/20201218expY1RhoAAF488/Image 12.czi,young,2.25667876594931,106607016,5.64824295043945,237,0,20201218expY1RhoAAF488,2020,10,Microscopist 1,HSC,unknown
1769,0.4,0.0131788225549815,0.0131788225549815,19,1024,1024,3,../data/raw_data/young/20201218expY1RhoAAF488/Image 14.czi,young,1.90892735896948,102330435,5.13631092874627,233,0,20201218expY1RhoAAF488,2020,10,Microscopist 1,HSC,unknown
1770,0.4,0.0131788225549815,0.0131788225549815,19,1024,1024,3,../data/raw_data/young/20201218expY1RhoAAF488/Image 15.czi,young,1.98070704932979,96322751,4.83476493233129,211,0,20201218expY1RhoAAF488,2020,10,Microscopist 1,HSC,unknown
1771,0.4,0.0131788225549815,0.0131788225549815,19,1024,1024,3,../data/raw_data/young/20201218expY1RhoAAF488/Image 16.czi,young,2.19413878946779,114348607,5.739543663828,238,0,20201218expY1RhoAAF488,2020,10,Microscopist 1,HSC,unknown
1772,0.4,0.0131788225549815,0.0131788225549815,19,1024,1024,3,../data/raw_data/young/20201218expY1RhoAAF488/Image 17.czi,young,1.94254949483019,98011129,4.91951033943578,240,0,20201218expY1RhoAAF488,2020,10,Microscopist 1,HSC,unknown
1773,0.4,0.0131788225549815,0.0131788225549815,19,1024,1024,3,../data/raw_data/young/20201218expY1RhoAAF488/Image 18.czi,young,1.96974544388629,103980686,5.21914261265805,255,0,20201218expY1RhoAAF488,2020,10,Microscopist 1,HSC,unknown
1774,0.4,0.0131788225549815,0.0131788225549815,21,1024,1024,3,../data/raw_data/young/20201218expY1RhoAAF488/Image 7.czi,young,1.80014356274511,110008911,4.99584157126291,255,0,20201218expY1RhoAAF488,2020,10,Microscopist 1,HSC,unknown
1775,0.4,0.0131788225549815,0.0131788225549815,20,1024,1024,3,../data/raw_data/young/20201218expY1RhoAAF488/Image 9.czi,young,2.07101141779657,101617320,4.84549140930176,239,0,20201218expY1RhoAAF488,2020,10,Microscopist 1,HSC,unknown
1776,0.4,0.0131788225549815,0.0131788225549815,22,1024,1024,3,../data/raw_data/young/20201218expY2RhoAAF488/Image 19.czi,young,1.95712376000415,220980798,9.57925961234353,255,0,20201218expY2RhoAAF488,2020,10,Microscopist 1,HSC,unknown
1777,0.4,0.0131788225549815,0.0131788225549815,22,1024,1024,3,../data/raw_data/young/20201218expY2RhoAAF488/Image 20.czi,young,1.94082760326548,203021754,8.80075602097945,255,0,20201218expY2RhoAAF488,2020,10,Microscopist 1,HSC,unknown
1778,0.4,0.0131788225549815,0.0131788225549815,21,1024,1024,3,../data/raw_data/young/20201218expY2RhoAAF488/Image 21.czi,young,1.81988350261319,193859877,8.80377074650356,255,0,20201218expY2RhoAAF488,2020,10,Microscopist 1,HSC,unknown
1779,0.4,0.0131788225549815,0.0131788225549815,21,1024,1024,3,../data/raw_data/young/20201218expY2RhoAAF488/Image 22.czi,young,1.94364113033966,194856892,8.84904825119745,255,0,20201218expY2RhoAAF488,2020,10,Microscopist 1,HSC,unknown
1780,0.4,0.0131788225549815,0.0131788225549815,20,1024,1024,3,../data/raw_data/young/20201218expY2RhoAAF488/Image 23.czi,young,1.95454092265708,190739585,9.09517216682434,255,0,20201218expY2RhoAAF488,2020,10,Microscopist 1,HSC,unknown
1781,0.4,0.0131788225549815,0.0131788225549815,21,1024,1024,3,../data/raw_data/young/20201218expY2RhoAAF488/Image 24.czi,young,1.83399638833293,188494147,8.56009651365734,255,0,20201218expY2RhoAAF488,2020,10,Microscopist 1,HSC,unknown
1782,0.4,0.0131788225549815,0.0131788225549815,21,1024,1024,3,../data/raw_data/young/20201218expY2RhoAAF488/Image 25.czi,young,1.83164424071298,194904667,8.85121786026728,255,0,20201218expY2RhoAAF488,2020,10,Microscopist 1,HSC,unknown
1783,0.4,0.0131788225549815,0.0131788225549815,23,1024,1024,3,../data/raw_data/young/20201218expY2RhoAAF488/Image 26.czi,young,1.73631216759006,198988384,8.25087439495584,255,0,20201218expY2RhoAAF488,2020,10,Microscopist 1,HSC,unknown
1784,0.4,0.0131788225549815,0.0131788225549815,21,1024,1024,3,../data/raw_data/young/20201218expY2RhoAAF488/Image 27.czi,young,1.99309804348482,226663119,10.293466431754,255,0,20201218expY2RhoAAF488,2020,10,Microscopist 1,HSC,unknown
1785,0.4,0.0131788225549815,0.0131788225549815,20,1024,1024,3,../data/raw_data/young/20201218expY2RhoAAF488/Image 29.czi,young,2.17979521402094,230598783,10.9958068370819,255,0,20201218expY2RhoAAF488,2020,10,Microscopist 1,HSC,unknown
1786,0.4,0.0131788225549815,0.0131788225549815,21,1024,1024,2,../data/raw_data/young/20210603exp20210623YoungActin555/Image 12.czi,young,0.960574738261739,160525599,7.28995909009661,255,0,20210603exp20210623YoungActin555,2021,5,Microscopist 1,HSC,unknown
1787,0.4,0.0131788225549815,0.0131788225549815,20,1024,1024,2,../data/raw_data/young/20210603exp20210623YoungActin555/Image 13.czi,young,1.08605425755291,138671330,6.61236429214478,255,0,20210603exp20210623YoungActin555,2021,5,Microscopist 1,HSC,unknown
1788,0.4,0.0131788225549815,0.0131788225549815,21,1024,1024,2,../data/raw_data/young/20210603exp20210623YoungActin555/Image 14.czi,young,0.97061358479681,161683783,7.34255577269055,255,0,20210603exp20210623YoungActin555,2021,5,Microscopist 1,HSC,unknown
1789,0.4,0.0131788225549815,0.0131788225549815,24,1024,1024,2,../data/raw_data/young/20210603exp20210623YoungActin555/Image 16.czi,young,1.06293234768149,162067883,6.43999906380971,255,0,20210603exp20210623YoungActin555,2021,5,Microscopist 1,HSC,unknown
1790,0.4,0.0131788225549815,0.0131788225549815,28,1024,1024,2,../data/raw_data/young/20210603exp20210623YoungActin555/Image 18.czi,young,0.997241090923738,145749037,4.96418261528015,255,0,20210603exp20210623YoungActin555,2021,5,Microscopist 1,HSC,unknown
1791,0.4,0.0131788225549815,0.0131788225549815,19,1024,1024,2,../data/raw_data/young/20210603expYLaminACaf488/Image 26.czi,young,2.12265160196066,92143187,4.6249784670378,234,0,20210603expYLaminACaf488,2021,7,Microscopist 1,HSC,unknown
1792,0.4,0.0131788225549815,0.0131788225549815,16,1024,1024,2,../data/raw_data/young/20210603expYLaminACaf488/Image 27.czi,young,2.24531759417766,88677997,5.28562051057816,247,0,20210603expYLaminACaf488,2021,7,Microscopist 1,HSC,unknown
1793,0.4,0.0131788225549815,0.0131788225549815,21,1024,1024,2,../data/raw_data/young/20210603expYLaminACaf488/Image 28.czi,young,2.02608992329029,95285686,4.32721483139765,255,0,20210603expYLaminACaf488,2021,7,Microscopist 1,HSC,unknown
1794,0.4,0.0131788225549815,0.0131788225549815,20,1024,1024,2,../data/raw_data/young/20210603expYLaminACaf488/Image 29.czi,young,2.32776638712829,89919084,4.28767604827881,217,0,20210603expYLaminACaf488,2021,7,Microscopist 1,HSC,unknown
1795,0.4,0.0131788225549815,0.0131788225549815,19,1024,1024,2,../data/raw_data/young/20210603expYLaminACaf488/Image 31.czi,young,2.01380599261021,106107597,5.3258994754992,255,0,20210603expYLaminACaf488,2021,7,Microscopist 1,HSC,unknown
1796,0.4,0.0131788225549815,0.0131788225549815,20,1024,1024,2,../data/raw_data/young/20210603expYLaminACaf488/Image 35.czi,young,2.63586903777092,132557306,6.32082490921021,215,0,20210603expYLaminACaf488,2021,7,Microscopist 1,HSC,unknown
1797,0.4,0.0131788225549815,0.0131788225549815,14,1024,1024,2,../data/raw_data/young/20210603expYLaminACaf488/Image 37.czi,young,2.52519447338081,92016092,6.26809883117676,255,0,20210603expYLaminACaf488,2021,7,Microscopist 1,HSC,unknown
1798,0.368961137123203,0.0131788225549815,0.0131788225549815,22,1024,1024,3,../data/raw_data/young/20220420_20220419exp_YRhoAGTPCy3H4K16ac/Image 26_Y_220420.czi,young,1.52331090034324,126256110,5.47305497256192,245,0,20220420_20220419exp_YRhoAGTPCy3H4K16ac,2022,11,Microscopist 1,HSC,unknown
1799,0.368961137123203,0.0131788225549815,0.0131788225549815,20,1024,1024,3,../data/raw_data/young/20220420_20220419exp_YRhoAGTPCy3H4K16ac/Image 27_Y_220420.czi,young,1.72865637523798,146294675,6.97587370872498,255,0,20220420_20220419exp_YRhoAGTPCy3H4K16ac,2022,11,Microscopist 1,HSC,unknown
1800,0.368961137123203,0.0131788225549815,0.0131788225549815,25,1024,1024,3,../data/raw_data/young/20220420_20220419exp_YRhoAGTPCy3H4K16ac/Image 28_Y_220420.czi,young,1.5834987292048,147435227,5.62420757293701,255,0,20220420_20220419exp_YRhoAGTPCy3H4K16ac,2022,11,Microscopist 1,HSC,unknown
1801,0.368961137123203,0.0131788225549815,0.0131788225549815,23,1024,1024,3,../data/raw_data/young/20220420_20220419exp_YRhoAGTPCy3H4K16ac/Image 2_Y_220420.czi,young,1.72544328183567,194594322,8.06867856564729,255,0,20220420_20220419exp_YRhoAGTPCy3H4K16ac,2022,11,Microscopist 1,HSC,unknown
1802,0.368961137123203,0.0131788225549815,0.0131788225549815,22,1024,1024,3,../data/raw_data/young/20220420_20220419exp_YRhoAGTPCy3H4K16ac/Image 3_Y_220420.czi,young,1.87702711467347,182078160,7.89287567138672,255,0,20220420_20220419exp_YRhoAGTPCy3H4K16ac,2022,11,Microscopist 1,HSC,unknown
1803,0.368961137123203,0.0131788225549815,0.0131788225549815,22,1024,1024,3,../data/raw_data/young/20220420_20220419exp_YRhoAGTPCy3H4K16ac/Image 4_Y_220420.czi,young,1.90829710291423,181665237,7.87497594139793,255,0,20220420_20220419exp_YRhoAGTPCy3H4K16ac,2022,11,Microscopist 1,HSC,unknown
1804,0.368961137123203,0.0131788225549815,0.0131788225549815,25,1024,1024,3,../data/raw_data/young/20220420_20220419exp_YRhoAGTPCy3H4K16ac/Image 5_Y_220420.czi,young,1.78752187886297,178222358,6.7986434173584,255,0,20220420_20220419exp_YRhoAGTPCy3H4K16ac,2022,11,Microscopist 1,HSC,unknown
1805,0.368961137123203,0.0131788225549815,0.0131788225549815,24,1024,1024,3,../data/raw_data/young/20220420_20220419exp_YRhoAGTPCy3H4K16ac/Image 6_Y_220420.czi,young,1.81580946342853,175839481,6.9872332016627,255,0,20220420_20220419exp_YRhoAGTPCy3H4K16ac,2022,11,Microscopist 1,HSC,unknown
1806,0.368961137123203,0.0131788225549815,0.0131788225549815,25,1024,1024,3,../data/raw_data/young/20220420_20220419exp_YRhoAGTPCy3H4K16ac/Image 7_Y_220420.czi,young,1.76692099321253,167246460,6.37994613647461,255,0,20220420_20220419exp_YRhoAGTPCy3H4K16ac,2022,11,Microscopist 1,HSC,unknown
1807,0.368961137123203,0.0131788225549815,0.0131788225549815,21,1024,1024,3,../data/raw_data/young/20220420_20220419exp_YRhoAGTPCy3H4K16ac/Image 8_Y_220420.czi,young,1.68860805257264,172026752,7.81226167224702,255,0,20220420_20220419exp_YRhoAGTPCy3H4K16ac,2022,11,Microscopist 1,HSC,unknown
1808,0.368961137123203,0.0131788225549815,0.0131788225549815,27,1024,1024,2,../data/raw_data/young/20220427_20220419exp_YRhoAGTPCy3/Image 10_Y_220427.czi,young,2.16803447592116,223817331,7.90551259782579,255,0,20220427_20220419exp_YRhoAGTPCy3,2022,10,Microscopist 1,HSC,unknown
1809,0.368961137123203,0.0131788225549815,0.0131788225549815,25,1024,1024,2,../data/raw_data/young/20220427_20220419exp_YRhoAGTPCy3/Image 11_Y_220427.czi,young,2.21387872933587,223876129,8.5401965713501,255,0,20220427_20220419exp_YRhoAGTPCy3,2022,10,Microscopist 1,HSC,unknown
1810,0.368961137123203,0.0131788225549815,0.0131788225549815,23,1024,1024,2,../data/raw_data/young/20220427_20220419exp_YRhoAGTPCy3/Image 12_Y_220427.czi,young,2.19327784368543,241654354,10.0199804720671,255,0,20220427_20220419exp_YRhoAGTPCy3,2022,10,Microscopist 1,HSC,unknown
1811,0.368961137123203,0.0131788225549815,0.0131788225549815,23,1024,1024,2,../data/raw_data/young/20220427_20220419exp_YRhoAGTPCy3/Image 1_Y_220427.czi,young,2.30315327541927,230975755,9.57720196765402,255,0,20220427_20220419exp_YRhoAGTPCy3,2022,10,Microscopist 1,HSC,unknown
1812,0.368961137123203,0.0131788225549815,0.0131788225549815,24,1024,1024,2,../data/raw_data/young/20220427_20220419exp_YRhoAGTPCy3/Image 2_Y_220427.czi,young,2.42777184892809,226490443,8.99992160002391,255,0,20220427_20220419exp_YRhoAGTPCy3,2022,10,Microscopist 1,HSC,unknown
1813,0.368961137123203,0.0131788225549815,0.0131788225549815,22,1024,1024,2,../data/raw_data/young/20220427_20220419exp_YRhoAGTPCy3/Image 3_Y_220427.czi,young,2.41044586980604,225373460,9.76967638189142,255,0,20220427_20220419exp_YRhoAGTPCy3,2022,10,Microscopist 1,HSC,unknown
1814,0.368961137123203,0.0131788225549815,0.0131788225549815,26,1024,1024,2,../data/raw_data/young/20220427_20220419exp_YRhoAGTPCy3/Image 5_Y_220427.czi,young,2.32047925454132,207079922,7.59564627133883,255,0,20220427_20220419exp_YRhoAGTPCy3,2022,10,Microscopist 1,HSC,unknown
1815,0.368961137123203,0.0131788225549815,0.0131788225549815,22,1024,1024,2,../data/raw_data/young/20220427_20220419exp_YRhoAGTPCy3/Image 6_Y_220427.czi,young,2.36138852298901,209476449,9.08055951378563,255,0,20220427_20220419exp_YRhoAGTPCy3,2022,10,Microscopist 1,HSC,unknown
1816,0.368961137123203,0.0131788225549815,0.0131788225549815,29,1024,1024,2,../data/raw_data/young/20220427_20220419exp_YRhoAGTPCy3/Image 7_Y_220427.czi,young,2.06975090568608,210638547,6.92691628686313,255,0,20220427_20220419exp_YRhoAGTPCy3,2022,10,Microscopist 1,HSC,unknown
1817,0.368961137123203,0.0131788225549815,0.0131788225549815,24,1024,1024,2,../data/raw_data/young/20220427_20220419exp_YRhoAGTPCy3/Image 9_Y_220427.czi,young,2.36052757720665,224356372,8.91512123743693,255,0,20220427_20220419exp_YRhoAGTPCy3,2022,10,Microscopist 1,HSC,unknown
1818,0.368961137123203,0.0131788225549815,0.0131788225549815,22,1024,1024,3,../data/raw_data/young/20220502_20220419exp_YRhoAGTPCy3H4K16ac/Image 11.czi,young,1.70914712509701,91953240,3.98606560446999,186,0,20220502_20220419exp_YRhoAGTPCy3H4K16ac,2022,9,Microscopist 1,HSC,unknown
1819,0.368961137123203,0.0131788225549815,0.0131788225549815,24,1024,1024,3,../data/raw_data/young/20220502_20220419exp_YRhoAGTPCy3H4K16ac/Image 12.czi,young,1.81965281288609,98683452,3.92132806777954,172,0,20220502_20220419exp_YRhoAGTPCy3H4K16ac,2022,9,Microscopist 1,HSC,unknown
1820,0.368961137123203,0.0131788225549815,0.0131788225549815,23,1024,1024,3,../data/raw_data/young/20220502_20220419exp_YRhoAGTPCy3H4K16ac/Image 13.czi,young,1.41837045357643,63284248,2.62402443263842,126,0,20220502_20220419exp_YRhoAGTPCy3H4K16ac,2022,9,Microscopist 1,HSC,unknown
1821,0.368961137123203,0.0131788225549815,0.0131788225549815,25,1024,1024,3,../data/raw_data/young/20220502_20220419exp_YRhoAGTPCy3H4K16ac/Image 14.czi,young,2.00807187498692,124939396,4.76605972290039,201,0,20220502_20220419exp_YRhoAGTPCy3H4K16ac,2022,9,Microscopist 1,HSC,unknown
1822,0.368961137123203,0.0131788225549815,0.0131788225549815,23,1024,1024,3,../data/raw_data/young/20220502_20220419exp_YRhoAGTPCy3H4K16ac/Image 15.czi,young,1.88666639488041,119550153,4.95703958428424,212,0,20220502_20220419exp_YRhoAGTPCy3H4K16ac,2022,9,Microscopist 1,HSC,unknown
1823,0.368961137123203,0.0131788225549815,0.0131788225549815,26,1024,1024,3,../data/raw_data/young/20220502_20220419exp_YRhoAGTPCy3H4K16ac/Image 16.czi,young,1.94168854904784,135650337,4.97562470802894,213,0,20220502_20220419exp_YRhoAGTPCy3H4K16ac,2022,9,Microscopist 1,HSC,unknown
1824,0.368961137123203,0.0131788225549815,0.0131788225549815,31,1024,1024,3,../data/raw_data/young/20220502_20220419exp_YRhoAGTPCy3H4K16ac/Image 18.czi,young,1.98919288090119,143538878,4.41578520497968,225,0,20220502_20220419exp_YRhoAGTPCy3H4K16ac,2022,9,Microscopist 1,HSC,unknown
1825,0.368961137123203,0.0131788225549815,0.0131788225549815,25,1024,1024,3,../data/raw_data/young/20220502_20220419exp_YRhoAGTPCy3H4K16ac/Image 19.czi,young,2.0761770924907,137670482,5.25171211242676,222,0,20220502_20220419exp_YRhoAGTPCy3H4K16ac,2022,9,Microscopist 1,HSC,unknown
1826,0.368961137123203,0.0131788225549815,0.0131788225549815,32,1024,1024,3,../data/raw_data/young/20220502_20220419exp_YRhoAGTPCy3H4K16ac/Image 20.czi,young,2.07038116174132,150269881,4.47839143872261,231,0,20220502_20220419exp_YRhoAGTPCy3H4K16ac,2022,9,Microscopist 1,HSC,unknown
1827,0.368961137123203,0.0131788225549815,0.0131788225549815,31,1024,1024,3,../data/raw_data/young/20230119exp_20230127_YoungRhoA647PPL2A/Image 25.czi,young,1.00125331698232,28102530,0.86453745442052,63,0,20230119exp_20230127_YoungRhoA647PPL2A,2023,15,Microscopist 1,HSC,unknown
1828,0.369,0.0131788225549815,0.0131788225549815,19,1024,1024,3,../data/raw_data/young/20230119exp_20230127_YoungRhoA647PPL2A/Image 26.czi,young,1.05157117590984,25205555,1.26515212811922,67,0,20230119exp_20230127_YoungRhoA647PPL2A,2023,15,Microscopist 1,HSC,unknown
1829,0.369,0.0131788225549815,0.0131788225549815,18,1024,1024,3,../data/raw_data/young/20230119exp_20230127_YoungRhoA647PPL2A/Image 27.czi,young,2.00674954975034,64655134,3.42555226220025,118,0,20230119exp_20230127_YoungRhoA647PPL2A,2023,15,Microscopist 1,HSC,unknown
1830,0.369,0.0131788225549815,0.0131788225549815,20,1024,1024,3,../data/raw_data/young/20230119exp_20230127_YoungRhoA647PPL2A/Image 28.czi,young,1.73978685728252,47240476,2.25260143280029,103,0,20230119exp_20230127_YoungRhoA647PPL2A,2023,15,Microscopist 1,HSC,unknown
1831,0.369,0.0131788225549815,0.0131788225549815,19,1024,1024,3,../data/raw_data/young/20230119exp_20230127_YoungRhoA647PPL2A/Image 29.czi,young,1.79010471621004,57016651,2.86185871927362,111,0,20230119exp_20230127_YoungRhoA647PPL2A,2023,15,Microscopist 1,HSC,unknown
1832,0.369,0.0131788225549815,0.0131788225549815,19,1024,1024,3,../data/raw_data/young/20230119exp_20230127_YoungRhoA647PPL2A/Image 30.czi,young,2.86353728988081,91636349,4.59953855213366,154,0,20230119exp_20230127_YoungRhoA647PPL2A,2023,15,Microscopist 1,HSC,unknown
1833,0.369,0.0131788225549815,0.0131788225549815,19,1024,1024,3,../data/raw_data/young/20230119exp_20230127_YoungRhoA647PPL2A/Image 31.czi,young,3.06693018348374,95990583,4.81809229599802,157,0,20230119exp_20230127_YoungRhoA647PPL2A,2023,15,Microscopist 1,HSC,unknown
1834,0.369,0.0131788225549815,0.0131788225549815,20,1024,1024,3,../data/raw_data/young/20230119exp_20230127_YoungRhoA647PPL2A/Image 32.czi,young,3.11254374717134,103221561,4.92198758125305,170,0,20230119exp_20230127_YoungRhoA647PPL2A,2023,15,Microscopist 1,HSC,unknown
1835,0.369,0.0131788225549815,0.0131788225549815,21,1024,1024,3,../data/raw_data/young/20230119exp_20230127_YoungRhoA647PPL2A/Image 33.czi,young,3.00140780332701,111613778,5.06872349693662,184,0,20230119exp_20230127_YoungRhoA647PPL2A,2023,15,Microscopist 1,HSC,unknown
1836,0.369,0.0131788225549815,0.0131788225549815,23,1024,1024,3,../data/raw_data/young/20230119exp_20230127_YoungRhoA647PPL2A/Image 34.czi,young,3.09091303913752,120904723,5.01320561118748,178,0,20230119exp_20230127_YoungRhoA647PPL2A,2023,15,Microscopist 1,HSC,unknown
1837,0.369,0.0131788225549815,0.0131788225549815,21,1024,1024,3,../data/raw_data/young/20230119exp_20230127_YoungRhoA647PPL2A/Image 35.czi,young,2.98425070080599,116744357,5.30171880267915,174,0,20230119exp_20230127_YoungRhoA647PPL2A,2023,15,Microscopist 1,HSC,unknown
1838,0.369,0.0131788225549815,0.0131788225549815,22,1024,1024,3,../data/raw_data/young/20230119exp_20230127_YoungRhoA647PPL2A/Image 36.czi,young,3.49431685634002,139109671,6.03024183620106,206,0,20230119exp_20230127_YoungRhoA647PPL2A,2023,15,Microscopist 1,HSC,unknown
1839,0.369,0.0131788225549815,0.0131788225549815,21,1024,1024,3,../data/raw_data/young/20230119exp_20230127_YoungRhoA647PPL2A/Image 37.czi,young,3.03744389993377,124422077,5.6503875823248,193,0,20230119exp_20230127_YoungRhoA647PPL2A,2023,15,Microscopist 1,HSC,unknown
1840,0.369,0.0131788225549815,0.0131788225549815,21,1024,1024,3,../data/raw_data/young/20230119exp_20230127_YoungRhoA647PPL2A/Image 38.czi,young,3.2288453657098,126850708,5.76067915416899,200,0,20230119exp_20230127_YoungRhoA647PPL2A,2023,15,Microscopist 1,HSC,unknown
1841,0.369,0.0131788225549815,0.0131788225549815,22,1024,1024,3,../data/raw_data/young/20230119exp_20230127_YoungRhoA647PPL2A/Image 39.czi,young,3.77545424765366,212551359,9.21385327252475,211,0,20230119exp_20230127_YoungRhoA647PPL2A,2023,15,Microscopist 1,HSC,unknown
1842,0.318961700873866,0.0131788225549815,0.0131788225549815,28,1024,1024,2,../data/raw_data/young/20230208exp_20230315Y_KLF4cy3/Image 7.czi,young,2.83501901558815,186648376,6.35720579964774,229,0,20230208exp_20230315Y_KLF4cy3,2023,3,Microscopist 1,HSC,unknown
1843,0.318961700873866,0.0131788225549815,0.0131788225549815,33,1024,1024,2,../data/raw_data/young/20230208exp_20230315Y_KLF4cy3/Image 8.czi,young,2.65090468239909,187196580,5.40983546863903,212,0,20230208exp_20230315Y_KLF4cy3,2023,3,Microscopist 1,HSC,unknown
1844,0.318961700873866,0.0131788225549815,0.0131788225549815,24,1024,1024,2,../data/raw_data/young/20230208exp_20230315Y_KLF4cy3/Image 9.czi,young,2.93714593528079,170841381,6.78862655162811,210,0,20230208exp_20230315Y_KLF4cy3,2023,3,Microscopist 1,HSC,unknown
1845,0.318961700873866,0.0131788225549815,0.0131788225549815,24,1024,1024,2,../data/raw_data/young/20230208exp_20230321Y_KLF4cy3/Image 23.czi,young,2.36770764631869,135901918,5.40025703112284,185,0,20230208exp_20230321Y_KLF4cy3,2023,7,Microscopist 1,HSC,unknown
1846,0.318961700873866,0.0131788225549815,0.0131788225549815,24,1024,1024,2,../data/raw_data/young/20230208exp_20230321Y_KLF4cy3/Image 24.czi,young,2.39736280646968,133611303,5.30923616886139,189,0,20230208exp_20230321Y_KLF4cy3,2023,7,Microscopist 1,HSC,unknown
1847,0.318961700873866,0.0131788225549815,0.0131788225549815,23,1024,1024,2,../data/raw_data/young/20230208exp_20230321Y_KLF4cy3/Image 25.czi,young,2.37510184238061,129286375,5.36074327385944,165,0,20230208exp_20230321Y_KLF4cy3,2023,7,Microscopist 1,HSC,unknown
1848,0.318961700873866,0.0131788225549815,0.0131788225549815,22,1024,1024,2,../data/raw_data/young/20230208exp_20230321Y_KLF4cy3/Image 26.czi,young,2.47636781629089,130489329,5.65656007419933,190,0,20230208exp_20230321Y_KLF4cy3,2023,7,Microscopist 1,HSC,unknown
1849,0.318961700873866,0.0131788225549815,0.0131788225549815,24,1024,1024,2,../data/raw_data/young/20230208exp_20230321Y_KLF4cy3/Image 27.czi,young,2.3504269175455,132177659,5.25226827462514,173,0,20230208exp_20230321Y_KLF4cy3,2023,7,Microscopist 1,HSC,unknown
1850,0.318961700873866,0.0131788225549815,0.0131788225549815,26,1024,1024,2,../data/raw_data/young/20230208exp_20230321Y_KLF4cy3/Image 28.czi,young,2.2594304798974,135299685,4.96276286932138,186,0,20230208exp_20230321Y_KLF4cy3,2023,7,Microscopist 1,HSC,unknown
1851,0.318961700873866,0.0131788225549815,0.0131788225549815,30,1024,1024,2,../data/raw_data/young/20230208exp_20230321Y_KLF4cy3/Image 30.czi,young,2.62456967912536,133724315,4.2509814898173,139,0,20230208exp_20230321Y_KLF4cy3,2023,7,Microscopist 1,HSC,unknown
1852,0.318961700873866,0.0131788225549815,0.0131788225549815,24,1024,1024,2,../data/raw_data/young/20230208exp_20230322Y_KLF4cy3/Image 13.czi,young,2.47527618078143,148887979,5.91627673308055,191,0,20230208exp_20230322Y_KLF4cy3,2023,3,Microscopist 1,HSC,unknown
1853,0.318961700873866,0.0131788225549815,0.0131788225549815,21,1024,1024,2,../data/raw_data/young/20230208exp_20230322Y_KLF4cy3/Image 14.czi,young,2.40872397824133,135018927,6.13162299564907,196,0,20230208exp_20230322Y_KLF4cy3,2023,3,Microscopist 1,HSC,unknown
1854,0.318961700873866,0.0131788225549815,0.0131788225549815,28,1024,1024,2,../data/raw_data/young/20230208exp_20230322Y_KLF4cy3/Image 15.czi,young,2.81424925333668,159378640,5.42840412684849,255,0,20230208exp_20230322Y_KLF4cy3,2023,3,Microscopist 1,HSC,unknown
1855,0.318961700873866,0.0131788225549815,0.0131788225549815,28,1024,1024,3,../data/raw_data/young/20230208exp_20230322_YRGPPLA2/Image 29.czi,young,1.15605024322244,85117789,2.8990946156638,93,0,20230208exp_20230322_YRGPPLA2,2023,8,Microscopist 1,HSC,unknown
1856,0.318961700873866,0.0131788225549815,0.0131788225549815,23,1024,1024,3,../data/raw_data/young/20230208exp_20230322_YRGPPLA2/Image 30.czi,young,1.09397164619514,71894092,2.98102387138035,82,0,20230208exp_20230322_YRGPPLA2,2023,8,Microscopist 1,HSC,unknown
1857,0.318961700873866,0.0131788225549815,0.0131788225549815,28,1024,1024,3,../data/raw_data/young/20230208exp_20230322_YRGPPLA2/Image 31.czi,young,1.12782447178296,79999304,2.72476005554199,94,0,20230208exp_20230322_YRGPPLA2,2023,8,Microscopist 1,HSC,unknown
1858,0.318961700873866,0.0131788225549815,0.0131788225549815,25,1024,1024,3,../data/raw_data/young/20230208exp_20230322_YRGPPLA2/Image 32.czi,young,1.09827637510691,75244761,2.87035984039307,91,0,20230208exp_20230322_YRGPPLA2,2023,8,Microscopist 1,HSC,unknown
1859,0.318961700873866,0.0131788225549815,0.0131788225549815,26,1024,1024,3,../data/raw_data/young/20230208exp_20230322_YRGPPLA2/Image 33.czi,young,1.11238926082665,72311289,2.65236227328961,90,0,20230208exp_20230322_YRGPPLA2,2023,8,Microscopist 1,HSC,unknown
1860,0.318961700873866,0.0131788225549815,0.0131788225549815,24,1024,1024,3,../data/raw_data/young/20230208exp_20230322_YRGPPLA2/Image 34.czi,young,1.13080687545816,86835948,3.45055055618286,68,0,20230208exp_20230322_YRGPPLA2,2023,8,Microscopist 1,HSC,unknown
1861,0.318961700873866,0.0131788225549815,0.0131788225549815,30,1024,1024,3,../data/raw_data/young/20230208exp_20230322_YRGPPLA2/Image 35.czi,young,1.09443302564936,77303831,2.45742260615031,88,0,20230208exp_20230322_YRGPPLA2,2023,8,Microscopist 1,HSC,unknown
1862,0.318961700873866,0.0131788225549815,0.0131788225549815,29,1024,1024,3,../data/raw_data/young/20230208exp_20230322_YRGPPLA2/Image 36.czi,young,1.05071023012749,78222071,2.57235793409676,98,0,20230208exp_20230322_YRGPPLA2,2023,8,Microscopist 1,HSC,unknown
1863,0.4,0.0131788225549815,0.0131788225549815,21,1024,1024,2,../data/raw_data/young/20210603YoungLaminACIF20210621/Image 10.czi,young,3.13291394309467,111815059,5.07786428360712,215,0,20210603YoungLaminACIF20210621,2021,4,Microscopist 1,HSC,unknown
1864,0.4,0.0131788225549815,0.0131788225549815,17,1024,1024,2,../data/raw_data/young/20210603YoungLaminACIF20210621/Image 11.czi,young,3.31875016784844,103118705,5.7848035587984,213,0,20210603YoungLaminACIF20210621,2021,4,Microscopist 1,HSC,unknown
1865,0.4,0.0131788225549815,0.0131788225549815,17,1024,1024,2,../data/raw_data/young/20210603YoungLaminACIF20210621/Image 8.czi,young,3.02108593006902,112553044,6.31405572330251,253,0,20210603YoungLaminACIF20210621,2021,4,Microscopist 1,HSC,unknown
1866,0.4,0.0131788225549815,0.0131788225549815,17,1024,1024,2,../data/raw_data/young/20210603YoungLaminACIF20210621/Image 9.czi,young,3.12688732261819,112484664,6.31021970861098,245,0,20210603YoungLaminACIF20210621,2021,4,Microscopist 1,HSC,unknown
1867,0.4,0.0131788225549815,0.0131788225549815,16,1024,1024,2,../data/raw_data/young/20210603expYLaminACAF488_2/Image 24.czi,young,2.95625561909363,78881950,4.70173060894012,196,0,20210603expYLaminACAF488_2,2021,7,Microscopist 1,HSC,unknown
1868,0.4,0.0131788225549815,0.0131788225549815,19,1024,1024,2,../data/raw_data/young/20210603expYLaminACAF488_2/Image 25.czi,young,2.78786899971408,80775590,4.05440029345061,174,0,20210603expYLaminACAF488_2,2021,7,Microscopist 1,HSC,unknown
1869,0.4,0.0131788225549815,0.0131788225549815,14,1024,1024,2,../data/raw_data/young/20210603expYLaminACAF488_2/Image 26.czi,young,2.85625015729384,68396838,4.6591648374285,192,0,20210603expYLaminACAF488_2,2021,7,Microscopist 1,HSC,unknown
1870,0.4,0.0131788225549815,0.0131788225549815,15,1024,1024,2,../data/raw_data/young/20210603expYLaminACAF488_2/Image 27.czi,young,2.81597114490139,68843521,4.37695318857829,176,0,20210603expYLaminACAF488_2,2021,7,Microscopist 1,HSC,unknown
1871,0.4,0.0131788225549815,0.0131788225549815,16,1024,1024,2,../data/raw_data/young/20210603expYLaminACAF488_2/Image 28.czi,young,3.01127777326106,81633782,4.86575257778168,191,0,20210603expYLaminACAF488_2,2021,7,Microscopist 1,HSC,unknown
1872,0.4,0.0131788225549815,0.0131788225549815,19,1024,1024,2,../data/raw_data/young/20210603expYLaminACAF488_2/Image 29.czi,young,2.8176930364661,83892859,4.21086657674689,204,0,20210603expYLaminACAF488_2,2021,7,Microscopist 1,HSC,unknown
1873,0.4,0.0131788225549815,0.0131788225549815,18,1024,1024,2,../data/raw_data/young/20210603expYLaminACAF488_2/Image 30.czi,young,3.02731233370957,77935491,4.1291708946228,187,0,20210603expYLaminACAF488_2,2021,7,Microscopist 1,HSC,unknown
1874,0.318961700873866,0.0131788225549815,0.0131788225549815,21,1024,1024,3,../data/raw_data/young/20230413exp_20230426YKlf4Cy3H3K9me2AF488/Image 39.czi,young,2.2960968325594,133521057,6.06360013144357,192,0,20230413exp_20230426YKlf4Cy3H3K9me2AF488,2023,7,Microscopist 1,HSC,unknown
1875,0.318961700873866,0.0131788225549815,0.0131788225549815,25,1024,1024,3,../data/raw_data/young/20230413exp_20230426YKlf4Cy3H3K9me2AF488/Image 40.czi,young,2.20486970518419,131907826,5.03188423156738,183,0,20230413exp_20230426YKlf4Cy3H3K9me2AF488,2023,7,Microscopist 1,HSC,unknown
1876,0.318961700873866,0.0131788225549815,0.0131788225549815,23,1024,1024,3,../data/raw_data/young/20230413exp_20230426YKlf4Cy3H3K9me2AF488/Image 41.czi,young,2.17273877116107,131594069,5.45642973029095,214,0,20230413exp_20230426YKlf4Cy3H3K9me2AF488,2023,7,Microscopist 1,HSC,unknown
1877,0.318961700873866,0.0131788225549815,0.0131788225549815,20,1024,1024,3,../data/raw_data/young/20230413exp_20230426YKlf4Cy3H3K9me2AF488/Image 42.czi,young,2.38686258048039,116480011,5.55419974327087,167,0,20230413exp_20230426YKlf4Cy3H3K9me2AF488,2023,7,Microscopist 1,HSC,unknown
1878,0.318961700873866,0.0131788225549815,0.0131788225549815,27,1024,1024,3,../data/raw_data/young/20230413exp_20230426YKlf4Cy3H3K9me2AF488/Image 43.czi,young,2.24405708206717,151326167,5.34503255067048,193,0,20230413exp_20230426YKlf4Cy3H3K9me2AF488,2023,7,Microscopist 1,HSC,unknown
1879,0.318961700873866,0.0131788225549815,0.0131788225549815,24,1024,1024,3,../data/raw_data/young/20230413exp_20230426YKlf4Cy3H3K9me2AF488/Image 44.czi,young,2.31554426957429,126282296,5.01800759633382,169,0,20230413exp_20230426YKlf4Cy3H3K9me2AF488,2023,7,Microscopist 1,HSC,unknown
1880,0.318961700873866,0.0131788225549815,0.0131788225549815,30,1024,1024,3,../data/raw_data/young/20230413exp_20230426YKlf4Cy3H3K9me2AF488/Image 45.czi,young,2.23590900369784,139559873,4.4364888827006,191,0,20230413exp_20230426YKlf4Cy3H3K9me2AF488,2023,7,Microscopist 1,HSC,unknown
1881,0.318961700873866,0.0131788225549815,0.0131788225549815,31,1024,1024,2,../data/raw_data/young/20230413exp_20230426Y_LINE1Cy3/Image 53.czi,young,2.22202680770521,104079399,3.20186611913866,119,0,20230413exp_20230426Y_LINE1Cy3,2023,2,Microscopist 1,HSC,unknown
1882,0.318961700873866,0.0131788225549815,0.0131788225549815,25,1024,1024,2,../data/raw_data/young/20230413exp_20230426Y_LINE1Cy3/Image 54.czi,young,1.95304972081948,78715582,3.0027611541748,101,0,20230413exp_20230426Y_LINE1Cy3,2023,2,Microscopist 1,HSC,unknown
1883,0.318961700873866,0.0131788225549815,0.0131788225549815,23,1024,1024,3,../data/raw_data/young/20230413exp_20230427YKlf4Cy3H3K9me2AF488/Image 50.czi,young,2.46632896975582,248204859,10.2915912711102,255,0,20230413exp_20230427YKlf4Cy3H3K9me2AF488,2023,4,Microscopist 1,HSC,unknown
1884,0.318961700873866,0.0131788225549815,0.0131788225549815,22,1024,1024,3,../data/raw_data/young/20230413exp_20230427YKlf4Cy3H3K9me2AF488/Image 51.czi,young,2.84041538000939,291175836,12.6221325614236,255,0,20230413exp_20230427YKlf4Cy3H3K9me2AF488,2023,4,Microscopist 1,HSC,unknown
1885,0.318961700873866,0.0131788225549815,0.0131788225549815,27,1024,1024,3,../data/raw_data/young/20230413exp_20230427YKlf4Cy3H3K9me2AF488/Image 52.czi,young,2.45818089138649,287300534,10.1478200135408,255,0,20230413exp_20230427YKlf4Cy3H3K9me2AF488,2023,4,Microscopist 1,HSC,unknown
1886,0.318961700873866,0.0131788225549815,0.0131788225549815,23,1024,1024,3,../data/raw_data/young/20230413exp_20230427YKlf4Cy3H3K9me2AF488/Image 54.czi,young,2.6750564146539,281819192,11.6853793600331,255,0,20230413exp_20230427YKlf4Cy3H3K9me2AF488,2023,4,Microscopist 1,HSC,unknown
1887,0.318961700873866,0.0131788225549815,0.0131788225549815,24,1024,1024,2,../data/raw_data/young/20230413exp_20230427YLINE1Cy3/Image 34.czi,young,2.28347514867726,78242613,3.10908210277557,92,0,20230413exp_20230427YLINE1Cy3,2023,13,Microscopist 1,HSC,unknown
1888,0.318961700873866,0.0131788225549815,0.0131788225549815,25,1024,1024,2,../data/raw_data/young/20230413exp_20230427YLINE1Cy3/Image 35.czi,young,2.04381546874048,75762159,2.89009700775146,96,0,20230413exp_20230427YLINE1Cy3,2023,13,Microscopist 1,HSC,unknown
1889,0.318961700873866,0.0131788225549815,0.0131788225549815,23,1024,1024,2,../data/raw_data/young/20230413exp_20230427YLINE1Cy3/Image 36.czi,young,2.18840467184449,81099389,3.36271323328433,106,0,20230413exp_20230427YLINE1Cy3,2023,13,Microscopist 1,HSC,unknown
1890,0.318961700873866,0.0131788225549815,0.0131788225549815,27,1024,1024,2,../data/raw_data/young/20230413exp_20230427YLINE1Cy3/Image 37.czi,young,2.16740421986591,88457515,3.12443185735632,94,0,20230413exp_20230427YLINE1Cy3,2023,13,Microscopist 1,HSC,unknown
1891,0.318961700873866,0.0131788225549815,0.0131788225549815,27,1024,1024,2,../data/raw_data/young/20230413exp_20230427YLINE1Cy3/Image 38.czi,young,2.19413878946779,94164562,3.32601201092755,112,0,20230413exp_20230427YLINE1Cy3,2023,13,Microscopist 1,HSC,unknown
1892,0.318961700873866,0.0131788225549815,0.0131788225549815,27,1024,1024,2,../data/raw_data/young/20230413exp_20230427YLINE1Cy3/Image 39.czi,young,1.99458924532242,86170519,3.0436522519147,115,0,20230413exp_20230427YLINE1Cy3,2023,13,Microscopist 1,HSC,unknown
1893,0.318961700873866,0.0131788225549815,0.0131788225549815,29,1024,1024,2,../data/raw_data/young/20230413exp_20230427YLINE1Cy3/Image 41.czi,young,1.94191923877495,80826990,2.65802153225603,103,0,20230413exp_20230427YLINE1Cy3,2023,13,Microscopist 1,HSC,unknown
1894,0.318961700873866,0.0131788225549815,0.0131788225549815,25,1024,1024,2,../data/raw_data/young/20230413exp_20230427YLINE1Cy3/Image 42.czi,young,2.20486970518419,75427665,2.87733707427979,94,0,20230413exp_20230427YLINE1Cy3,2023,13,Microscopist 1,HSC,unknown
1895,0.318961700873866,0.0131788225549815,0.0131788225549815,24,1024,1024,2,../data/raw_data/young/20230413exp_20230427YLINE1Cy3/Image 44.czi,young,2.19453835579592,82904033,3.29431029160818,138,0,20230413exp_20230427YLINE1Cy3,2023,13,Microscopist 1,HSC,unknown
1896,0.318961700873866,0.0131788225549815,0.0131788225549815,26,1024,1024,2,../data/raw_data/young/20230413exp_20230427YLINE1Cy3/Image 45.czi,young,2.22305663008859,86838568,3.18521969134991,102,0,20230413exp_20230427YLINE1Cy3,2023,13,Microscopist 1,HSC,unknown
1897,0.318961700873866,0.0131788225549815,0.0131788225549815,29,1024,1024,2,../data/raw_data/young/20230413exp_20230427YLINE1Cy3/Image 47.czi,young,2.1200687646136,98437150,3.23713730121481,127,0,20230413exp_20230427YLINE1Cy3,2023,13,Microscopist 1,HSC,unknown
1898,0.318961700873866,0.0131788225549815,0.0131788225549815,28,1024,1024,2,../data/raw_data/young/20230413exp_20230427YLINE1Cy3/Image 48.czi,young,2.13464302978755,94929368,3.23327500479562,130,0,20230413exp_20230427YLINE1Cy3,2023,13,Microscopist 1,HSC,unknown
1899,0.318961700873866,0.0131788225549815,0.0131788225549815,28,1024,1024,2,../data/raw_data/young/20230413exp_20230427YLINE1Cy3/Image 49.czi,young,2.0487504537075,99652093,3.39413005965097,135,0,20230413exp_20230427YLINE1Cy3,2023,13,Microscopist 1,HSC,unknown
1900,0.318961700873866,0.0131788225549815,0.0131788225549815,21,1024,1024,2,../data/raw_data/young/20230413exp_20230505YLINE1Cy3/Image 10.czi,young,2.44705040934195,85403684,3.87844285510835,99,0,20230413exp_20230505YLINE1Cy3,2023,5,Microscopist 1,HSC,unknown
1901,0.318961700873866,0.0131788225549815,0.0131788225549815,21,1024,1024,2,../data/raw_data/young/20230413exp_20230505YLINE1Cy3/Image 11.czi,young,2.53208203963965,87248472,3.96222032819475,91,0,20230413exp_20230505YLINE1Cy3,2023,5,Microscopist 1,HSC,unknown
1902,0.318961700873866,0.0131788225549815,0.0131788225549815,21,1024,1024,2,../data/raw_data/young/20230413exp_20230505YLINE1Cy3/Image 13.czi,young,2.58710419380708,92473402,4.19950040181478,101,0,20230413exp_20230505YLINE1Cy3,2023,5,Microscopist 1,HSC,unknown
1903,0.318961700873866,0.0131788225549815,0.0131788225549815,23,1024,1024,2,../data/raw_data/young/20230413exp_20230505YLINE1Cy3/Image 14.czi,young,2.51297235582681,95065953,3.94182424959929,94,0,20230413exp_20230505YLINE1Cy3,2023,5,Microscopist 1,HSC,unknown
1904,0.318961700873866,0.0131788225549815,0.0131788225549815,21,1024,1024,2,../data/raw_data/young/20230413exp_20230505YLINE1Cy3/Image 15.czi,young,2.48107211153081,90013533,4.0877902167184,93,0,20230413exp_20230505YLINE1Cy3,2023,5,Microscopist 1,HSC,unknown
1905,0.368961137123203,0.0131788225549815,0.0131788225549815,19,1024,1024,3,../data/raw_data/young/20230426exp_20030510_YRhoAGTPPha488/Image 15.czi,young,1.88368399120521,119224118,5.98426206488358,180,0,20230426exp_20030510_YRhoAGTPPha488,2023,7,Microscopist 1,HSC,unknown
1906,0.368961137123203,0.0131788225549815,0.0131788225549815,19,1024,1024,3,../data/raw_data/young/20230426exp_20030510_YRhoAGTPPha488/Image 16.czi,young,1.77811328838315,111921899,5.61773897472181,171,0,20230426exp_20030510_YRhoAGTPPha488,2023,7,Microscopist 1,HSC,unknown
1907,0.368961137123203,0.0131788225549815,0.0131788225549815,19,1024,1024,3,../data/raw_data/young/20230426exp_20030510_YRhoAGTPPha488/Image 17.czi,young,1.70679497747705,106069934,5.32400904203716,156,0,20230426exp_20030510_YRhoAGTPPha488,2023,7,Microscopist 1,HSC,unknown
1908,0.368961137123203,0.0131788225549815,0.0131788225549815,19,1024,1024,3,../data/raw_data/young/20230426exp_20030510_YRhoAGTPPha488/Image 18.czi,young,1.84191377697516,119720888,6.0091966327868,178,0,20230426exp_20030510_YRhoAGTPPha488,2023,7,Microscopist 1,HSC,unknown
1909,0.368961137123203,0.0131788225549815,0.0131788225549815,18,1024,1024,3,../data/raw_data/young/20230426exp_20030510_YRhoAGTPPha488/Image 19.czi,young,1.96550252810059,114465039,6.0645759900411,153,0,20230426exp_20030510_YRhoAGTPPha488,2023,7,Microscopist 1,HSC,unknown
1910,0.368961137123203,0.0131788225549815,0.0131788225549815,19,1024,1024,3,../data/raw_data/young/20230426exp_20030510_YRhoAGTPPha488/Image 20.czi,young,2.03463756798776,121914731,6.11931303927773,169,0,20230426exp_20030510_YRhoAGTPPha488,2023,7,Microscopist 1,HSC,unknown
1911,0.368961137123203,0.0131788225549815,0.0131788225549815,17,1024,1024,3,../data/raw_data/young/20230426exp_20030510_YRhoAGTPPha488/Image 21.czi,young,1.89074043406507,130359938,7.3129955740536,224,0,20230426exp_20030510_YRhoAGTPPha488,2023,7,Microscopist 1,HSC,unknown
1912,0.318961700873866,0.0131788225549815,0.0131788225549815,30,1024,1024,3,../data/raw_data/young/20230523exp_20230622_YKlf4cy3Phall488/Image 1.czi,young,3.83839379046332,227906335,7.24494727452596,104,0,20230523exp_20230622_YKlf4cy3Phall488,2023,7,Microscopist 1,HSC,unknown
1913,0.318961700873866,0.0131788225549815,0.0131788225549815,21,1024,1024,3,../data/raw_data/young/20230523exp_20230622_YKlf4cy3Phall488/Image 3.czi,young,3.45575973551228,174185025,7.91027545928955,139,0,20230523exp_20230622_YKlf4cy3Phall488,2023,7,Microscopist 1,HSC,unknown
1914,0.318961700873866,0.0131788225549815,0.0131788225549815,23,1024,1024,3,../data/raw_data/young/20230523exp_20230622_YKlf4cy3Phall488/Image 4.czi,young,3.48381663035073,184454061,7.64822176228399,127,0,20230523exp_20230622_YKlf4cy3Phall488,2023,7,Microscopist 1,HSC,unknown
1915,0.318961700873866,0.0131788225549815,0.0131788225549815,24,1024,1024,3,../data/raw_data/young/20230523exp_20230622_YKlf4cy3Phall488/Image 5.czi,young,3.77995875972951,185532111,7.37238371372223,122,0,20230523exp_20230622_YKlf4cy3Phall488,2023,7,Microscopist 1,HSC,unknown
1916,0.318961700873866,0.0131788225549815,0.0131788225549815,28,1024,1024,3,../data/raw_data/young/20230523exp_20230622_YKlf4cy3Phall488/Image 6.czi,young,3.71761856641205,197299520,6.71998160226004,109,0,20230523exp_20230622_YKlf4cy3Phall488,2023,7,Microscopist 1,HSC,unknown
1917,0.318961700873866,0.0131788225549815,0.0131788225549815,29,1024,1024,3,../data/raw_data/young/20230523exp_20230622_YKlf4cy3Phall488/Image 7.czi,young,3.3260991135615,176693621,5.81062649036276,99,0,20230523exp_20230622_YKlf4cy3Phall488,2023,7,Microscopist 1,HSC,unknown
1918,0.4,0.0131788225549815,0.0131788225549815,23,1024,1024,2,../data/raw_data/young/20201218expY1 H3K9me2AF488_2/Image 1.czi,young,4.57588094560292,201080401,8.33761799853781,255,0,20201218expY1 H3K9me2AF488_2,2020,11,Microscopist 1,HSC,unknown
1919,0.4,0.0131788225549815,0.0131788225549815,23,1024,1024,2,../data/raw_data/young/20201218expY1 H3K9me2AF488_2/Image 11.czi,young,4.13072347694758,166630255,6.9091736752054,255,0,20201218expY1 H3K9me2AF488_2,2020,11,Microscopist 1,HSC,unknown
1920,0.4,0.0131788225549815,0.0131788225549815,21,1024,1024,2,../data/raw_data/young/20201218expY1 H3K9me2AF488_2/Image 12.czi,young,4.21420209228159,178158049,8.09070264725458,255,0,20201218expY1 H3K9me2AF488_2,2020,11,Microscopist 1,HSC,unknown
1921,0.4,0.0131788225549815,0.0131788225549815,21,1024,1024,2,../data/raw_data/young/20201218expY1 H3K9me2AF488_2/Image 2.czi,young,4.18673020314953,164336718,7.46303367614746,255,0,20201218expY1 H3K9me2AF488_2,2020,11,Microscopist 1,HSC,unknown
1922,0.4,0.0131788225549815,0.0131788225549815,22,1024,1024,2,../data/raw_data/young/20201218expY1 H3K9me2AF488_2/Image 3.czi,young,4.48254892311207,147779252,6.40605805136941,252,0,20201218expY1 H3K9me2AF488_2,2020,11,Microscopist 1,HSC,unknown
1923,0.4,0.0131788225549815,0.0131788225549815,22,1024,1024,2,../data/raw_data/young/20201218expY1 H3K9me2AF488_2/Image 4.czi,young,4.53992322489946,171884677,7.45100008357655,255,0,20201218expY1 H3K9me2AF488_2,2020,11,Microscopist 1,HSC,unknown
1924,0.4,0.0131788225549815,0.0131788225549815,21,1024,1024,2,../data/raw_data/young/20201218expY1 H3K9me2AF488_2/Image 5.czi,young,4.35293355151015,162796920,7.39310673304967,255,0,20201218expY1 H3K9me2AF488_2,2020,11,Microscopist 1,HSC,unknown
1925,0.4,0.0131788225549815,0.0131788225549815,24,1024,1024,2,../data/raw_data/young/20201218expY1 H3K9me2AF488_2/Image 6.czi,young,4.58662842409653,197822140,7.8607455889384,255,0,20201218expY1 H3K9me2AF488_2,2020,11,Microscopist 1,HSC,unknown
1926,0.4,0.0131788225549815,0.0131788225549815,22,1024,1024,2,../data/raw_data/young/20201218expY1 H3K9me2AF488_2/Image 7.czi,young,4.50745453767429,195662555,8.48174333572388,255,0,20201218expY1 H3K9me2AF488_2,2020,11,Microscopist 1,HSC,unknown
1927,0.4,0.0131788225549815,0.0131788225549815,22,1024,1024,2,../data/raw_data/young/20201218expY1 H3K9me2AF488_2/Image 8.czi,young,4.53137558020199,191608078,8.30598649111661,255,0,20201218expY1 H3K9me2AF488_2,2020,11,Microscopist 1,HSC,unknown
1928,0.4,0.0131788225549815,0.0131788225549815,22,1024,1024,2,../data/raw_data/young/20201218expY1 H3K9me2AF488_2/Image 9.czi,young,4.35253398518201,157538796,6.82912289012562,255,0,20201218expY1 H3K9me2AF488_2,2020,11,Microscopist 1,HSC,unknown
1929,0.4,0.0131788225549815,0.0131788225549815,20,1024,1024,2,../data/raw_data/young/20201218expY2H3K9me2_2/Image 1.czi,young,1.90670711899029,124156086,5.92022352218628,255,0,20201218expY2H3K9me2_2,2020,13,Microscopist 1,HSC,unknown
1930,0.4,0.0131788225549815,0.0131788225549815,22,1024,1024,2,../data/raw_data/young/20201218expY2H3K9me2_2/Image 10.czi,young,3.38105945460285,221814810,9.61541305888783,255,0,20201218expY2H3K9me2_2,2020,13,Microscopist 1,HSC,unknown
1931,0.4,0.0131788225549815,0.0131788225549815,20,1024,1024,2,../data/raw_data/young/20201218expY2H3K9me2_2/Image 11.czi,young,3.33315555642136,186821626,8.90834932327271,255,0,20201218expY2H3K9me2_2,2020,13,Microscopist 1,HSC,unknown
1932,0.4,0.0131788225549815,0.0131788225549815,21,1024,1024,2,../data/raw_data/young/20201218expY2H3K9me2_2/Image 12.czi,young,3.2607456100058,199372286,9.05410612197149,255,0,20201218expY2H3K9me2_2,2020,13,Microscopist 1,HSC,unknown
1933,0.4,0.0131788225549815,0.0131788225549815,21,1024,1024,2,../data/raw_data/young/20201218expY2H3K9me2_2/Image 13.czi,young,3.28748017960768,236237601,10.7282729830061,255,0,20201218expY2H3K9me2_2,2020,13,Microscopist 1,HSC,unknown
1934,0.4,0.0131788225549815,0.0131788225549815,21,1024,1024,2,../data/raw_data/young/20201218expY2H3K9me2_2/Image 15.czi,young,3.10611756036672,215573101,9.78983474913098,255,0,20201218expY2H3K9me2_2,2020,13,Microscopist 1,HSC,unknown
1935,0.4,0.0131788225549815,0.0131788225549815,21,1024,1024,2,../data/raw_data/young/20201218expY2H3K9me2_2/Image 2.czi,young,2.17744306640098,194509408,8.83326793852307,255,0,20201218expY2H3K9me2_2,2020,13,Microscopist 1,HSC,unknown
1936,0.4,0.0131788225549815,0.0131788225549815,22,1024,1024,2,../data/raw_data/young/20201218expY2H3K9me2_2/Image 3.czi,young,2.31617452562954,162211627,7.03168465874412,255,0,20201218expY2H3K9me2_2,2020,13,Microscopist 1,HSC,unknown
1937,0.4,0.0131788225549815,0.0131788225549815,22,1024,1024,2,../data/raw_data/young/20201218expY2H3K9me2_2/Image 4.czi,young,2.29139253731949,157756926,6.83857857097279,255,0,20201218expY2H3K9me2_2,2020,13,Microscopist 1,HSC,unknown
1938,0.4,0.0131788225549815,0.0131788225549815,21,1024,1024,2,../data/raw_data/young/20201218expY2H3K9me2_2/Image 5.czi,young,2.10291166209258,163947186,7.44534383501325,255,0,20201218expY2H3K9me2_2,2020,13,Microscopist 1,HSC,unknown
1939,0.4,0.0131788225549815,0.0131788225549815,20,1024,1024,2,../data/raw_data/young/20201218expY2H3K9me2_2/Image 6.czi,young,2.24531759417766,165491236,7.89123706817627,255,0,20201218expY2H3K9me2_2,2020,13,Microscopist 1,HSC,unknown
1940,0.4,0.0131788225549815,0.0131788225549815,21,1024,1024,2,../data/raw_data/young/20201218expY2H3K9me2_2/Image 7.czi,young,2.16998705721298,159227239,7.2309965860276,255,0,20201218expY2H3K9me2_2,2020,13,Microscopist 1,HSC,unknown
1941,0.4,0.0131788225549815,0.0131788225549815,21,1024,1024,2,../data/raw_data/young/20201218expY2H3K9me2_2/Image 8.czi,young,3.42753396407281,254019287,11.5357938039871,255,0,20201218expY2H3K9me2_2,2020,13,Microscopist 1,HSC,unknown
1942,0.368961137123203,0.0131788225549815,0.0131788225549815,23,1024,1024,3,../data/raw_data/young/20240118exp_20240124_Y1ctrlH3K9me2488PLA2cy3/Image 10.czi,young,1.34516137450459,86219248,3.5750035824983,171,0,20240118exp_20240124_Y1ctrlH3K9me2488PLA2cy3,2024,12,Microscopist 1,HSC,unknown
1943,0.368961137123203,0.0131788225549815,0.0131788225549815,21,1024,1024,3,../data/raw_data/young/20240118exp_20240124_Y1ctrlH3K9me2488PLA2cy3/Image 11.czi,young,1.36742233859366,92924735,4.21999681563604,185,0,20240118exp_20240124_Y1ctrlH3K9me2488PLA2cy3,2024,12,Microscopist 1,HSC,unknown
1944,0.368961137123203,0.0131788225549815,0.0131788225549815,22,1024,1024,3,../data/raw_data/young/20240118exp_20240124_Y1ctrlH3K9me2488PLA2cy3/Image 12.czi,young,1.43718763453608,86292048,3.74065954034979,179,0,20240118exp_20240124_Y1ctrlH3K9me2488PLA2cy3,2024,12,Microscopist 1,HSC,unknown
1945,0.368961137123203,0.0131788225549815,0.0131788225549815,22,1024,1024,3,../data/raw_data/young/20240118exp_20240124_Y1ctrlH3K9me2488PLA2cy3/Image 13.czi,young,1.41280521255416,82608077,3.58096369830045,176,0,20240118exp_20240124_Y1ctrlH3K9me2488PLA2cy3,2024,12,Microscopist 1,HSC,unknown
1946,0.368961137123203,0.0131788225549815,0.0131788225549815,20,1024,1024,3,../data/raw_data/young/20240118exp_20240124_Y1ctrlH3K9me2488PLA2cy3/Image 14.czi,young,1.45371448100185,89813480,4.28264045715332,201,0,20240118exp_20240124_Y1ctrlH3K9me2488PLA2cy3,2024,12,Microscopist 1,HSC,unknown
1947,0.368961137123203,0.0131788225549815,0.0131788225549815,19,1024,1024,3,../data/raw_data/young/20240118exp_20240124_Y1ctrlH3K9me2488PLA2cy3/Image 15.czi,young,1.37212663383358,82950303,4.16355650048507,178,0,20240118exp_20240124_Y1ctrlH3K9me2488PLA2cy3,2024,12,Microscopist 1,HSC,unknown
1948,0.368961137123203,0.0131788225549815,0.0131788225549815,21,1024,1024,3,../data/raw_data/young/20240118exp_20240124_Y1ctrlH3K9me2488PLA2cy3/Image 16.czi,young,1.34579163055984,86860322,3.94459324791318,207,0,20240118exp_20240124_Y1ctrlH3K9me2488PLA2cy3,2024,12,Microscopist 1,HSC,unknown
1949,0.368961137123203,0.0131788225549815,0.0131788225549815,18,1024,1024,3,../data/raw_data/young/20240118exp_20240124_Y1ctrlH3K9me2488PLA2cy3/Image 17.czi,young,1.52394115639849,76957064,4.077331966824,168,0,20240118exp_20240124_Y1ctrlH3K9me2488PLA2cy3,2024,12,Microscopist 1,HSC,unknown
1950,0.368961137123203,0.0131788225549815,0.0131788225549815,20,1024,1024,3,../data/raw_data/young/20240118exp_20240124_Y1ctrlH3K9me2488PLA2cy3/Image 18.czi,young,1.44602778208674,76211781,3.63406090736389,166,0,20240118exp_20240124_Y1ctrlH3K9me2488PLA2cy3,2024,12,Microscopist 1,HSC,unknown
1951,0.368961137123203,0.0131788225549815,0.0131788225549815,21,1024,1024,3,../data/raw_data/young/20240118exp_20240124_Y1ctrlH3K9me2488PLA2cy3/Image 19.czi,young,1.3770616188006,83502017,3.79208233242943,169,0,20240118exp_20240124_Y1ctrlH3K9me2488PLA2cy3,2024,12,Microscopist 1,HSC,unknown
1952,0.368961137123203,0.0131788225549815,0.0131788225549815,19,1024,1024,3,../data/raw_data/young/20240118exp_20240124_Y1ctrlH3K9me2488PLA2cy3/Image 8.czi,young,1.35370901920206,81216094,4.07651068034925,198,0,20240118exp_20240124_Y1ctrlH3K9me2488PLA2cy3,2024,12,Microscopist 1,HSC,unknown
1953,0.368961137123203,0.0131788225549815,0.0131788225549815,26,1024,1024,3,../data/raw_data/young/20240118exp_20240124_Y1ctrlH3K9me2488PLA2cy3/Image 9.czi,young,1.39186657370166,88789635,3.25678440240713,181,0,20240118exp_20240124_Y1ctrlH3K9me2488PLA2cy3,2024,12,Microscopist 1,HSC,unknown
1954,0.368961137123203,0.0131788225549815,0.0131788225549815,21,1024,1024,3,../data/raw_data/young/20240118exp_20240129_Y2ctrlH3K9me2488PLA2cy3/Image 31.czi,young,1.5907240486657,132528820,6.01853961036319,255,0,20240118exp_20240129_Y2ctrlH3K9me2488PLA2cy3,2024,16,Microscopist 1,HSC,unknown
1955,0.368961137123203,0.0131788225549815,0.0131788225549815,20,1024,1024,3,../data/raw_data/young/20240118exp_20240129_Y2ctrlH3K9me2488PLA2cy3/Image 32.czi,young,1.824357108126,144389082,6.8850079536438,250,0,20240118exp_20240129_Y2ctrlH3K9me2488PLA2cy3,2024,16,Microscopist 1,HSC,unknown
1956,0.368961137123203,0.0131788225549815,0.0131788225549815,24,1024,1024,3,../data/raw_data/young/20240118exp_20240129_Y2ctrlH3K9me2488PLA2cy3/Image 33.czi,young,1.76204782137159,138039280,5.48518816630046,251,0,20240118exp_20240129_Y2ctrlH3K9me2488PLA2cy3,2024,16,Microscopist 1,HSC,unknown
1957,0.368961137123203,0.0131788225549815,0.0131788225549815,22,1024,1024,3,../data/raw_data/young/20240118exp_20240129_Y2ctrlH3K9me2488PLA2cy3/Image 34.czi,young,1.95752332633229,166313768,7.20950768210671,246,0,20240118exp_20240129_Y2ctrlH3K9me2488PLA2cy3,2024,16,Microscopist 1,HSC,unknown
1958,0.368961137123203,0.0131788225549815,0.0131788225549815,24,1024,1024,3,../data/raw_data/young/20240118exp_20240129_Y2ctrlH3K9me2488PLA2cy3/Image 35.czi,young,1.8166085960848,147560955,5.86354553699493,255,0,20240118exp_20240129_Y2ctrlH3K9me2488PLA2cy3,2024,16,Microscopist 1,HSC,unknown
1959,0.368961137123203,0.0131788225549815,0.0131788225549815,22,1024,1024,3,../data/raw_data/young/20240118exp_20240129_Y2ctrlH3K9me2488PLA2cy3/Image 36.czi,young,1.85229037671228,139712412,6.05636995488947,236,0,20240118exp_20240129_Y2ctrlH3K9me2488PLA2cy3,2024,16,Microscopist 1,HSC,unknown
1960,0.368961137123203,0.0131788225549815,0.0131788225549815,21,1024,1024,3,../data/raw_data/young/20240118exp_20240129_Y2ctrlH3K9me2488PLA2cy3/Image 37.czi,young,1.63031099187682,130758145,5.93812783559163,234,0,20240118exp_20240129_Y2ctrlH3K9me2488PLA2cy3,2024,16,Microscopist 1,HSC,unknown
1961,0.368961137123203,0.0131788225549815,0.0131788225549815,19,1024,1024,3,../data/raw_data/young/20240118exp_20240129_Y2ctrlH3K9me2488PLA2cy3/Image 38.czi,young,1.66783829032117,117858577,5.91572093963623,244,0,20240118exp_20240129_Y2ctrlH3K9me2488PLA2cy3,2024,16,Microscopist 1,HSC,unknown
1962,0.368961137123203,0.0131788225549815,0.0131788225549815,23,1024,1024,3,../data/raw_data/young/20240118exp_20240129_Y2ctrlH3K9me2488PLA2cy3/Image 39.czi,young,1.59141611784703,130646728,5.4171490876571,236,0,20240118exp_20240129_Y2ctrlH3K9me2488PLA2cy3,2024,16,Microscopist 1,HSC,unknown
1963,0.368961137123203,0.0131788225549815,0.0131788225549815,22,1024,1024,3,../data/raw_data/young/20240118exp_20240129_Y2ctrlH3K9me2488PLA2cy3/Image 40.czi,young,1.92091878679637,165981520,7.19510511918502,249,0,20240118exp_20240129_Y2ctrlH3K9me2488PLA2cy3,2024,16,Microscopist 1,HSC,unknown
1964,0.368961137123203,0.0131788225549815,0.0131788225549815,25,1024,1024,3,../data/raw_data/young/20240118exp_20240129_Y2ctrlH3K9me2488PLA2cy3/Image 41.czi,young,1.79096566199239,164546976,6.27696899414063,255,0,20240118exp_20240129_Y2ctrlH3K9me2488PLA2cy3,2024,16,Microscopist 1,HSC,unknown
1965,0.368961137123203,0.0131788225549815,0.0131788225549815,20,1024,1024,3,../data/raw_data/young/20240118exp_20240129_Y2ctrlH3K9me2488PLA2cy3/Image 42.czi,young,2.05666784234972,157593085,7.51462388038635,249,0,20240118exp_20240129_Y2ctrlH3K9me2488PLA2cy3,2024,16,Microscopist 1,HSC,unknown
1966,0.368961137123203,0.0131788225549815,0.0131788225549815,25,1024,1024,3,../data/raw_data/young/20240118exp_20240129_Y2ctrlH3K9me2488PLA2cy3/Image 43.czi,young,1.79606952356044,159532331,6.08567546844482,255,0,20240118exp_20240129_Y2ctrlH3K9me2488PLA2cy3,2024,16,Microscopist 1,HSC,unknown
1967,0.368961137123203,0.0131788225549815,0.0131788225549815,22,1024,1024,3,../data/raw_data/young/20240118exp_20240129_Y2ctrlH3K9me2488PLA2cy3/Image 44.czi,young,1.94341044061255,180710857,7.83360468257557,255,0,20240118exp_20240129_Y2ctrlH3K9me2488PLA2cy3,2024,16,Microscopist 1,HSC,unknown
1968,0.368961137123203,0.0131788225549815,0.0131788225549815,20,1024,1024,3,../data/raw_data/young/20240118exp_20240129_Y2ctrlH3K9me2488PLA2cy3/Image 45.czi,young,1.95454092265708,172920706,8.24550180435181,255,0,20240118exp_20240129_Y2ctrlH3K9me2488PLA2cy3,2024,16,Microscopist 1,HSC,unknown
1969,0.368961137123203,0.0131788225549815,0.0131788225549815,21,1024,1024,3,../data/raw_data/young/20240118exp_20240129_Y2ctrlH3K9me2488PLA2cy3/Image 46.czi,young,1.87232281943356,177785303,8.07377510979062,255,0,20240118exp_20240129_Y2ctrlH3K9me2488PLA2cy3,2024,16,Microscopist 1,HSC,unknown
1970,0.368961137123203,0.0131788225549815,0.0131788225549815,28,1024,1024,3,../data/raw_data/young/20240402exp_20240404Y1ctrlH3K9me2488PPLA2/Image 21.czi,young,1.09764611905167,25806116,0.878951072692871,55,0,20240402exp_20240404Y1ctrlH3K9me2488PPLA2,2024,15,Microscopist 1,HSC,unknown
1971,0.368961137123203,0.0131788225549815,0.0131788225549815,20,1024,1024,3,../data/raw_data/young/20240402exp_20240404Y1ctrlH3K9me2488PPLA2/Image 22.czi,young,1.856257352422,47359590,2.25828123092651,68,0,20240402exp_20240404Y1ctrlH3K9me2488PPLA2,2024,15,Microscopist 1,HSC,unknown
1972,0.368961137123203,0.0131788225549815,0.0131788225549815,26,1024,1024,3,../data/raw_data/young/20240402exp_20240404Y1ctrlH3K9me2488PPLA2/Image 23.czi,young,1.74041711333776,58204265,2.13491971676166,82,0,20240402exp_20240404Y1ctrlH3K9me2488PPLA2,2024,15,Microscopist 1,HSC,unknown
1973,0.368961137123203,0.0131788225549815,0.0131788225549815,26,1024,1024,3,../data/raw_data/young/20240402exp_20240404Y1ctrlH3K9me2488PPLA2/Image 24.czi,young,1.9046226300577,77782049,2.85302855418279,92,0,20240402exp_20240404Y1ctrlH3K9me2488PPLA2,2024,15,Microscopist 1,HSC,unknown
1974,0.368961137123203,0.0131788225549815,0.0131788225549815,24,1024,1024,3,../data/raw_data/young/20240402exp_20240404Y1ctrlH3K9me2488PPLA2/Image 25.czi,young,1.84472730404933,60109055,2.38851924737295,88,0,20240402exp_20240404Y1ctrlH3K9me2488PPLA2,2024,15,Microscopist 1,HSC,unknown
1975,0.368961137123203,0.0131788225549815,0.0131788225549815,25,1024,1024,3,../data/raw_data/young/20240402exp_20240404Y1ctrlH3K9me2488PPLA2/Image 26.czi,young,1.92074991019534,102406794,3.90650917053223,109,0,20240402exp_20240404Y1ctrlH3K9me2488PPLA2,2024,15,Microscopist 1,HSC,unknown
1976,0.368961137123203,0.0131788225549815,0.0131788225549815,22,1024,1024,3,../data/raw_data/young/20240402exp_20240404Y1ctrlH3K9me2488PPLA2/Image 27.czi,young,1.79245686382999,73149077,3.17092709107832,116,0,20240402exp_20240404Y1ctrlH3K9me2488PPLA2,2024,15,Microscopist 1,HSC,unknown
1977,0.368961137123203,0.0131788225549815,0.0131788225549815,22,1024,1024,3,../data/raw_data/young/20240402exp_20240404Y1ctrlH3K9me2488PPLA2/Image 28.czi,young,1.8455264367056,66646271,2.88903804258867,98,0,20240402exp_20240404Y1ctrlH3K9me2488PPLA2,2024,15,Microscopist 1,HSC,unknown
1978,0.368961137123203,0.0131788225549815,0.0131788225549815,24,1024,1024,3,../data/raw_data/young/20240402exp_20240404Y1ctrlH3K9me2488PPLA2/Image 29.czi,young,1.95454092265709,55481362,2.2046312491099,71,0,20240402exp_20240404Y1ctrlH3K9me2488PPLA2,2024,15,Microscopist 1,HSC,unknown
1979,0.368961137123203,0.0131788225549815,0.0131788225549815,21,1024,1024,3,../data/raw_data/young/20240402exp_20240404Y1ctrlH3K9me2488PPLA2/Image 30.czi,young,1.68195117604091,67425827,3.06201330820719,111,0,20240402exp_20240404Y1ctrlH3K9me2488PPLA2,2024,15,Microscopist 1,HSC,unknown
1980,0.368961137123203,0.0131788225549815,0.0131788225549815,23,1024,1024,3,../data/raw_data/young/20240402exp_20240404Y1ctrlH3K9me2488PPLA2/Image 31.czi,young,1.75476068878461,73647873,3.05374282339345,111,0,20240402exp_20240404Y1ctrlH3K9me2488PPLA2,2024,15,Microscopist 1,HSC,unknown
1981,0.368961137123203,0.0131788225549815,0.0131788225549815,22,1024,1024,3,../data/raw_data/young/20240402exp_20240404Y1ctrlH3K9me2488PPLA2/Image 32.czi,young,1.88557475937094,76930992,3.3348686911843,119,0,20240402exp_20240404Y1ctrlH3K9me2488PPLA2,2024,15,Microscopist 1,HSC,unknown
1982,0.368961137123203,0.0131788225549815,0.0131788225549815,23,1024,1024,3,../data/raw_data/young/20240402exp_20240404Y1ctrlH3K9me2488PPLA2/Image 33.czi,young,1.91770569339406,90824406,3.76595231761103,134,0,20240402exp_20240404Y1ctrlH3K9me2488PPLA2,2024,15,Microscopist 1,HSC,unknown
1983,0.368961137123203,0.0131788225549815,0.0131788225549815,22,1024,1024,3,../data/raw_data/young/20240402exp_20240404Y1ctrlH3K9me2488PPLA2/Image 34.czi,young,2.17084800299533,128143769,5.5548827864907,230,0,20240402exp_20240404Y1ctrlH3K9me2488PPLA2,2024,15,Microscopist 1,HSC,unknown
1984,0.368961137123203,0.0131788225549815,0.0131788225549815,26,1024,1024,3,../data/raw_data/young/20240402exp_20240404Y1ctrlH3K9me2488PPLA2/Image 35.czi,young,2.34337047468563,154028318,5.64972503368671,228,0,20240402exp_20240404Y1ctrlH3K9me2488PPLA2,2024,15,Microscopist 1,HSC,unknown
1985,0.368961137123203,0.0131788225549815,0.0131788225549815,24,1024,1024,3,../data/raw_data/young/20240402exp_20240407Y2ctrlH3K9me2488PPLA2/Image 13.czi,young,1.6029461662197,116132282,4.61468227704366,200,0,20240402exp_20240407Y2ctrlH3K9me2488PPLA2,2024,14,Microscopist 1,HSC,unknown
1986,0.368961137123203,0.0131788225549815,0.0131788225549815,24,1024,1024,3,../data/raw_data/young/20240402exp_20240407Y2ctrlH3K9me2488PPLA2/Image 14.czi,young,1.72779542945563,125476404,4.98598432540894,226,0,20240402exp_20240407Y2ctrlH3K9me2488PPLA2,2024,14,Microscopist 1,HSC,unknown
1987,0.368961137123203,0.0131788225549815,0.0131788225549815,22,1024,1024,3,../data/raw_data/young/20240402exp_20240407Y2ctrlH3K9me2488PPLA2/Image 15.czi,young,1.74323064041194,120403260,5.21934075789018,214,0,20240402exp_20240407Y2ctrlH3K9me2488PPLA2,2024,14,Microscopist 1,HSC,unknown
1988,0.368961137123203,0.0131788225549815,0.0131788225549815,26,1024,1024,3,../data/raw_data/young/20240402exp_20240407Y2ctrlH3K9me2488PPLA2/Image 16.czi,young,1.65733806433189,121955699,4.47330837983352,241,0,20240402exp_20240407Y2ctrlH3K9me2488PPLA2,2024,14,Microscopist 1,HSC,unknown
1989,0.368961137123203,0.0131788225549815,0.0131788225549815,26,1024,1024,3,../data/raw_data/young/20240402exp_20240407Y2ctrlH3K9me2488PPLA2/Image 17.czi,young,1.70083017012664,167481566,6.14318722944993,254,0,20240402exp_20240407Y2ctrlH3K9me2488PPLA2,2024,14,Microscopist 1,HSC,unknown
1990,0.368961137123203,0.0131788225549815,0.0131788225549815,23,1024,1024,3,../data/raw_data/young/20240402exp_20240407Y2ctrlH3K9me2488PPLA2/Image 18.czi,young,1.54511048497809,123805073,5.13346601569134,236,0,20240402exp_20240407Y2ctrlH3K9me2488PPLA2,2024,14,Microscopist 1,HSC,unknown
1991,0.368961137123203,0.0131788225549815,0.0131788225549815,27,1024,1024,3,../data/raw_data/young/20240402exp_20240407Y2ctrlH3K9me2488PPLA2/Image 19.czi,young,1.67856920603757,157381432,5.55891220657914,236,0,20240402exp_20240407Y2ctrlH3K9me2488PPLA2,2024,14,Microscopist 1,HSC,unknown
1992,0.368961137123203,0.0131788225549815,0.0131788225549815,26,1024,1024,3,../data/raw_data/young/20240402exp_20240407Y2ctrlH3K9me2488PPLA2/Image 20.czi,young,1.66846854637642,180096271,6.60589185127845,255,0,20240402exp_20240407Y2ctrlH3K9me2488PPLA2,2024,14,Microscopist 1,HSC,unknown
1993,0.368961137123203,0.0131788225549815,0.0131788225549815,23,1024,1024,3,../data/raw_data/young/20240402exp_20240407Y2ctrlH3K9me2488PPLA2/Image 21.czi,young,1.65670780827664,135017701,5.59838755234428,231,0,20240402exp_20240407Y2ctrlH3K9me2488PPLA2,2024,14,Microscopist 1,HSC,unknown
1994,0.368961137123203,0.0131788225549815,0.0131788225549815,22,1024,1024,3,../data/raw_data/young/20240402exp_20240407Y2ctrlH3K9me2488PPLA2/Image 22.czi,young,1.83204380704111,156278749,6.77450132369995,246,0,20240402exp_20240407Y2ctrlH3K9me2488PPLA2,2024,14,Microscopist 1,HSC,unknown
1995,0.368961137123203,0.0131788225549815,0.0131788225549815,23,1024,1024,3,../data/raw_data/young/20240402exp_20240407Y2ctrlH3K9me2488PPLA2/Image 24.czi,young,1.60897278669619,170892070,7.08588600158691,255,0,20240402exp_20240407Y2ctrlH3K9me2488PPLA2,2024,14,Microscopist 1,HSC,unknown
1996,0.368961137123203,0.0131788225549815,0.0131788225549815,23,1024,1024,3,../data/raw_data/young/20240402exp_20240407Y2ctrlH3K9me2488PPLA2/Image 25.czi,young,1.55647165674974,135564446,5.62105784208878,248,0,20240402exp_20240407Y2ctrlH3K9me2488PPLA2,2024,14,Microscopist 1,HSC,unknown
1997,0.368961137123203,0.0131788225549815,0.0131788225549815,23,1024,1024,3,../data/raw_data/young/20240402exp_20240407Y2ctrlH3K9me2488PPLA2/Image 26.czi,young,1.65349471487433,152394884,6.31891681836999,242,0,20240402exp_20240407Y2ctrlH3K9me2488PPLA2,2024,14,Microscopist 1,HSC,unknown
1998,0.368961137123203,0.0131788225549815,0.0131788225549815,21,1024,1024,3,../data/raw_data/young/20240402exp_20240407Y2ctrlH3K9me2488PPLA2/Image 27.czi,young,1.66141210351655,167462751,7.604996408735,255,0,20240402exp_20240407Y2ctrlH3K9me2488PPLA2,2024,14,Microscopist 1,HSC,unknown
1999,0.2,0.0131530567956349,0.0131530567956349,40,1024,1024,1,../data/raw_data/young/01FYBl6/FYBl6-01.czi,young,3.34445491506693,409994150,9.77502226829529,167,0,01FYBl6,2024,27,Microscopist 2,HSC,F
2000,0.2,0.0131530567956349,0.0131530567956349,42,1024,1024,1,../data/raw_data/young/01FYBl6/FYBl6-02.czi,young,2.92521632057998,389971381,8.85489738555182,206,0,01FYBl6,2024,27,Microscopist 2,HSC,F
2001,0.2,0.0131530567956349,0.0131530567956349,39,1024,1024,1,../data/raw_data/young/01FYBl6/FYBl6-03.czi,young,3.39029916848164,437916532,10.7084551102076,169,0,01FYBl6,2024,27,Microscopist 2,HSC,F
2002,0.2,0.0131530567956349,0.0131530567956349,41,1024,1024,1,../data/raw_data/young/01FYBl6/FYBl6-04.czi,young,3.2485234924518,479792898,11.1601503418713,219,0,01FYBl6,2024,27,Microscopist 2,HSC,F
2003,0.2,0.0131530567956349,0.0131530567956349,39,1024,1024,1,../data/raw_data/young/01FYBl6/FYBl6-05.czi,young,3.48696791062696,826959375,20.2217927345863,255,0,01FYBl6,2024,27,Microscopist 2,HSC,F
2004,0.2,0.0131530567956349,0.0131530567956349,43,1024,1024,1,../data/raw_data/young/01FYBl6/FYBl6-06.czi,young,3.51657782042909,548715253,12.1696661350339,227,0,01FYBl6,2024,27,Microscopist 2,HSC,F
2005,0.2,0.0131530567956349,0.0131530567956349,43,1024,1024,1,../data/raw_data/young/01FYBl6/FYBl6-07.czi,young,2.96457257406399,409826376,9.0893229994663,178,0,01FYBl6,2024,27,Microscopist 2,HSC,F
2006,0.2,0.0131530567956349,0.0131530567956349,48,1024,1024,1,../data/raw_data/young/01FYBl6/FYBl6-08.czi,young,3.77224115425135,808727954,16.0679808060328,255,0,01FYBl6,2024,27,Microscopist 2,HSC,F
2007,0.2,0.0131530567956349,0.0131530567956349,42,1024,1024,1,../data/raw_data/young/01FYBl6/FYBl6-09.czi,young,3.71768037953814,615908837,13.9851533117748,255,0,01FYBl6,2024,27,Microscopist 2,HSC,F
2008,0.2,0.0131530567956349,0.0131530567956349,46,1024,1024,1,../data/raw_data/young/01FYBl6/FYBl6-10.czi,young,3.60935796276799,652246477,13.5224068061165,255,0,01FYBl6,2024,27,Microscopist 2,HSC,F
2009,0.2,0.0131530567956349,0.0131530567956349,29,1024,1024,1,../data/raw_data/young/01FYBl6/FYBl6-11.czi,young,3.32225576410394,331817883,10.9119376807377,172,0,01FYBl6,2024,27,Microscopist 2,HSC,F
2010,0.2,0.0131530567956349,0.0131530567956349,32,1024,1024,1,../data/raw_data/young/01FYBl6/FYBl6-12.czi,young,3.54744824234171,388775777,11.5864210426807,178,0,01FYBl6,2024,27,Microscopist 2,HSC,F
2011,0.2,0.0131530567956349,0.0131530567956349,31,1024,1024,1,../data/raw_data/young/01FYBl6/FYBl6-13.czi,young,3.27899434803629,352476402,10.8434739266672,175,0,01FYBl6,2024,27,Microscopist 2,HSC,F
2012,0.2,0.0131530567956349,0.0131530567956349,34,1024,1024,1,../data/raw_data/young/01FYBl6/FYBl6-14.czi,young,3.41818718671906,369856770,10.3742030087639,165,0,01FYBl6,2024,27,Microscopist 2,HSC,F
2013,0.2,0.0131530567956349,0.0131530567956349,33,1024,1024,1,../data/raw_data/young/01FYBl6/FYBl6-15.czi,young,3.32368515281546,372673564,10.7699759512237,171,0,01FYBl6,2024,27,Microscopist 2,HSC,F
2014,0.2,0.0131530567956349,0.0131530567956349,31,1024,1024,1,../data/raw_data/young/01FYBl6/FYBl6-16.czi,young,3.32809694520218,351693828,10.819399064587,161,0,01FYBl6,2024,27,Microscopist 2,HSC,F
2015,0.2,0.0131530567956349,0.0131530567956349,45,1024,1024,1,../data/raw_data/young/01FYBl6/FYBl6-17.czi,young,3.9431653606291,975323136,20.6697916666667,255,0,01FYBl6,2024,27,Microscopist 2,HSC,F
2016,0.2,0.0131530567956349,0.0131530567956349,37,1024,1024,1,../data/raw_data/young/01FYBl6/FYBl6-18.czi,young,3.8853296793875,639431555,16.481336516303,255,0,01FYBl6,2024,27,Microscopist 2,HSC,F
2017,0.2,0.0131530567956349,0.0131530567956349,37,1024,1024,1,../data/raw_data/young/01FYBl6/FYBl6-19.czi,young,3.46459988306294,440798909,11.3615837354918,199,0,01FYBl6,2024,27,Microscopist 2,HSC,F
2018,0.2,0.0131530567956349,0.0131530567956349,36,1024,1024,1,../data/raw_data/young/01FYBl6/FYBl6-20.czi,young,3.60387716004623,410516427,10.8749714692434,193,0,01FYBl6,2024,27,Microscopist 2,HSC,F
2019,0.2,0.0131530567956349,0.0131530567956349,43,1024,1024,1,../data/raw_data/young/01FYBl6/FYBl6-21.czi,young,3.83564207651522,777884708,17.2522945847622,255,0,01FYBl6,2024,27,Microscopist 2,HSC,F
2020,0.2,0.0131530567956349,0.0131530567956349,37,1024,1024,1,../data/raw_data/young/01FYBl6/FYBl6-22.czi,young,3.87058653761251,725281646,18.6941210257041,255,0,01FYBl6,2024,27,Microscopist 2,HSC,F
2021,0.2,0.0131530567956349,0.0131530567956349,38,1024,1024,1,../data/raw_data/young/01FYBl6/FYBl6-23.czi,young,3.32666755649066,413659993,10.3814976591813,198,0,01FYBl6,2024,27,Microscopist 2,HSC,F
2022,0.2,0.0131530567956349,0.0131530567956349,33,1024,1024,1,../data/raw_data/young/01FYBl6/FYBl6-24.czi,young,3.26114517633394,384140540,11.1013626329827,169,0,01FYBl6,2024,27,Microscopist 2,HSC,F
2023,0.2,0.0131530567956349,0.0131530567956349,38,1024,1024,1,../data/raw_data/young/01FYBl6/FYBl6-25.czi,young,3.33074159567533,401082766,10.0658508601942,153,0,01FYBl6,2024,27,Microscopist 2,HSC,F
2024,0.2,0.0131530567956349,0.0131530567956349,45,1024,1024,1,../data/raw_data/young/01FYBl6/FYBl6-26.czi,young,3.35856780078667,542412879,11.4952273686727,205,0,01FYBl6,2024,27,Microscopist 2,HSC,F
2025,0.2,0.0131530567956349,0.0131530567956349,34,1024,1024,1,../data/raw_data/young/01FYBl6/FYBl6-27.czi,young,3.27727245647158,372120881,10.4377096120049,167,0,01FYBl6,2024,27,Microscopist 2,HSC,F
2026,0.2,0.0131530567956349,0.0131530567956349,30,1024,1024,1,../data/raw_data/young/02FYBl6/Exp2FYBl6-01.czi,young,3.48017306405724,553618701,17.599064540863,255,0,02FYBl6,2024,49,Microscopist 2,HSC,F
2027,0.2,0.0131530567956349,0.0131530567956349,32,1024,1024,1,../data/raw_data/young/02FYBl6/Exp2FYBl6-02.czi,young,3.55616476364021,535943863,15.9723717868328,255,0,02FYBl6,2024,49,Microscopist 2,HSC,F
2028,0.2,0.0131530567956349,0.0131530567956349,29,1024,1024,1,../data/raw_data/young/02FYBl6/Exp2FYBl6-03.czi,young,3.34359396928457,579653225,19.0620825208467,255,0,02FYBl6,2024,49,Microscopist 2,HSC,F
2029,0.2,0.0131530567956349,0.0131530567956349,35,1024,1024,1,../data/raw_data/young/02FYBl6/Exp2FYBl6-04.czi,young,3.20038890454321,506855419,13.8107141494751,255,0,02FYBl6,2024,49,Microscopist 2,HSC,F
2030,0.2,0.0131530567956349,0.0131530567956349,43,1024,1024,1,../data/raw_data/young/02FYBl6/Exp2FYBl6-05.czi,young,3.44485994319486,594718841,13.1899554452231,255,0,02FYBl6,2024,49,Microscopist 2,HSC,F
2031,0.2,0.0131530567956349,0.0131530567956349,31,1024,1024,1,../data/raw_data/young/02FYBl6/Exp2FYBl6-06.czi,young,3.21937496210389,510804781,15.7142387205555,255,0,02FYBl6,2024,49,Microscopist 2,HSC,F
2032,0.2,0.0131530567956349,0.0131530567956349,29,1024,1024,1,../data/raw_data/young/02FYBl6/Exp2FYBl6-07.czi,young,3.50481708232931,480222392,15.7922676349508,255,0,02FYBl6,2024,49,Microscopist 2,HSC,F
2033,0.2,0.0131530567956349,0.0131530567956349,31,1024,1024,1,../data/raw_data/young/02FYBl6/Exp2FYBl6-08.czi,young,3.30738899607679,480201625,14.7727727890015,255,0,02FYBl6,2024,49,Microscopist 2,HSC,F
2034,0.2,0.0131530567956349,0.0131530567956349,34,1024,1024,1,../data/raw_data/young/02FYBl6/Exp2FYBl6-09.czi,young,3.45254664210997,504811446,14.1595797258265,255,0,02FYBl6,2024,49,Microscopist 2,HSC,F
2035,0.2,0.0131530567956349,0.0131530567956349,32,1024,1024,1,../data/raw_data/young/02FYBl6/Exp2FYBl6-10.czi,young,2.91815987772011,547523361,16.3174677193165,255,0,02FYBl6,2024,49,Microscopist 2,HSC,F
2036,0.2,0.0131530567956349,0.0131530567956349,47,1024,1024,1,../data/raw_data/young/02FYBl6/Exp2FYBl6-11.czi,young,3.39540303004969,956515035,19.4085919603388,255,0,02FYBl6,2024,49,Microscopist 2,HSC,F
2037,0.2,0.0131530567956349,0.0131530567956349,41,1024,1024,1,../data/raw_data/young/02FYBl6/Exp2FYBl6-13.czi,young,3.03692070735347,475131884,11.0517335286955,255,0,02FYBl6,2024,49,Microscopist 2,HSC,F
2038,0.2,0.0131530567956349,0.0131530567956349,30,1024,1024,1,../data/raw_data/young/02FYBl6/Exp2FYBl6-14.czi,young,3.21427110053584,437111754,13.8954084396362,255,0,02FYBl6,2024,49,Microscopist 2,HSC,F
2039,0.2,0.0131530567956349,0.0131530567956349,43,1024,1024,1,../data/raw_data/young/02FYBl6/Exp2FYBl6-15.czi,young,3.05155678565351,510236245,11.3162605152574,255,0,02FYBl6,2024,49,Microscopist 2,HSC,F
2040,0.2,0.0131530567956349,0.0131530567956349,39,1024,1024,1,../data/raw_data/young/02FYBl6/Exp2FYBl6-16.czi,young,2.76726811406363,424522384,10.3809254964193,255,0,02FYBl6,2024,49,Microscopist 2,HSC,F
2041,0.2,0.0131530567956349,0.0131530567956349,43,1024,1024,1,../data/raw_data/young/02FYBl6/Exp2FYBl6-17.czi,young,3.02608272816212,545324196,12.0944576706997,255,0,02FYBl6,2024,49,Microscopist 2,HSC,F
2042,0.2,0.0131530567956349,0.0131530567956349,39,1024,1024,1,../data/raw_data/young/02FYBl6/Exp2FYBl6-18.czi,young,2.89865062757913,464673586,11.3627503712972,254,0,02FYBl6,2024,49,Microscopist 2,HSC,F
2043,0.2,0.0131530567956349,0.0131530567956349,32,1024,1024,1,../data/raw_data/young/02FYBl6/Exp2FYBl6-20.czi,young,3.58531329398813,510334167,15.2091433703899,255,0,02FYBl6,2024,49,Microscopist 2,HSC,F
2044,0.2,0.0131530567956349,0.0131530567956349,48,1024,1024,1,../data/raw_data/young/02FYBl6/Exp2FYBl6-21.czi,young,2.98878611944488,591016972,11.7424522240957,255,0,02FYBl6,2024,49,Microscopist 2,HSC,F
2045,0.2,0.0131530567956349,0.0131530567956349,46,1024,1024,1,../data/raw_data/young/02FYBl6/Exp2FYBl6-22.czi,young,3.03801234286293,471127480,9.7674386397652,251,0,02FYBl6,2024,49,Microscopist 2,HSC,F
2046,0.2,0.0131530567956349,0.0131530567956349,39,1024,1024,1,../data/raw_data/young/02FYBl6/Exp2FYBl6-23.czi,young,3.10330403329254,519573115,12.7052188530946,255,0,02FYBl6,2024,49,Microscopist 2,HSC,F
2047,0.2,0.0131530567956349,0.0131530567956349,42,1024,1024,1,../data/raw_data/young/02FYBl6/Exp2FYBl6-24.czi,young,2.98855542971777,462589318,10.5037988481067,255,0,02FYBl6,2024,49,Microscopist 2,HSC,F
2048,0.2,0.0131530567956349,0.0131530567956349,48,1024,1024,1,../data/raw_data/young/02FYBl6/Exp2FYBl6-25.czi,young,3.04450034279364,506068177,10.0546713074048,255,0,02FYBl6,2024,49,Microscopist 2,HSC,F
2049,0.2,0.0131530567956349,0.0131530567956349,43,1024,1024,1,../data/raw_data/young/02FYBl6/Exp2FYBl6-26.czi,young,3.18896591964549,547705131,12.1472631720609,255,0,02FYBl6,2024,49,Microscopist 2,HSC,F
2050,0.2,0.0131530567956349,0.0131530567956349,41,1024,1024,1,../data/raw_data/young/02FYBl6/Exp2FYBl6-27.czi,young,3.38284315929364,549984074,12.7928216050311,255,0,02FYBl6,2024,49,Microscopist 2,HSC,F
2051,0.2,0.0131530567956349,0.0131530567956349,39,1024,1024,1,../data/raw_data/young/02FYBl6/Exp2FYBl6-28.czi,young,3.22792260680136,500653487,12.2425736402854,255,0,02FYBl6,2024,49,Microscopist 2,HSC,F
2052,0.2,0.0131530567956349,0.0131530567956349,43,1024,1024,1,../data/raw_data/young/02FYBl6/Exp2FYBl6-29.czi,young,3.29333792348314,538457827,11.942172094833,255,0,02FYBl6,2024,49,Microscopist 2,HSC,F
2053,0.2,0.0131530567956349,0.0131530567956349,33,1024,1024,1,../data/raw_data/young/02FYBl6/Exp2FYBl6-30.czi,young,2.55497325978397,538744848,15.5693068070845,255,0,02FYBl6,2024,49,Microscopist 2,HSC,F
2054,0.2,0.0131530567956349,0.0131530567956349,44,1024,1024,1,../data/raw_data/young/02FYBl6/Exp2FYBl6-32.czi,young,3.78595447364295,670987344,14.5432590137828,255,0,02FYBl6,2024,49,Microscopist 2,HSC,F
2055,0.2,0.0131530567956349,0.0131530567956349,47,1024,1024,1,../data/raw_data/young/02FYBl6/Exp2FYBl6-33.czi,young,3.60929614964191,650772001,13.2047775146809,255,0,02FYBl6,2024,49,Microscopist 2,HSC,F
2056,0.2,0.0131530567956349,0.0131530567956349,47,1024,1024,1,../data/raw_data/young/02FYBl6/Exp2FYBl6-34.czi,young,3.50573984123775,663109064,13.4551081555955,255,0,02FYBl6,2024,49,Microscopist 2,HSC,F
2057,0.2,0.0131530567956349,0.0131530567956349,42,1024,1024,1,../data/raw_data/young/02FYBl6/Exp2FYBl6-35.czi,young,3.69926276490662,543571580,12.3426251184373,224,0,02FYBl6,2024,49,Microscopist 2,HSC,F
2058,0.2,0.0131530567956349,0.0131530567956349,46,1024,1024,1,../data/raw_data/young/02FYBl6/Exp2FYBl6-36.czi,young,3.61641440562785,658124973,13.6442800812099,255,0,02FYBl6,2024,49,Microscopist 2,HSC,F
2059,0.2,0.0131530567956349,0.0131530567956349,35,1024,1024,1,../data/raw_data/young/02FYBl6/Exp2FYBl6-37.czi,young,2.97530348978039,560038190,15.2598296574184,255,0,02FYBl6,2024,49,Microscopist 2,HSC,F
2060,0.2,0.0131530567956349,0.0131530567956349,43,1024,1024,1,../data/raw_data/young/02FYBl6/Exp2FYBl6-38.czi,young,3.30400702607345,542094619,12.0228305861007,255,0,02FYBl6,2024,49,Microscopist 2,HSC,F
2061,0.2,0.0131530567956349,0.0131530567956349,45,1024,1024,1,../data/raw_data/young/02FYBl6/Exp2FYBl6-39.czi,young,3.32041024628707,506231411,10.7284421073066,212,0,02FYBl6,2024,49,Microscopist 2,HSC,F
2062,0.2,0.0131530567956349,0.0131530567956349,44,1024,1024,1,../data/raw_data/young/02FYBl6/Exp2FYBl6-40.czi,young,3.58703518555283,573070662,12.4209720871665,255,0,02FYBl6,2024,49,Microscopist 2,HSC,F
2063,0.2,0.0131530567956349,0.0131530567956349,38,1024,1024,1,../data/raw_data/young/02FYBl6/Exp2FYBl6-41.czi,young,3.47665312401591,528585778,13.2657547499004,255,0,02FYBl6,2024,49,Microscopist 2,HSC,F
2064,0.2,0.0131530567956349,0.0131530567956349,44,1024,1024,1,../data/raw_data/young/02FYBl6/Exp2FYBl6-42.czi,young,2.92624614296336,546500401,11.8450771895322,255,0,02FYBl6,2024,49,Microscopist 2,HSC,F
2065,0.2,0.0131530567956349,0.0131530567956349,38,1024,1024,1,../data/raw_data/young/02FYBl6/Exp2FYBl6-43.czi,young,2.88550575111669,506301339,12.7064890359577,255,0,02FYBl6,2024,49,Microscopist 2,HSC,F
2066,0.2,0.0131530567956349,0.0131530567956349,46,1024,1024,1,../data/raw_data/young/02FYBl6/Exp2FYBl6-44.czi,young,2.8890113473722,500422497,10.3747844074083,255,0,02FYBl6,2024,49,Microscopist 2,HSC,F
2067,0.2,0.0131530567956349,0.0131530567956349,39,1024,1024,1,../data/raw_data/young/02FYBl6/Exp2FYBl6-45.czi,young,2.82411922327072,456662604,11.1668563255897,251,0,02FYBl6,2024,49,Microscopist 2,HSC,F
2068,0.2,0.0131530567956349,0.0131530567956349,36,1024,1024,1,../data/raw_data/young/02FYBl6/Exp2FYBl6-46.czi,young,3.23590180856967,502002503,13.2985248300764,255,0,02FYBl6,2024,49,Microscopist 2,HSC,F
2069,0.2,0.0131530567956349,0.0131530567956349,36,1024,1024,1,../data/raw_data/young/02FYBl6/Exp2FYBl6-47.czi,young,3.04294732782995,460890214,12.209421104855,255,0,02FYBl6,2024,49,Microscopist 2,HSC,F
2070,0.2,0.0131530567956349,0.0131530567956349,33,1024,1024,1,../data/raw_data/young/02FYBl6/Exp2FYBl6-48.czi,young,2.78108849693018,406667913,11.7523861798373,240,0,02FYBl6,2024,49,Microscopist 2,HSC,F
2071,0.2,0.0131530567956349,0.0131530567956349,34,1024,1024,1,../data/raw_data/young/02FYBl6/Exp2FYBl6-49.czi,young,2.88502174648804,426418198,11.9607083376716,255,0,02FYBl6,2024,49,Microscopist 2,HSC,F
2072,0.2,0.0131530567956349,0.0131530567956349,44,1024,1024,1,../data/raw_data/young/02FYBl6/Exp2FYBl6-50.czi,young,3.39620216270596,484696760,10.5055193467574,226,0,02FYBl6,2024,49,Microscopist 2,HSC,F
2073,0.2,0.0131530567956349,0.0131530567956349,42,1024,1024,1,../data/raw_data/young/02FYBl6/Exp2FYBl6-51.czi,young,3.35581608683857,448057578,10.1738334383283,234,0,02FYBl6,2024,49,Microscopist 2,HSC,F
2074,0.2,0.0131530567956349,0.0131530567956349,49,1024,1024,1,../data/raw_data/young/03FY19weeksBL6/03MBL6-01.czi,young,2.53055993123901,531104456,10.3367485513493,255,0,03FY19weeksBL6,2024,49,Microscopist 2,HSC,F
2075,0.2,0.0131530567956349,0.0131530567956349,53,1024,1024,1,../data/raw_data/young/03FY19weeksBL6/03MBL6-02.czi,young,2.78068893060204,535434065,9.63452294187726,255,0,03FY19weeksBL6,2024,49,Microscopist 2,HSC,F
2076,0.2,0.0131530567956349,0.0131530567956349,50,1024,1024,1,../data/raw_data/young/03FY19weeksBL6/03MBL6-03.czi,young,2.76244019257156,491317264,9.37113311767578,255,0,03FY19weeksBL6,2024,49,Microscopist 2,HSC,F
2077,0.2,0.0131530567956349,0.0131530567956349,41,1024,1024,1,../data/raw_data/young/03FY19weeksBL6/03MBL6-04.czi,young,2.70420494500182,484408105,11.2675016682322,255,0,03FY19weeksBL6,2024,49,Microscopist 2,HSC,F
2078,0.2,0.0131530567956349,0.0131530567956349,40,1024,1024,1,../data/raw_data/young/03FY19weeksBL6/03MBL6-05.czi,young,2.86801089539362,418315314,9.9734142780304,255,0,03FY19weeksBL6,2024,49,Microscopist 2,HSC,F
2079,0.2,0.0131530567956349,0.0131530567956349,40,1024,1024,1,../data/raw_data/young/03FY19weeksBL6/03MBL6-06.czi,young,2.50161118405517,353869544,8.43690738677979,253,0,03FY19weeksBL6,2024,49,Microscopist 2,HSC,F
2080,0.2,0.0131530567956349,0.0131530567956349,45,1024,1024,1,../data/raw_data/young/03FY19weeksBL6/03MBL6-07.czi,young,2.47424635839805,361161749,7.65401520199246,199,0,03FY19weeksBL6,2024,49,Microscopist 2,HSC,F
2081,0.2,0.0131530567956349,0.0131530567956349,46,1024,1024,1,../data/raw_data/young/03FY19weeksBL6/03MBL6-08.czi,young,2.28301376922304,325580725,6.74995598585709,184,0,03FY19weeksBL6,2024,49,Microscopist 2,HSC,F
2082,0.2,0.0131530567956349,0.0131530567956349,42,1024,1024,1,../data/raw_data/young/03FY19weeksBL6/03MBL6-09.czi,young,2.36953660135834,289303438,6.56907758258638,193,0,03FY19weeksBL6,2024,49,Microscopist 2,HSC,F
2083,0.2,0.0131530567956349,0.0131530567956349,40,1024,1024,1,../data/raw_data/young/03FY19weeksBL6/03MBL6-10.czi,young,2.44532851777724,266788939,6.36074397563934,176,0,03FY19weeksBL6,2024,49,Microscopist 2,HSC,F
2084,0.2,0.0131530567956349,0.0131530567956349,40,1024,1024,1,../data/raw_data/young/03FY19weeksBL6/03MBL6-11.czi,young,2.40574157456612,249576913,5.95037729740143,166,0,03FY19weeksBL6,2024,49,Microscopist 2,HSC,F
2085,0.2,0.0131530567956349,0.0131530567956349,41,1024,1024,1,../data/raw_data/young/03FY19weeksBL6/03MBL6-12.czi,young,2.28043093187598,235574966,5.47955596737745,140,0,03FY19weeksBL6,2024,49,Microscopist 2,HSC,F
2086,0.2,0.0131530567956349,0.0131530567956349,43,1024,1024,1,../data/raw_data/young/03FY19weeksBL6/03MBL6-13.czi,young,2.43678087307977,337339093,7.48166578869487,167,0,03FY19weeksBL6,2024,49,Microscopist 2,HSC,F
2087,0.2,0.0131530567956349,0.0131530567956349,39,1024,1024,1,../data/raw_data/young/03FY19weeksBL6/03MBL6-14.czi,young,2.16849585537538,262922234,6.42928671225523,149,0,03FY19weeksBL6,2024,49,Microscopist 2,HSC,F
2088,0.2,0.0131530567956349,0.0131530567956349,43,1024,1024,1,../data/raw_data/young/03FY19weeksBL6/03MBL6-15.czi,young,2.21497036484534,233417258,5.17683823164119,132,0,03FY19weeksBL6,2024,49,Microscopist 2,HSC,F
2089,0.2,0.0131530567956349,0.0131530567956349,41,1024,1024,1,../data/raw_data/young/03FY19weeksBL6/03MBL6-16.czi,young,1.79096566199239,165136396,3.84113023339248,106,0,03FY19weeksBL6,2024,49,Microscopist 2,HSC,F
2090,0.2,0.0131530567956349,0.0131530567956349,36,1024,1024,1,../data/raw_data/young/03FY19weeksBL6/03MBL6-17.czi,young,1.89011017800983,147569279,3.90925086869134,92,0,03FY19weeksBL6,2024,49,Microscopist 2,HSC,F
2091,0.2,0.0131530567956349,0.0131530567956349,43,1024,1024,1,../data/raw_data/young/03FY19weeksBL6/03MBL6-18.czi,young,1.9577540160594,195958308,4.34605594014013,129,0,03FY19weeksBL6,2024,49,Microscopist 2,HSC,F
2092,0.2,0.0131530567956349,0.0131530567956349,40,1024,1024,1,../data/raw_data/young/03FY19weeksBL6/03MBL6-19.czi,young,2.09327238188564,196211459,4.67804572582245,138,0,03FY19weeksBL6,2024,49,Microscopist 2,HSC,F
2093,0.2,0.0131530567956349,0.0131530567956349,43,1024,1024,1,../data/raw_data/young/03FY19weeksBL6/03MBL6-20.czi,young,1.86612732235605,159252267,3.53197202017141,109,0,03FY19weeksBL6,2024,49,Microscopist 2,HSC,F
2094,0.2,0.0131530567956349,0.0131530567956349,45,1024,1024,1,../data/raw_data/young/03FY19weeksBL6/03MBL6-21.czi,young,1.86950929235939,186592933,3.95441972944472,105,0,03FY19weeksBL6,2024,49,Microscopist 2,HSC,F
2095,0.2,0.0131530567956349,0.0131530567956349,38,1024,1024,1,../data/raw_data/young/03FY19weeksBL6/03MBL6-22.czi,young,2.16677396381067,214857671,5.39221690830432,140,0,03FY19weeksBL6,2024,49,Microscopist 2,HSC,F
2096,0.2,0.0131530567956349,0.0131530567956349,45,1024,1024,1,../data/raw_data/young/03FY19weeksBL6/03MBL6-23.czi,young,2.06160282731674,222457051,4.7144794676039,129,0,03FY19weeksBL6,2024,49,Microscopist 2,HSC,F
2097,0.2,0.0131530567956349,0.0131530567956349,45,1024,1024,1,../data/raw_data/young/03FY19weeksBL6/03MBL6-24.czi,young,1.96994522705036,199821222,4.23476371765137,118,0,03FY19weeksBL6,2024,49,Microscopist 2,HSC,F
2098,0.2,0.0131530567956349,0.0131530567956349,51,1024,1024,1,../data/raw_data/young/03FY19weeksBL6/03MBL6-25.czi,young,2.17032481041503,313274681,5.85807876960904,129,0,03FY19weeksBL6,2024,49,Microscopist 2,HSC,F
2099,0.2,0.0131530567956349,0.0131530567956349,49,1024,1024,1,../data/raw_data/young/03FY19weeksBL6/03MBL6-26.czi,young,2.04881226683358,291392343,5.67129374523552,195,0,03FY19weeksBL6,2024,49,Microscopist 2,HSC,F
2100,0.2,0.0131530567956349,0.0131530567956349,43,1024,1024,1,../data/raw_data/young/03FY19weeksBL6/03MBL6-27.czi,young,1.99120727531908,254020103,5.6337778623714,167,0,03FY19weeksBL6,2024,49,Microscopist 2,HSC,F
2101,0.2,0.0131530567956349,0.0131530567956349,40,1024,1024,1,../data/raw_data/young/03FY19weeksBL6/03MBL6-28.czi,young,2.1489866052344,243783971,5.81226279735565,177,0,03FY19weeksBL6,2024,49,Microscopist 2,HSC,F
2102,0.2,0.0131530567956349,0.0131530567956349,41,1024,1024,1,../data/raw_data/young/03FY19weeksBL6/03MBL6-29.czi,young,2.10824621338773,339005047,7.88537576721936,227,0,03FY19weeksBL6,2024,49,Microscopist 2,HSC,F
2103,0.2,0.0131530567956349,0.0131530567956349,48,1024,1024,1,../data/raw_data/young/03FY19weeksBL6/03MBL6-30.czi,young,1.94254949483019,305727093,6.07425159215927,217,0,03FY19weeksBL6,2024,49,Microscopist 2,HSC,F
2104,0.2,0.0131530567956349,0.0131530567956349,44,1024,1024,1,../data/raw_data/young/03FY19weeksBL6/03MBL6-31.czi,young,2.09929900236213,303280348,6.57342451268976,205,0,03FY19weeksBL6,2024,49,Microscopist 2,HSC,F
2105,0.2,0.0131530567956349,0.0131530567956349,44,1024,1024,1,../data/raw_data/young/03FY19weeksBL6/03MBL6-32.czi,young,2.09373376133986,247941766,5.37399304996837,173,0,03FY19weeksBL6,2024,49,Microscopist 2,HSC,F
2106,0.2,0.0131530567956349,0.0131530567956349,34,1024,1024,1,../data/raw_data/young/03FY19weeksBL6/03MBL6-33.czi,young,2.06163373387979,185067451,5.19100220063154,139,0,03FY19weeksBL6,2024,49,Microscopist 2,HSC,F
2107,0.2,0.0131530567956349,0.0131530567956349,45,1024,1024,1,../data/raw_data/young/03FY19weeksBL6/03MBL6-34.czi,young,1.96802355232158,207318765,4.39365736643473,107,0,03FY19weeksBL6,2024,49,Microscopist 2,HSC,F
2108,0.2,0.0131530567956349,0.0131530567956349,42,1024,1024,1,../data/raw_data/young/03FY19weeksBL6/03MBL6-35.czi,young,2.04553736030519,173867553,3.94792904172625,88,0,03FY19weeksBL6,2024,49,Microscopist 2,HSC,F
2109,0.2,0.0131530567956349,0.0131530567956349,38,1024,1024,1,../data/raw_data/young/03FY19weeksBL6/03MBL6-36.czi,young,2.15087737340014,175882745,4.41407517382973,100,0,03FY19weeksBL6,2024,49,Microscopist 2,HSC,F
2110,0.2,0.0131530567956349,0.0131530567956349,40,1024,1024,1,../data/raw_data/young/03FY19weeksBL6/03MBL6-37.czi,young,1.97129845884997,185902908,4.43227071762085,120,0,03FY19weeksBL6,2024,49,Microscopist 2,HSC,F
2111,0.2,0.0131530567956349,0.0131530567956349,41,1024,1024,1,../data/raw_data/young/03FY19weeksBL6/03MBL6-38.czi,young,1.89911920216152,191308674,4.44990655852527,123,0,03FY19weeksBL6,2024,49,Microscopist 2,HSC,F
2112,0.2,0.0131530567956349,0.0131530567956349,36,1024,1024,1,../data/raw_data/young/03FY19weeksBL6/03MBL6-39.czi,young,2.03056352880309,181342642,4.80393944846259,120,0,03FY19weeksBL6,2024,49,Microscopist 2,HSC,F
2113,0.2,0.0131530567956349,0.0131530567956349,33,1024,1024,1,../data/raw_data/young/03FY19weeksBL6/03MBL6-40.czi,young,1.71815614924869,161352727,4.66296823096998,116,0,03FY19weeksBL6,2024,49,Microscopist 2,HSC,F
2114,0.2,0.0131530567956349,0.0131530567956349,35,1024,1024,1,../data/raw_data/young/03FY19weeksBL6/03MBL6-41.czi,young,1.74770424592474,163356713,4.45111718858991,113,0,03FY19weeksBL6,2024,49,Microscopist 2,HSC,F
2115,0.2,0.0131530567956349,0.0131530567956349,37,1024,1024,1,../data/raw_data/young/03FY19weeksBL6/03MBL6-42.czi,young,1.56697188273903,164872502,4.24958569294698,130,0,03FY19weeksBL6,2024,49,Microscopist 2,HSC,F
2116,0.2,0.0131530567956349,0.0131530567956349,40,1024,1024,1,../data/raw_data/young/03FY19weeksBL6/03MBL6-43.czi,young,1.76658324001047,185868704,4.43145523071289,120,0,03FY19weeksBL6,2024,49,Microscopist 2,HSC,F
2117,0.2,0.0131530567956349,0.0131530567956349,38,1024,1024,1,../data/raw_data/young/03FY19weeksBL6/03MBL6-44.czi,young,2.44705040934195,464378710,11.6543697056017,255,0,03FY19weeksBL6,2024,49,Microscopist 2,HSC,F
2118,0.2,0.0131530567956349,0.0131530567956349,49,1024,1024,1,../data/raw_data/young/03FY19weeksBL6/03MBL6-45.czi,young,2.67293495676106,708968228,13.7984651059521,255,0,03FY19weeksBL6,2024,49,Microscopist 2,HSC,F
2119,0.2,0.0131530567956349,0.0131530567956349,41,1024,1024,1,../data/raw_data/young/03FY19weeksBL6/03MBL6-46.czi,young,1.645346636505,181014231,4.21045421972507,117,0,03FY19weeksBL6,2024,49,Microscopist 2,HSC,F
2120,0.2,0.0131530567956349,0.0131530567956349,36,1024,1024,1,../data/raw_data/young/03FY19weeksBL6/03MBL6-47.czi,young,1.68602521522558,175463454,4.6481941541036,138,0,03FY19weeksBL6,2024,49,Microscopist 2,HSC,F
2121,0.2,0.0131530567956349,0.0131530567956349,37,1024,1024,1,../data/raw_data/young/03FY19weeksBL6/03MBL6-48.czi,young,1.66806898004828,196292785,5.05944290676632,159,0,03FY19weeksBL6,2024,49,Microscopist 2,HSC,F
2122,0.2,0.0131530567956349,0.0131530567956349,38,1024,1024,1,../data/raw_data/young/03FY19weeksBL6/03MBL6-49.czi,young,1.79010471621004,173500366,4.35428534056011,114,0,03FY19weeksBL6,2024,49,Microscopist 2,HSC,F
2123,0.2,0.0131530567956349,0.0131530567956349,37,1024,1024,1,../data/raw_data/young/03MYBL6/Exp03YBL6-01.czi,young,2.52840756678312,389077653,10.0284693176682,251,0,03MYBL6,2024,51,Microscopist 2,HSC,M
2124,0.2,0.0131530567956349,0.0131530567956349,39,1024,1024,1,../data/raw_data/young/03MYBL6/Exp03YBL6-02.czi,young,2.46007165955223,427422397,10.4518400583512,255,0,03MYBL6,2024,51,Microscopist 2,HSC,M
2125,0.2,0.0131530567956349,0.0131530567956349,35,1024,1024,1,../data/raw_data/young/03MYBL6/Exp03YBL6-03.czi,young,2.68211285751377,541393961,14.7518147332328,255,0,03MYBL6,2024,51,Microscopist 2,HSC,M
2126,0.2,0.0131530567956349,0.0131530567956349,45,1024,1024,1,../data/raw_data/young/03MYBL6/Exp03YBL6-04.czi,young,2.87185424485117,577901831,12.2473363028632,255,0,03MYBL6,2024,51,Microscopist 2,HSC,M
2127,0.2,0.0131530567956349,0.0131530567956349,35,1024,1024,1,../data/raw_data/young/03MYBL6/Exp03YBL6-05.czi,young,2.57918680516486,406483008,11.0757829938616,229,0,03MYBL6,2024,51,Microscopist 2,HSC,M
2128,0.2,0.0131530567956349,0.0131530567956349,35,1024,1024,1,../data/raw_data/young/03MYBL6/Exp03YBL6-06.czi,young,2.96543351984634,402092083,10.9561397824969,224,0,03MYBL6,2024,51,Microscopist 2,HSC,M
2129,0.2,0.0131530567956349,0.0131530567956349,39,1024,1024,1,../data/raw_data/young/03MYBL6/Exp03YBL6-07.czi,young,2.79066596401103,474876311,11.612239519755,252,0,03MYBL6,2024,51,Microscopist 2,HSC,M
2130,0.2,0.0131530567956349,0.0131530567956349,44,1024,1024,1,../data/raw_data/young/03MYBL6/Exp03YBL6-08.czi,young,2.8770199195453,423205627,9.17273493246599,243,0,03MYBL6,2024,51,Microscopist 2,HSC,M
2131,0.2,0.0131530567956349,0.0131530567956349,36,1024,1024,1,../data/raw_data/young/03MYBL6/Exp03YBL6-09.czi,young,2.99502686687125,379406816,10.0508482191298,227,0,03MYBL6,2024,51,Microscopist 2,HSC,M
2132,0.2,0.0131530567956349,0.0131530567956349,36,1024,1024,1,../data/raw_data/young/03MYBL6/Exp03YBL6-10.czi,young,3.01489043299151,438526092,11.6169741948446,255,0,03MYBL6,2024,51,Microscopist 2,HSC,M
2133,0.2,0.0131530567956349,0.0131530567956349,41,1024,1024,1,../data/raw_data/young/03MYBL6/Exp03YBL6-11.czi,young,2.66266542049887,360680879,8.38956318832025,235,0,03MYBL6,2024,51,Microscopist 2,HSC,M
2134,0.2,0.0131530567956349,0.0131530567956349,40,1024,1024,1,../data/raw_data/young/03MYBL6/Exp03YBL6-12.czi,young,2.72371419514279,358936597,8.55771534442902,218,0,03MYBL6,2024,51,Microscopist 2,HSC,M
2135,0.2,0.0131530567956349,0.0131530567956349,40,1024,1024,1,../data/raw_data/young/03MYBL6/Exp03YBL6-13.czi,young,3.03675183075244,477061602,11.3740349292755,255,0,03MYBL6,2024,51,Microscopist 2,HSC,M
2136,0.2,0.0131530567956349,0.0131530567956349,43,1024,1024,1,../data/raw_data/young/03MYBL6/Exp03YBL6-14.czi,young,2.39845444197915,405784573,8.99968198288319,255,0,03MYBL6,2024,51,Microscopist 2,HSC,M
2137,0.2,0.0131530567956349,0.0131530567956349,50,1024,1024,1,../data/raw_data/young/03MYBL6/Exp03YBL6-15.czi,young,2.63139543225812,535164014,10.2074435043335,248,0,03MYBL6,2024,51,Microscopist 2,HSC,M
2138,0.2,0.0131530567956349,0.0131530567956349,45,1024,1024,1,../data/raw_data/young/03MYBL6/Exp03YBL6-16.czi,young,2.4297244302199,339599657,7.1970549053616,221,0,03MYBL6,2024,51,Microscopist 2,HSC,M
2139,0.2,0.0131530567956349,0.0131530567956349,40,1024,1024,1,../data/raw_data/young/03MYBL6/Exp03YBL6-17.czi,young,2.55049965427117,317373475,7.56677329540253,212,0,03MYBL6,2024,51,Microscopist 2,HSC,M
2140,0.2,0.0131530567956349,0.0131530567956349,34,1024,1024,1,../data/raw_data/young/03MYBL6/Exp03YBL6-18.czi,young,2.93071974847616,307780543,8.6330117337844,188,0,03MYBL6,2024,51,Microscopist 2,HSC,M
2141,0.2,0.0131530567956349,0.0131530567956349,44,1024,1024,1,../data/raw_data/young/03MYBL6/Exp03YBL6-19.czi,young,2.43615061702453,281139146,6.09352688355879,165,0,03MYBL6,2024,51,Microscopist 2,HSC,M
2142,0.2,0.0131530567956349,0.0131530567956349,45,1024,1024,1,../data/raw_data/young/03MYBL6/Exp03YBL6-20.czi,young,2.27297492268797,301399515,6.38748836517334,215,0,03MYBL6,2024,51,Microscopist 2,HSC,M
2143,0.2,0.0131530567956349,0.0131530567956349,43,1024,1024,1,../data/raw_data/young/03MYBL6/Exp03YBL6-21.czi,young,2.3279970768554,286020458,6.34349685491518,194,0,03MYBL6,2024,51,Microscopist 2,HSC,M
2144,0.2,0.0131530567956349,0.0131530567956349,47,1024,1024,1,../data/raw_data/young/03MYBL6/Exp03YBL6-22.czi,young,2.48044185547556,382290628,7.75703730481736,175,0,03MYBL6,2024,51,Microscopist 2,HSC,M
2145,0.2,0.0131530567956349,0.0131530567956349,36,1024,1024,1,../data/raw_data/young/03MYBL6/Exp03YBL6-23.czi,young,2.44595877383249,281449143,7.45585608482361,202,0,03MYBL6,2024,51,Microscopist 2,HSC,M
2146,0.2,0.0131530567956349,0.0131530567956349,39,1024,1024,1,../data/raw_data/young/03MYBL6/Exp03YBL6-24.czi,young,1.98322807355078,404595037,9.89363834185478,255,0,03MYBL6,2024,51,Microscopist 2,HSC,M
2147,0.2,0.0131530567956349,0.0131530567956349,48,1024,1024,1,../data/raw_data/young/03MYBL6/Exp03YBL6-25.czi,young,2.12907778876528,294252163,5.84626521666845,196,0,03MYBL6,2024,51,Microscopist 2,HSC,M
2148,0.2,0.0131530567956349,0.0131530567956349,41,1024,1024,1,../data/raw_data/young/03MYBL6/Exp03YBL6-26.czi,young,2.35008916434345,280133162,6.51599516519686,186,0,03MYBL6,2024,51,Microscopist 2,HSC,M
2149,0.2,0.0131530567956349,0.0131530567956349,35,1024,1024,1,../data/raw_data/young/03MYBL6/Exp03YBL6-27.czi,young,2.34790589332452,242609186,6.61057570321219,174,0,03MYBL6,2024,51,Microscopist 2,HSC,M
2150,0.2,0.0131530567956349,0.0131530567956349,49,1024,1024,1,../data/raw_data/young/03MYBL6/Exp03YBL6-28.czi,young,2.48004228914742,460031460,8.95347322736468,194,0,03MYBL6,2024,51,Microscopist 2,HSC,M
2151,0.2,0.0131530567956349,0.0131530567956349,37,1024,1024,1,../data/raw_data/young/03MYBL6/Exp03YBL6-29.czi,young,2.01989442621278,303094282,7.81224951872955,252,0,03MYBL6,2024,51,Microscopist 2,HSC,M
2152,0.2,0.0131530567956349,0.0131530567956349,49,1024,1024,1,../data/raw_data/young/03MYBL6/Exp03YBL6-30.czi,young,2.50786849425876,394752194,7.68295977066974,161,0,03MYBL6,2024,51,Microscopist 2,HSC,M
2153,0.2,0.0131530567956349,0.0131530567956349,37,1024,1024,1,../data/raw_data/young/03MYBL6/Exp03YBL6-31.czi,young,2.18220917476698,777547586,20.0412746635643,255,0,03MYBL6,2024,51,Microscopist 2,HSC,M
2154,0.2,0.0131530567956349,0.0131530567956349,42,1024,1024,1,../data/raw_data/young/03MYBL6/Exp03YBL6-32.czi,young,2.08495542691528,327141687,7.42825296946934,235,0,03MYBL6,2024,51,Microscopist 2,HSC,M
2155,0.2,0.0131530567956349,0.0131530567956349,39,1024,1024,1,../data/raw_data/young/03MYBL6/Exp03YBL6-33.czi,young,2.37235012843252,250037347,6.11421015323737,150,0,03MYBL6,2024,51,Microscopist 2,HSC,M
2156,0.2,0.0131530567956349,0.0131530567956349,37,1024,1024,1,../data/raw_data/young/03MYBL6/Exp03YBL6-34.czi,young,2.50167299718125,262656589,6.76996872876142,149,0,03MYBL6,2024,51,Microscopist 2,HSC,M
2157,0.2,0.0131530567956349,0.0131530567956349,41,1024,1024,1,../data/raw_data/young/03MYBL6/Exp03YBL6-35.czi,young,2.23206565424028,268200772,6.23844360723728,177,0,03MYBL6,2024,51,Microscopist 2,HSC,M
2158,0.2,0.0131530567956349,0.0131530567956349,43,1024,1024,1,../data/raw_data/young/03MYBL6/Exp03YBL6-36.czi,young,2.21450898539112,264274256,5.86119931243187,166,0,03MYBL6,2024,51,Microscopist 2,HSC,M
2159,0.2,0.0131530567956349,0.0131530567956349,39,1024,1024,1,../data/raw_data/young/03MYBL6/Exp03YBL6-37.czi,young,1.81648496983265,340161034,8.31802157866649,255,0,03MYBL6,2024,51,Microscopist 2,HSC,M
2160,0.2,0.0131530567956349,0.0131530567956349,39,1024,1024,1,../data/raw_data/young/03MYBL6/Exp03YBL6-38.czi,young,2.10314235181969,299030373,7.3122458091149,250,0,03MYBL6,2024,51,Microscopist 2,HSC,M
2161,0.2,0.0131530567956349,0.0131530567956349,44,1024,1024,1,../data/raw_data/young/03MYBL6/Exp03YBL6-39.czi,young,2.34853614937976,288122817,6.24489387598905,162,0,03MYBL6,2024,51,Microscopist 2,HSC,M
2162,0.2,0.0131530567956349,0.0131530567956349,40,1024,1024,1,../data/raw_data/young/03MYBL6/Exp03YBL6-40.czi,young,2.30527473331211,267271491,6.37224891185761,168,0,03MYBL6,2024,51,Microscopist 2,HSC,M
2163,0.2,0.0131530567956349,0.0131530567956349,42,1024,1024,1,../data/raw_data/young/03MYBL6/Exp03YBL6-41.czi,young,2.16608189462934,259155414,5.88452053070068,186,0,03MYBL6,2024,51,Microscopist 2,HSC,M
2164,0.2,0.0131530567956349,0.0131530567956349,39,1024,1024,1,../data/raw_data/young/03MYBL6/Exp3YBl6-42.czi,young,2.44532851777724,361677419,8.84416577754877,185,0,03MYBL6,2024,51,Microscopist 2,HSC,M
2165,0.2,0.0131530567956349,0.0131530567956349,39,1024,1024,1,../data/raw_data/young/03MYBL6/Exp3YBl6-43.czi,young,2.45238496063711,379997854,9.29215881152031,229,0,03MYBL6,2024,51,Microscopist 2,HSC,M
2166,0.2,0.0131530567956349,0.0131530567956349,38,1024,1024,1,../data/raw_data/young/03MYBL6/Exp3YBl6-44.czi,young,2.1916177652468,299669612,7.52071611504806,163,0,03MYBL6,2024,51,Microscopist 2,HSC,M
2167,0.2,0.0131530567956349,0.0131530567956349,38,1024,1024,1,../data/raw_data/young/03MYBL6/Exp3YBl6-45.czi,young,2.25243585016361,298585665,7.49351263046265,167,0,03MYBL6,2024,51,Microscopist 2,HSC,M
2168,0.2,0.0131530567956349,0.0131530567956349,42,1024,1024,1,../data/raw_data/young/03MYBL6/Exp3YBl6-46.czi,young,2.05368543867452,282403705,6.41240857896351,138,0,03MYBL6,2024,51,Microscopist 2,HSC,M
2169,0.2,0.0131530567956349,0.0131530567956349,43,1024,1024,1,../data/raw_data/young/03MYBL6/Exp3YBl6-47.czi,young,2.2462403530861,292616527,6.489787589672,132,0,03MYBL6,2024,51,Microscopist 2,HSC,M
2170,0.2,0.0131530567956349,0.0131530567956349,36,1024,1024,1,../data/raw_data/young/03MYBL6/Exp3YBl6-48.czi,young,2.21600018722872,261574322,6.92935313118829,137,0,03MYBL6,2024,51,Microscopist 2,HSC,M
2171,0.2,0.0131530567956349,0.0131530567956349,42,1024,1024,1,../data/raw_data/young/03MYBL6/Exp3YBl6-49.czi,young,1.95517117871233,209799752,4.76382464454288,113,0,03MYBL6,2024,51,Microscopist 2,HSC,M
2172,0.2,0.0131530567956349,0.0131530567956349,40,1024,1024,1,../data/raw_data/young/03MYBL6/Exp3YBl6-50.czi,young,2.0046280918575,202523001,4.82852461338043,99,0,03MYBL6,2024,51,Microscopist 2,HSC,M
2173,0.2,0.0131530567956349,0.0131530567956349,37,1024,1024,1,../data/raw_data/young/03MYBL6/Exp3YBl6-51.czi,young,1.99051520613776,243548881,6.277467908086,120,0,03MYBL6,2024,51,Microscopist 2,HSC,M
2174,0.2,0.0131530567956349,0.0131530567956349,47,1024,1024,1,../data/raw_data/young/20241016exp_20241023_Y_DAPI/Y-01.czi,young,1.67489473318104,442366944,8.97604240255153,255,0,20241016exp_20241023_Y_DAPI,2024,11,Microscopist 1,HSC,unknown
2175,0.2,0.0131530567956349,0.0131530567956349,37,1024,1024,1,../data/raw_data/young/20241016exp_20241023_Y_DAPI/Y-02.czi,young,1.68304281155038,522132463,13.4579545871632,255,0,20241016exp_20241023_Y_DAPI,2024,11,Microscopist 1,HSC,unknown
2176,0.2,0.0131530567956349,0.0131530567956349,39,1024,1024,1,../data/raw_data/young/20241016exp_20241023_Y_DAPI/Y-03.czi,young,1.74363020674008,448478298,10.9667239555946,255,0,20241016exp_20241023_Y_DAPI,2024,11,Microscopist 1,HSC,unknown
2177,0.2,0.0131530567956349,0.0131530567956349,42,1024,1024,1,../data/raw_data/young/20241016exp_20241023_Y_DAPI/Y-04.czi,young,1.7378342759907,457753706,10.3939988726661,255,0,20241016exp_20241023_Y_DAPI,2024,11,Microscopist 1,HSC,unknown
2178,0.2,0.0131530567956349,0.0131530567956349,49,1024,1024,1,../data/raw_data/young/20241016exp_20241023_Y_DAPI/Y-05.czi,young,1.66267261562704,480484338,9.35154229767468,255,0,20241016exp_20241023_Y_DAPI,2024,11,Microscopist 1,HSC,unknown
2179,0.2,0.0131530567956349,0.0131530567956349,39,1024,1024,1,../data/raw_data/young/20241016exp_20241023_Y_DAPI/Y-06.czi,young,1.73743470966256,487456658,11.9198691050212,255,0,20241016exp_20241023_Y_DAPI,2024,11,Microscopist 1,HSC,unknown
2180,0.2,0.0131530567956349,0.0131530567956349,46,1024,1024,1,../data/raw_data/young/20241016exp_20241023_Y_DAPI/Y-07.czi,young,1.67512542290815,445933617,9.24511820337047,255,0,20241016exp_20241023_Y_DAPI,2024,11,Microscopist 1,HSC,unknown
2181,0.2,0.0131530567956349,0.0131530567956349,39,1024,1024,1,../data/raw_data/young/20241016exp_20241023_Y_DAPI/Y-08.czi,young,1.56312853328147,374594721,9.16003498664269,255,0,20241016exp_20241023_Y_DAPI,2024,11,Microscopist 1,HSC,unknown
2182,0.2,0.0131530567956349,0.0131530567956349,49,1024,1024,1,../data/raw_data/young/20241016exp_20241023_Y_DAPI/Y-09.czi,young,1.59393714206801,360081511,7.00817324190724,255,0,20241016exp_20241023_Y_DAPI,2024,11,Microscopist 1,HSC,unknown
2183,0.2,0.0131530567956349,0.0131530567956349,42,1024,1024,1,../data/raw_data/young/20241016exp_20241023_Y_DAPI/Y-10.czi,young,1.72716517340038,408225976,9.2693959190732,255,0,20241016exp_20241023_Y_DAPI,2024,11,Microscopist 1,HSC,unknown
2184,0.2,0.0131530567956349,0.0131530567956349,46,1024,1024,1,../data/raw_data/young/20241016exp_20241023_Y_DAPI/Y-11.czi,young,1.66995974821402,465981679,9.66075563430786,255,0,20241016exp_20241023_Y_DAPI,2024,11,Microscopist 1,HSC,unknown
2185,0.2,0.0131530567956349,0.0131530567956349,47,1024,1024,1,../data/raw_data/young/20241016exp_20241024Y_DAPI/Y-01.czi,young,1.85993182527853,613996160,12.4585610247673,255,0,20241016exp_20241024Y_DAPI,2024,3,Microscopist 1,HSC,unknown
2186,0.2,0.0131530567956349,0.0131530567956349,50,1024,1024,1,../data/raw_data/young/20241016exp_20241024Y_DAPI/Y-02.czi,young,1.97037569994153,614690624,11.7242932128906,255,0,20241016exp_20241024Y_DAPI,2024,3,Microscopist 1,HSC,unknown
2187,0.2,0.0131530567956349,0.0131530567956349,44,1024,1024,1,../data/raw_data/young/20241016exp_20241024Y_DAPI/Y-11.czi,young,1.78626136675248,524227036,11.3623150045222,255,0,20241016exp_20241024Y_DAPI,2024,3,Microscopist 1,HSC,unknown
